selection_row_id,tranco_list_id,tranco_rank,tranco_domain,selection_seed,selection_rule,selection_timestamp,rank_band
tfv1:000001,26J39,10027,ciceksepeti.com,42,stratified uniform sample: 625 domains from each fixed rank band; Python random.Random(42),2026-08-20T12:17:41+00:00,10001-50000
tfv1:000002,26J39,10038,hotpic.me,42,stratified uniform sample: 625 domains from each fixed rank band; Python random.Random(42),2026-08-20T12:17:41+00:00,10001-50000
tfv1:000003,26J39,10111,contentstack.io,42,stratified uniform sample: 625 domains from each fixed rank band; Python random.Random(42),2026-08-20T12:17:41+00:00,10001-50000
tfv1:000004,26J39,10142,loteriasdehoy.co,42,stratified uniform sample: 625 domains from each fixed rank band; Python random.Random(42),2026-08-20T12:17:41+00:00,10001-50000
tfv1:000005,26J39,10213,google.li,42,stratified uniform sample: 625 domains from each fixed rank band; Python random.Random(42),2026-08-20T12:17:41+00:00,10001-50000
tfv1:000006,26J39,10233,u-money.money,42,stratified uniform sample: 625 domains from each fixed rank band; Python random.Random(42),2026-08-20T12:17:41+00:00,10001-50000
tfv1:000007,26J39,10364,pearltrees.com,42,stratified uniform sample: 625 domains from each fixed rank band; Python random.Random(42),2026-08-20T12:17:41+00:00,10001-50000
tfv1:000008,26J39,10387,google.dj,42,stratified uniform sample: 625 domains from each fixed rank band; Python random.Random(42),2026-08-20T12:17:41+00:00,10001-50000
tfv1:000009,26J39,10426,link.me,42,stratified uniform sample: 625 domains from each fixed rank band; Python random.Random(42),2026-08-20T12:17:41+00:00,10001-50000
tfv1:000010,26J39,10472,yahoosandbox.net,42,stratified uniform sample: 625 domains from each fixed rank band; Python random.Random(42),2026-08-20T12:17:41+00:00,10001-50000
tfv1:000011,26J39,10513,my-imcloud.com,42,stratified uniform sample: 625 domains from each fixed rank band; Python random.Random(42),2026-08-20T12:17:41+00:00,10001-50000
tfv1:000012,26J39,10611,shaw.ca,42,stratified uniform sample: 625 domains from each fixed rank band; Python random.Random(42),2026-08-20T12:17:41+00:00,10001-50000
tfv1:000013,26J39,10634,polovniautomobili.com,42,stratified uniform sample: 625 domains from each fixed rank band; Python random.Random(42),2026-08-20T12:17:41+00:00,10001-50000
tfv1:000014,26J39,10753,marxists.org,42,stratified uniform sample: 625 domains from each fixed rank band; Python random.Random(42),2026-08-20T12:17:41+00:00,10001-50000
tfv1:000015,26J39,10968,192.in-addr.arpa,42,stratified uniform sample: 625 domains from each fixed rank band; Python random.Random(42),2026-08-20T12:17:41+00:00,10001-50000
tfv1:000016,26J39,11271,voipbuster.com,42,stratified uniform sample: 625 domains from each fixed rank band; Python random.Random(42),2026-08-20T12:17:41+00:00,10001-50000
tfv1:000017,26J39,11277,feefo.com,42,stratified uniform sample: 625 domains from each fixed rank band; Python random.Random(42),2026-08-20T12:17:41+00:00,10001-50000
tfv1:000018,26J39,11281,pitchbook.com,42,stratified uniform sample: 625 domains from each fixed rank band; Python random.Random(42),2026-08-20T12:17:41+00:00,10001-50000
tfv1:000019,26J39,11379,zoomdev.us,42,stratified uniform sample: 625 domains from each fixed rank band; Python random.Random(42),2026-08-20T12:17:41+00:00,10001-50000
tfv1:000020,26J39,11551,honda.co.jp,42,stratified uniform sample: 625 domains from each fixed rank band; Python random.Random(42),2026-08-20T12:17:41+00:00,10001-50000
tfv1:000021,26J39,11601,omni.ru,42,stratified uniform sample: 625 domains from each fixed rank band; Python random.Random(42),2026-08-20T12:17:41+00:00,10001-50000
tfv1:000022,26J39,11625,jdpower.com,42,stratified uniform sample: 625 domains from each fixed rank band; Python random.Random(42),2026-08-20T12:17:41+00:00,10001-50000
tfv1:000023,26J39,11640,sportsplus.ph,42,stratified uniform sample: 625 domains from each fixed rank band; Python random.Random(42),2026-08-20T12:17:41+00:00,10001-50000
tfv1:000024,26J39,11740,zoznam.sk,42,stratified uniform sample: 625 domains from each fixed rank band; Python random.Random(42),2026-08-20T12:17:41+00:00,10001-50000
tfv1:000025,26J39,11768,atlanticcouncil.org,42,stratified uniform sample: 625 domains from each fixed rank band; Python random.Random(42),2026-08-20T12:17:41+00:00,10001-50000
tfv1:000026,26J39,11777,sinch.com,42,stratified uniform sample: 625 domains from each fixed rank band; Python random.Random(42),2026-08-20T12:17:41+00:00,10001-50000
tfv1:000027,26J39,11809,sport-express.ru,42,stratified uniform sample: 625 domains from each fixed rank band; Python random.Random(42),2026-08-20T12:17:41+00:00,10001-50000
tfv1:000028,26J39,11903,axiom.co,42,stratified uniform sample: 625 domains from each fixed rank band; Python random.Random(42),2026-08-20T12:17:41+00:00,10001-50000
tfv1:000029,26J39,11953,devpost.com,42,stratified uniform sample: 625 domains from each fixed rank band; Python random.Random(42),2026-08-20T12:17:41+00:00,10001-50000
tfv1:000030,26J39,12059,superwall.me,42,stratified uniform sample: 625 domains from each fixed rank band; Python random.Random(42),2026-08-20T12:17:41+00:00,10001-50000
tfv1:000031,26J39,12083,swatch.com,42,stratified uniform sample: 625 domains from each fixed rank band; Python random.Random(42),2026-08-20T12:17:41+00:00,10001-50000
tfv1:000032,26J39,12104,kodak.com,42,stratified uniform sample: 625 domains from each fixed rank band; Python random.Random(42),2026-08-20T12:17:41+00:00,10001-50000
tfv1:000033,26J39,12362,oszar.com,42,stratified uniform sample: 625 domains from each fixed rank band; Python random.Random(42),2026-08-20T12:17:41+00:00,10001-50000
tfv1:000034,26J39,12508,sovcloud.cn,42,stratified uniform sample: 625 domains from each fixed rank band; Python random.Random(42),2026-08-20T12:17:41+00:00,10001-50000
tfv1:000035,26J39,12538,smu.edu.sg,42,stratified uniform sample: 625 domains from each fixed rank band; Python random.Random(42),2026-08-20T12:17:41+00:00,10001-50000
tfv1:000036,26J39,12605,indiadafa.com,42,stratified uniform sample: 625 domains from each fixed rank band; Python random.Random(42),2026-08-20T12:17:41+00:00,10001-50000
tfv1:000037,26J39,12615,thepioneerwoman.com,42,stratified uniform sample: 625 domains from each fixed rank band; Python random.Random(42),2026-08-20T12:17:41+00:00,10001-50000
tfv1:000038,26J39,12742,china.org.cn,42,stratified uniform sample: 625 domains from each fixed rank band; Python random.Random(42),2026-08-20T12:17:41+00:00,10001-50000
tfv1:000039,26J39,12848,fozzy.com,42,stratified uniform sample: 625 domains from each fixed rank band; Python random.Random(42),2026-08-20T12:17:41+00:00,10001-50000
tfv1:000040,26J39,12890,i-mobile.co.jp,42,stratified uniform sample: 625 domains from each fixed rank band; Python random.Random(42),2026-08-20T12:17:41+00:00,10001-50000
tfv1:000041,26J39,12909,rakuten.tv,42,stratified uniform sample: 625 domains from each fixed rank band; Python random.Random(42),2026-08-20T12:17:41+00:00,10001-50000
tfv1:000042,26J39,13004,vegamovie.sl,42,stratified uniform sample: 625 domains from each fixed rank band; Python random.Random(42),2026-08-20T12:17:41+00:00,10001-50000
tfv1:000043,26J39,13029,mawartotozoro.com,42,stratified uniform sample: 625 domains from each fixed rank band; Python random.Random(42),2026-08-20T12:17:41+00:00,10001-50000
tfv1:000044,26J39,13088,syracuse.com,42,stratified uniform sample: 625 domains from each fixed rank band; Python random.Random(42),2026-08-20T12:17:41+00:00,10001-50000
tfv1:000045,26J39,13287,ja.net,42,stratified uniform sample: 625 domains from each fixed rank band; Python random.Random(42),2026-08-20T12:17:41+00:00,10001-50000
tfv1:000046,26J39,13292,korrespondent.net,42,stratified uniform sample: 625 domains from each fixed rank band; Python random.Random(42),2026-08-20T12:17:41+00:00,10001-50000
tfv1:000047,26J39,13296,canalplus.com,42,stratified uniform sample: 625 domains from each fixed rank band; Python random.Random(42),2026-08-20T12:17:41+00:00,10001-50000
tfv1:000048,26J39,13316,uclahealth.org,42,stratified uniform sample: 625 domains from each fixed rank band; Python random.Random(42),2026-08-20T12:17:41+00:00,10001-50000
tfv1:000049,26J39,13330,zerodha.com,42,stratified uniform sample: 625 domains from each fixed rank band; Python random.Random(42),2026-08-20T12:17:41+00:00,10001-50000
tfv1:000050,26J39,13551,ppcloudbackup.com,42,stratified uniform sample: 625 domains from each fixed rank band; Python random.Random(42),2026-08-20T12:17:41+00:00,10001-50000
tfv1:000051,26J39,13666,demonoid.ch,42,stratified uniform sample: 625 domains from each fixed rank band; Python random.Random(42),2026-08-20T12:17:41+00:00,10001-50000
tfv1:000052,26J39,13728,openart.ai,42,stratified uniform sample: 625 domains from each fixed rank band; Python random.Random(42),2026-08-20T12:17:41+00:00,10001-50000
tfv1:000053,26J39,13747,seek.com.au,42,stratified uniform sample: 625 domains from each fixed rank band; Python random.Random(42),2026-08-20T12:17:41+00:00,10001-50000
tfv1:000054,26J39,13797,cloud.globo,42,stratified uniform sample: 625 domains from each fixed rank band; Python random.Random(42),2026-08-20T12:17:41+00:00,10001-50000
tfv1:000055,26J39,13833,company.site,42,stratified uniform sample: 625 domains from each fixed rank band; Python random.Random(42),2026-08-20T12:17:41+00:00,10001-50000
tfv1:000056,26J39,13843,sitezoogle.com,42,stratified uniform sample: 625 domains from each fixed rank band; Python random.Random(42),2026-08-20T12:17:41+00:00,10001-50000
tfv1:000057,26J39,13859,drogaraia.com.br,42,stratified uniform sample: 625 domains from each fixed rank band; Python random.Random(42),2026-08-20T12:17:41+00:00,10001-50000
tfv1:000058,26J39,13973,love8.ltd,42,stratified uniform sample: 625 domains from each fixed rank band; Python random.Random(42),2026-08-20T12:17:41+00:00,10001-50000
tfv1:000059,26J39,13995,kan.org.il,42,stratified uniform sample: 625 domains from each fixed rank band; Python random.Random(42),2026-08-20T12:17:41+00:00,10001-50000
tfv1:000060,26J39,14081,packtpub.com,42,stratified uniform sample: 625 domains from each fixed rank band; Python random.Random(42),2026-08-20T12:17:41+00:00,10001-50000
tfv1:000061,26J39,14164,starott.com,42,stratified uniform sample: 625 domains from each fixed rank band; Python random.Random(42),2026-08-20T12:17:41+00:00,10001-50000
tfv1:000062,26J39,14197,fastpeoplesearch.com,42,stratified uniform sample: 625 domains from each fixed rank band; Python random.Random(42),2026-08-20T12:17:41+00:00,10001-50000
tfv1:000063,26J39,14210,europa.eu.int,42,stratified uniform sample: 625 domains from each fixed rank band; Python random.Random(42),2026-08-20T12:17:41+00:00,10001-50000
tfv1:000064,26J39,14338,books.com.tw,42,stratified uniform sample: 625 domains from each fixed rank band; Python random.Random(42),2026-08-20T12:17:41+00:00,10001-50000
tfv1:000065,26J39,14418,sc.com,42,stratified uniform sample: 625 domains from each fixed rank band; Python random.Random(42),2026-08-20T12:17:41+00:00,10001-50000
tfv1:000066,26J39,14454,216.in-addr.arpa,42,stratified uniform sample: 625 domains from each fixed rank band; Python random.Random(42),2026-08-20T12:17:41+00:00,10001-50000
tfv1:000067,26J39,14491,outcomes.net,42,stratified uniform sample: 625 domains from each fixed rank band; Python random.Random(42),2026-08-20T12:17:41+00:00,10001-50000
tfv1:000068,26J39,14509,nga.gov,42,stratified uniform sample: 625 domains from each fixed rank band; Python random.Random(42),2026-08-20T12:17:41+00:00,10001-50000
tfv1:000069,26J39,14536,compuserve.com,42,stratified uniform sample: 625 domains from each fixed rank band; Python random.Random(42),2026-08-20T12:17:41+00:00,10001-50000
tfv1:000070,26J39,14550,apps.mil,42,stratified uniform sample: 625 domains from each fixed rank band; Python random.Random(42),2026-08-20T12:17:41+00:00,10001-50000
tfv1:000071,26J39,14559,groups.io,42,stratified uniform sample: 625 domains from each fixed rank band; Python random.Random(42),2026-08-20T12:17:41+00:00,10001-50000
tfv1:000072,26J39,14586,hostiservices.com,42,stratified uniform sample: 625 domains from each fixed rank band; Python random.Random(42),2026-08-20T12:17:41+00:00,10001-50000
tfv1:000073,26J39,14644,g2afse.com,42,stratified uniform sample: 625 domains from each fixed rank band; Python random.Random(42),2026-08-20T12:17:41+00:00,10001-50000
tfv1:000074,26J39,14653,cgocable.net,42,stratified uniform sample: 625 domains from each fixed rank band; Python random.Random(42),2026-08-20T12:17:41+00:00,10001-50000
tfv1:000075,26J39,14680,upiral.com,42,stratified uniform sample: 625 domains from each fixed rank band; Python random.Random(42),2026-08-20T12:17:41+00:00,10001-50000
tfv1:000076,26J39,14755,edelman.com,42,stratified uniform sample: 625 domains from each fixed rank band; Python random.Random(42),2026-08-20T12:17:41+00:00,10001-50000
tfv1:000077,26J39,14773,simplecloud.ru,42,stratified uniform sample: 625 domains from each fixed rank band; Python random.Random(42),2026-08-20T12:17:41+00:00,10001-50000
tfv1:000078,26J39,14802,okex.org,42,stratified uniform sample: 625 domains from each fixed rank band; Python random.Random(42),2026-08-20T12:17:41+00:00,10001-50000
tfv1:000079,26J39,14932,gastronom.ru,42,stratified uniform sample: 625 domains from each fixed rank band; Python random.Random(42),2026-08-20T12:17:41+00:00,10001-50000
tfv1:000080,26J39,14941,artic.edu,42,stratified uniform sample: 625 domains from each fixed rank band; Python random.Random(42),2026-08-20T12:17:41+00:00,10001-50000
tfv1:000081,26J39,15078,ucpress.edu,42,stratified uniform sample: 625 domains from each fixed rank band; Python random.Random(42),2026-08-20T12:17:41+00:00,10001-50000
tfv1:000082,26J39,15162,amzndns.com,42,stratified uniform sample: 625 domains from each fixed rank band; Python random.Random(42),2026-08-20T12:17:41+00:00,10001-50000
tfv1:000083,26J39,15165,ens.fr,42,stratified uniform sample: 625 domains from each fixed rank band; Python random.Random(42),2026-08-20T12:17:41+00:00,10001-50000
tfv1:000084,26J39,15230,aboutyou.com,42,stratified uniform sample: 625 domains from each fixed rank band; Python random.Random(42),2026-08-20T12:17:41+00:00,10001-50000
tfv1:000085,26J39,15251,news1.kr,42,stratified uniform sample: 625 domains from each fixed rank band; Python random.Random(42),2026-08-20T12:17:41+00:00,10001-50000
tfv1:000086,26J39,15281,kunlunle.com,42,stratified uniform sample: 625 domains from each fixed rank band; Python random.Random(42),2026-08-20T12:17:41+00:00,10001-50000
tfv1:000087,26J39,15368,apollopharmacy.in,42,stratified uniform sample: 625 domains from each fixed rank band; Python random.Random(42),2026-08-20T12:17:41+00:00,10001-50000
tfv1:000088,26J39,15373,pushlycdn.com,42,stratified uniform sample: 625 domains from each fixed rank band; Python random.Random(42),2026-08-20T12:17:41+00:00,10001-50000
tfv1:000089,26J39,15502,joytraffic.net,42,stratified uniform sample: 625 domains from each fixed rank band; Python random.Random(42),2026-08-20T12:17:41+00:00,10001-50000
tfv1:000090,26J39,15558,ksu.edu,42,stratified uniform sample: 625 domains from each fixed rank band; Python random.Random(42),2026-08-20T12:17:41+00:00,10001-50000
tfv1:000091,26J39,15614,thg.com,42,stratified uniform sample: 625 domains from each fixed rank band; Python random.Random(42),2026-08-20T12:17:41+00:00,10001-50000
tfv1:000092,26J39,15698,gambling.com,42,stratified uniform sample: 625 domains from each fixed rank band; Python random.Random(42),2026-08-20T12:17:41+00:00,10001-50000
tfv1:000093,26J39,15958,jsdelivr.com,42,stratified uniform sample: 625 domains from each fixed rank band; Python random.Random(42),2026-08-20T12:17:41+00:00,10001-50000
tfv1:000094,26J39,16049,ntp-servers.net,42,stratified uniform sample: 625 domains from each fixed rank band; Python random.Random(42),2026-08-20T12:17:41+00:00,10001-50000
tfv1:000095,26J39,16079,takashimaya.co.jp,42,stratified uniform sample: 625 domains from each fixed rank band; Python random.Random(42),2026-08-20T12:17:41+00:00,10001-50000
tfv1:000096,26J39,16113,iserv.eu,42,stratified uniform sample: 625 domains from each fixed rank band; Python random.Random(42),2026-08-20T12:17:41+00:00,10001-50000
tfv1:000097,26J39,16121,duden.de,42,stratified uniform sample: 625 domains from each fixed rank band; Python random.Random(42),2026-08-20T12:17:41+00:00,10001-50000
tfv1:000098,26J39,16141,juspay.in,42,stratified uniform sample: 625 domains from each fixed rank band; Python random.Random(42),2026-08-20T12:17:41+00:00,10001-50000
tfv1:000099,26J39,16182,ksyunv5.com,42,stratified uniform sample: 625 domains from each fixed rank band; Python random.Random(42),2026-08-20T12:17:41+00:00,10001-50000
tfv1:000100,26J39,16339,semver.org,42,stratified uniform sample: 625 domains from each fixed rank band; Python random.Random(42),2026-08-20T12:17:41+00:00,10001-50000
tfv1:000101,26J39,16353,xn----ztbcbceder.net,42,stratified uniform sample: 625 domains from each fixed rank band; Python random.Random(42),2026-08-20T12:17:41+00:00,10001-50000
tfv1:000102,26J39,16417,approovr.io,42,stratified uniform sample: 625 domains from each fixed rank band; Python random.Random(42),2026-08-20T12:17:41+00:00,10001-50000
tfv1:000103,26J39,16450,mapgenie.io,42,stratified uniform sample: 625 domains from each fixed rank band; Python random.Random(42),2026-08-20T12:17:41+00:00,10001-50000
tfv1:000104,26J39,16553,dailyrazor.com,42,stratified uniform sample: 625 domains from each fixed rank band; Python random.Random(42),2026-08-20T12:17:41+00:00,10001-50000
tfv1:000105,26J39,16620,nic.club,42,stratified uniform sample: 625 domains from each fixed rank band; Python random.Random(42),2026-08-20T12:17:41+00:00,10001-50000
tfv1:000106,26J39,16699,yapigames.com,42,stratified uniform sample: 625 domains from each fixed rank band; Python random.Random(42),2026-08-20T12:17:41+00:00,10001-50000
tfv1:000107,26J39,16718,buffalonews.com,42,stratified uniform sample: 625 domains from each fixed rank band; Python random.Random(42),2026-08-20T12:17:41+00:00,10001-50000
tfv1:000108,26J39,16737,engie.fr,42,stratified uniform sample: 625 domains from each fixed rank band; Python random.Random(42),2026-08-20T12:17:41+00:00,10001-50000
tfv1:000109,26J39,16789,hts.ru,42,stratified uniform sample: 625 domains from each fixed rank band; Python random.Random(42),2026-08-20T12:17:41+00:00,10001-50000
tfv1:000110,26J39,16974,casinolead.ca,42,stratified uniform sample: 625 domains from each fixed rank band; Python random.Random(42),2026-08-20T12:17:41+00:00,10001-50000
tfv1:000111,26J39,16986,rareanimes.mov,42,stratified uniform sample: 625 domains from each fixed rank band; Python random.Random(42),2026-08-20T12:17:41+00:00,10001-50000
tfv1:000112,26J39,17015,semafor.com,42,stratified uniform sample: 625 domains from each fixed rank band; Python random.Random(42),2026-08-20T12:17:41+00:00,10001-50000
tfv1:000113,26J39,17085,heavyfetish.com,42,stratified uniform sample: 625 domains from each fixed rank band; Python random.Random(42),2026-08-20T12:17:41+00:00,10001-50000
tfv1:000114,26J39,17105,fhaccess.com,42,stratified uniform sample: 625 domains from each fixed rank band; Python random.Random(42),2026-08-20T12:17:41+00:00,10001-50000
tfv1:000115,26J39,17162,cervantesvirtual.com,42,stratified uniform sample: 625 domains from each fixed rank band; Python random.Random(42),2026-08-20T12:17:41+00:00,10001-50000
tfv1:000116,26J39,17186,rhinoyy.net,42,stratified uniform sample: 625 domains from each fixed rank band; Python random.Random(42),2026-08-20T12:17:41+00:00,10001-50000
tfv1:000117,26J39,17297,occ.com.mx,42,stratified uniform sample: 625 domains from each fixed rank band; Python random.Random(42),2026-08-20T12:17:41+00:00,10001-50000
tfv1:000118,26J39,17311,sinopec.com,42,stratified uniform sample: 625 domains from each fixed rank band; Python random.Random(42),2026-08-20T12:17:41+00:00,10001-50000
tfv1:000119,26J39,17332,byteigtm.com,42,stratified uniform sample: 625 domains from each fixed rank band; Python random.Random(42),2026-08-20T12:17:41+00:00,10001-50000
tfv1:000120,26J39,17508,start.me,42,stratified uniform sample: 625 domains from each fixed rank band; Python random.Random(42),2026-08-20T12:17:41+00:00,10001-50000
tfv1:000121,26J39,17560,kyivindependent.com,42,stratified uniform sample: 625 domains from each fixed rank band; Python random.Random(42),2026-08-20T12:17:41+00:00,10001-50000
tfv1:000122,26J39,17565,ellenmacarthurfoundation.org,42,stratified uniform sample: 625 domains from each fixed rank band; Python random.Random(42),2026-08-20T12:17:41+00:00,10001-50000
tfv1:000123,26J39,17579,duapps.com,42,stratified uniform sample: 625 domains from each fixed rank band; Python random.Random(42),2026-08-20T12:17:41+00:00,10001-50000
tfv1:000124,26J39,17857,hexnodemdm.com,42,stratified uniform sample: 625 domains from each fixed rank band; Python random.Random(42),2026-08-20T12:17:41+00:00,10001-50000
tfv1:000125,26J39,17931,hunan.gov.cn,42,stratified uniform sample: 625 domains from each fixed rank band; Python random.Random(42),2026-08-20T12:17:41+00:00,10001-50000
tfv1:000126,26J39,17954,minergate.com,42,stratified uniform sample: 625 domains from each fixed rank band; Python random.Random(42),2026-08-20T12:17:41+00:00,10001-50000
tfv1:000127,26J39,18168,4399.com,42,stratified uniform sample: 625 domains from each fixed rank band; Python random.Random(42),2026-08-20T12:17:41+00:00,10001-50000
tfv1:000128,26J39,18181,novofon.ru,42,stratified uniform sample: 625 domains from each fixed rank band; Python random.Random(42),2026-08-20T12:17:41+00:00,10001-50000
tfv1:000129,26J39,18242,topcv.vn,42,stratified uniform sample: 625 domains from each fixed rank band; Python random.Random(42),2026-08-20T12:17:41+00:00,10001-50000
tfv1:000130,26J39,18342,aws-cbc.cloud,42,stratified uniform sample: 625 domains from each fixed rank band; Python random.Random(42),2026-08-20T12:17:41+00:00,10001-50000
tfv1:000131,26J39,18353,empireonline.com,42,stratified uniform sample: 625 domains from each fixed rank band; Python random.Random(42),2026-08-20T12:17:41+00:00,10001-50000
tfv1:000132,26J39,18365,openrent.co.uk,42,stratified uniform sample: 625 domains from each fixed rank band; Python random.Random(42),2026-08-20T12:17:41+00:00,10001-50000
tfv1:000133,26J39,18415,createsend.com,42,stratified uniform sample: 625 domains from each fixed rank band; Python random.Random(42),2026-08-20T12:17:41+00:00,10001-50000
tfv1:000134,26J39,18574,punchh.com,42,stratified uniform sample: 625 domains from each fixed rank band; Python random.Random(42),2026-08-20T12:17:41+00:00,10001-50000
tfv1:000135,26J39,18578,notability.com,42,stratified uniform sample: 625 domains from each fixed rank band; Python random.Random(42),2026-08-20T12:17:41+00:00,10001-50000
tfv1:000136,26J39,18672,roland.com,42,stratified uniform sample: 625 domains from each fixed rank band; Python random.Random(42),2026-08-20T12:17:41+00:00,10001-50000
tfv1:000137,26J39,18681,dns.net.za,42,stratified uniform sample: 625 domains from each fixed rank band; Python random.Random(42),2026-08-20T12:17:41+00:00,10001-50000
tfv1:000138,26J39,18739,n26.com,42,stratified uniform sample: 625 domains from each fixed rank band; Python random.Random(42),2026-08-20T12:17:41+00:00,10001-50000
tfv1:000139,26J39,18801,phantixgames.com,42,stratified uniform sample: 625 domains from each fixed rank band; Python random.Random(42),2026-08-20T12:17:41+00:00,10001-50000
tfv1:000140,26J39,18894,meshify.cloud,42,stratified uniform sample: 625 domains from each fixed rank band; Python random.Random(42),2026-08-20T12:17:41+00:00,10001-50000
tfv1:000141,26J39,19066,cartrawler.com,42,stratified uniform sample: 625 domains from each fixed rank band; Python random.Random(42),2026-08-20T12:17:41+00:00,10001-50000
tfv1:000142,26J39,19069,gtt.net,42,stratified uniform sample: 625 domains from each fixed rank band; Python random.Random(42),2026-08-20T12:17:41+00:00,10001-50000
tfv1:000143,26J39,19145,abebookscdn.com,42,stratified uniform sample: 625 domains from each fixed rank band; Python random.Random(42),2026-08-20T12:17:41+00:00,10001-50000
tfv1:000144,26J39,19151,mikecrm.com,42,stratified uniform sample: 625 domains from each fixed rank band; Python random.Random(42),2026-08-20T12:17:41+00:00,10001-50000
tfv1:000145,26J39,19187,clustrmaps.com,42,stratified uniform sample: 625 domains from each fixed rank band; Python random.Random(42),2026-08-20T12:17:41+00:00,10001-50000
tfv1:000146,26J39,19364,clien.net,42,stratified uniform sample: 625 domains from each fixed rank band; Python random.Random(42),2026-08-20T12:17:41+00:00,10001-50000
tfv1:000147,26J39,19657,handbrake.fr,42,stratified uniform sample: 625 domains from each fixed rank band; Python random.Random(42),2026-08-20T12:17:41+00:00,10001-50000
tfv1:000148,26J39,19672,oneadtag.com,42,stratified uniform sample: 625 domains from each fixed rank band; Python random.Random(42),2026-08-20T12:17:41+00:00,10001-50000
tfv1:000149,26J39,19706,iconscout.com,42,stratified uniform sample: 625 domains from each fixed rank band; Python random.Random(42),2026-08-20T12:17:41+00:00,10001-50000
tfv1:000150,26J39,19769,biliapi.com,42,stratified uniform sample: 625 domains from each fixed rank band; Python random.Random(42),2026-08-20T12:17:41+00:00,10001-50000
tfv1:000151,26J39,19885,swaven.com,42,stratified uniform sample: 625 domains from each fixed rank band; Python random.Random(42),2026-08-20T12:17:41+00:00,10001-50000
tfv1:000152,26J39,20015,amiami.jp,42,stratified uniform sample: 625 domains from each fixed rank band; Python random.Random(42),2026-08-20T12:17:41+00:00,10001-50000
tfv1:000153,26J39,20017,pbiaas.com,42,stratified uniform sample: 625 domains from each fixed rank band; Python random.Random(42),2026-08-20T12:17:41+00:00,10001-50000
tfv1:000154,26J39,20129,flashscore.com.tr,42,stratified uniform sample: 625 domains from each fixed rank band; Python random.Random(42),2026-08-20T12:17:41+00:00,10001-50000
tfv1:000155,26J39,20145,entergy.com,42,stratified uniform sample: 625 domains from each fixed rank band; Python random.Random(42),2026-08-20T12:17:41+00:00,10001-50000
tfv1:000156,26J39,20188,photozou.jp,42,stratified uniform sample: 625 domains from each fixed rank band; Python random.Random(42),2026-08-20T12:17:41+00:00,10001-50000
tfv1:000157,26J39,20190,celebjihad.com,42,stratified uniform sample: 625 domains from each fixed rank band; Python random.Random(42),2026-08-20T12:17:41+00:00,10001-50000
tfv1:000158,26J39,20318,utu.fi,42,stratified uniform sample: 625 domains from each fixed rank band; Python random.Random(42),2026-08-20T12:17:41+00:00,10001-50000
tfv1:000159,26J39,20339,max.porn,42,stratified uniform sample: 625 domains from each fixed rank band; Python random.Random(42),2026-08-20T12:17:41+00:00,10001-50000
tfv1:000160,26J39,20366,live-website.com,42,stratified uniform sample: 625 domains from each fixed rank band; Python random.Random(42),2026-08-20T12:17:41+00:00,10001-50000
tfv1:000161,26J39,20431,amis.net,42,stratified uniform sample: 625 domains from each fixed rank band; Python random.Random(42),2026-08-20T12:17:41+00:00,10001-50000
tfv1:000162,26J39,20434,wialon.com,42,stratified uniform sample: 625 domains from each fixed rank band; Python random.Random(42),2026-08-20T12:17:41+00:00,10001-50000
tfv1:000163,26J39,20464,typo3.org,42,stratified uniform sample: 625 domains from each fixed rank band; Python random.Random(42),2026-08-20T12:17:41+00:00,10001-50000
tfv1:000164,26J39,20485,wpxhosting.com,42,stratified uniform sample: 625 domains from each fixed rank band; Python random.Random(42),2026-08-20T12:17:41+00:00,10001-50000
tfv1:000165,26J39,20588,gigazine.net,42,stratified uniform sample: 625 domains from each fixed rank band; Python random.Random(42),2026-08-20T12:17:41+00:00,10001-50000
tfv1:000166,26J39,20590,aifaceswap.io,42,stratified uniform sample: 625 domains from each fixed rank band; Python random.Random(42),2026-08-20T12:17:41+00:00,10001-50000
tfv1:000167,26J39,20650,htmlcodex.com,42,stratified uniform sample: 625 domains from each fixed rank band; Python random.Random(42),2026-08-20T12:17:41+00:00,10001-50000
tfv1:000168,26J39,20660,askdiandian.com,42,stratified uniform sample: 625 domains from each fixed rank band; Python random.Random(42),2026-08-20T12:17:41+00:00,10001-50000
tfv1:000169,26J39,20709,bizible.com,42,stratified uniform sample: 625 domains from each fixed rank band; Python random.Random(42),2026-08-20T12:17:41+00:00,10001-50000
tfv1:000170,26J39,20790,tapmad.com,42,stratified uniform sample: 625 domains from each fixed rank band; Python random.Random(42),2026-08-20T12:17:41+00:00,10001-50000
tfv1:000171,26J39,20817,kwaionline.com,42,stratified uniform sample: 625 domains from each fixed rank band; Python random.Random(42),2026-08-20T12:17:41+00:00,10001-50000
tfv1:000172,26J39,20822,tractive.com,42,stratified uniform sample: 625 domains from each fixed rank band; Python random.Random(42),2026-08-20T12:17:41+00:00,10001-50000
tfv1:000173,26J39,20900,shafa.ua,42,stratified uniform sample: 625 domains from each fixed rank band; Python random.Random(42),2026-08-20T12:17:41+00:00,10001-50000
tfv1:000174,26J39,21121,k5a.io,42,stratified uniform sample: 625 domains from each fixed rank band; Python random.Random(42),2026-08-20T12:17:41+00:00,10001-50000
tfv1:000175,26J39,21216,cirion.live,42,stratified uniform sample: 625 domains from each fixed rank band; Python random.Random(42),2026-08-20T12:17:41+00:00,10001-50000
tfv1:000176,26J39,21406,pasteur.fr,42,stratified uniform sample: 625 domains from each fixed rank band; Python random.Random(42),2026-08-20T12:17:41+00:00,10001-50000
tfv1:000177,26J39,21527,nld.com.vn,42,stratified uniform sample: 625 domains from each fixed rank band; Python random.Random(42),2026-08-20T12:17:41+00:00,10001-50000
tfv1:000178,26J39,21604,wikidex.net,42,stratified uniform sample: 625 domains from each fixed rank band; Python random.Random(42),2026-08-20T12:17:41+00:00,10001-50000
tfv1:000179,26J39,21703,fashion-press.net,42,stratified uniform sample: 625 domains from each fixed rank band; Python random.Random(42),2026-08-20T12:17:41+00:00,10001-50000
tfv1:000180,26J39,21709,progoroduhta.ru,42,stratified uniform sample: 625 domains from each fixed rank band; Python random.Random(42),2026-08-20T12:17:41+00:00,10001-50000
tfv1:000181,26J39,21755,747.live,42,stratified uniform sample: 625 domains from each fixed rank band; Python random.Random(42),2026-08-20T12:17:41+00:00,10001-50000
tfv1:000182,26J39,21910,janeapp.net,42,stratified uniform sample: 625 domains from each fixed rank band; Python random.Random(42),2026-08-20T12:17:41+00:00,10001-50000
tfv1:000183,26J39,22026,selfip.com,42,stratified uniform sample: 625 domains from each fixed rank band; Python random.Random(42),2026-08-20T12:17:41+00:00,10001-50000
tfv1:000184,26J39,22179,meganameservers.com,42,stratified uniform sample: 625 domains from each fixed rank band; Python random.Random(42),2026-08-20T12:17:41+00:00,10001-50000
tfv1:000185,26J39,22446,foiz.pro,42,stratified uniform sample: 625 domains from each fixed rank band; Python random.Random(42),2026-08-20T12:17:41+00:00,10001-50000
tfv1:000186,26J39,22458,burgerpixel.net,42,stratified uniform sample: 625 domains from each fixed rank band; Python random.Random(42),2026-08-20T12:17:41+00:00,10001-50000
tfv1:000187,26J39,22466,fark.com,42,stratified uniform sample: 625 domains from each fixed rank band; Python random.Random(42),2026-08-20T12:17:41+00:00,10001-50000
tfv1:000188,26J39,22479,itemfix.com,42,stratified uniform sample: 625 domains from each fixed rank band; Python random.Random(42),2026-08-20T12:17:41+00:00,10001-50000
tfv1:000189,26J39,22557,musickordi.com,42,stratified uniform sample: 625 domains from each fixed rank band; Python random.Random(42),2026-08-20T12:17:41+00:00,10001-50000
tfv1:000190,26J39,22573,duetdisplay.com,42,stratified uniform sample: 625 domains from each fixed rank band; Python random.Random(42),2026-08-20T12:17:41+00:00,10001-50000
tfv1:000191,26J39,22602,ird.fr,42,stratified uniform sample: 625 domains from each fixed rank band; Python random.Random(42),2026-08-20T12:17:41+00:00,10001-50000
tfv1:000192,26J39,22657,yaeby.com.ua,42,stratified uniform sample: 625 domains from each fixed rank band; Python random.Random(42),2026-08-20T12:17:41+00:00,10001-50000
tfv1:000193,26J39,22743,bet365.pe,42,stratified uniform sample: 625 domains from each fixed rank band; Python random.Random(42),2026-08-20T12:17:41+00:00,10001-50000
tfv1:000194,26J39,22913,roboshadow.com,42,stratified uniform sample: 625 domains from each fixed rank band; Python random.Random(42),2026-08-20T12:17:41+00:00,10001-50000
tfv1:000195,26J39,23032,jeetbuzz.cc,42,stratified uniform sample: 625 domains from each fixed rank band; Python random.Random(42),2026-08-20T12:17:41+00:00,10001-50000
tfv1:000196,26J39,23036,1668manga.com,42,stratified uniform sample: 625 domains from each fixed rank band; Python random.Random(42),2026-08-20T12:17:41+00:00,10001-50000
tfv1:000197,26J39,23051,nitacashhub.com,42,stratified uniform sample: 625 domains from each fixed rank band; Python random.Random(42),2026-08-20T12:17:41+00:00,10001-50000
tfv1:000198,26J39,23080,atrungroi.com,42,stratified uniform sample: 625 domains from each fixed rank band; Python random.Random(42),2026-08-20T12:17:41+00:00,10001-50000
tfv1:000199,26J39,23183,bdxvideohd.com,42,stratified uniform sample: 625 domains from each fixed rank band; Python random.Random(42),2026-08-20T12:17:41+00:00,10001-50000
tfv1:000200,26J39,23343,sports.bet.ar,42,stratified uniform sample: 625 domains from each fixed rank band; Python random.Random(42),2026-08-20T12:17:41+00:00,10001-50000
tfv1:000201,26J39,23387,mca.gov.cn,42,stratified uniform sample: 625 domains from each fixed rank band; Python random.Random(42),2026-08-20T12:17:41+00:00,10001-50000
tfv1:000202,26J39,23556,khabar.bet,42,stratified uniform sample: 625 domains from each fixed rank band; Python random.Random(42),2026-08-20T12:17:41+00:00,10001-50000
tfv1:000203,26J39,23731,inadsexchange.com,42,stratified uniform sample: 625 domains from each fixed rank band; Python random.Random(42),2026-08-20T12:17:41+00:00,10001-50000
tfv1:000204,26J39,23768,aspendiscovery.org,42,stratified uniform sample: 625 domains from each fixed rank band; Python random.Random(42),2026-08-20T12:17:41+00:00,10001-50000
tfv1:000205,26J39,23775,chrysler.com,42,stratified uniform sample: 625 domains from each fixed rank band; Python random.Random(42),2026-08-20T12:17:41+00:00,10001-50000
tfv1:000206,26J39,23804,neurosciencenews.com,42,stratified uniform sample: 625 domains from each fixed rank band; Python random.Random(42),2026-08-20T12:17:41+00:00,10001-50000
tfv1:000207,26J39,23827,funix.nl,42,stratified uniform sample: 625 domains from each fixed rank band; Python random.Random(42),2026-08-20T12:17:41+00:00,10001-50000
tfv1:000208,26J39,23872,gather.town,42,stratified uniform sample: 625 domains from each fixed rank band; Python random.Random(42),2026-08-20T12:17:41+00:00,10001-50000
tfv1:000209,26J39,23881,jacksonville.com,42,stratified uniform sample: 625 domains from each fixed rank band; Python random.Random(42),2026-08-20T12:17:41+00:00,10001-50000
tfv1:000210,26J39,23935,hardwarezone.com.sg,42,stratified uniform sample: 625 domains from each fixed rank band; Python random.Random(42),2026-08-20T12:17:41+00:00,10001-50000
tfv1:000211,26J39,23970,dataliberation.org,42,stratified uniform sample: 625 domains from each fixed rank band; Python random.Random(42),2026-08-20T12:17:41+00:00,10001-50000
tfv1:000212,26J39,24006,sandiegozoo.org,42,stratified uniform sample: 625 domains from each fixed rank band; Python random.Random(42),2026-08-20T12:17:41+00:00,10001-50000
tfv1:000213,26J39,24009,uib.es,42,stratified uniform sample: 625 domains from each fixed rank band; Python random.Random(42),2026-08-20T12:17:41+00:00,10001-50000
tfv1:000214,26J39,24022,webhostingireland.ie,42,stratified uniform sample: 625 domains from each fixed rank band; Python random.Random(42),2026-08-20T12:17:41+00:00,10001-50000
tfv1:000215,26J39,24041,snapmaker.com,42,stratified uniform sample: 625 domains from each fixed rank band; Python random.Random(42),2026-08-20T12:17:41+00:00,10001-50000
tfv1:000216,26J39,24111,sbcloud.us,42,stratified uniform sample: 625 domains from each fixed rank band; Python random.Random(42),2026-08-20T12:17:41+00:00,10001-50000
tfv1:000217,26J39,24268,nic.no,42,stratified uniform sample: 625 domains from each fixed rank band; Python random.Random(42),2026-08-20T12:17:41+00:00,10001-50000
tfv1:000218,26J39,24329,jacc.org,42,stratified uniform sample: 625 domains from each fixed rank band; Python random.Random(42),2026-08-20T12:17:41+00:00,10001-50000
tfv1:000219,26J39,24342,craiyon.com,42,stratified uniform sample: 625 domains from each fixed rank band; Python random.Random(42),2026-08-20T12:17:41+00:00,10001-50000
tfv1:000220,26J39,24374,ausfreeslots.com,42,stratified uniform sample: 625 domains from each fixed rank band; Python random.Random(42),2026-08-20T12:17:41+00:00,10001-50000
tfv1:000221,26J39,24381,encar.com,42,stratified uniform sample: 625 domains from each fixed rank band; Python random.Random(42),2026-08-20T12:17:41+00:00,10001-50000
tfv1:000222,26J39,24393,evaair.com,42,stratified uniform sample: 625 domains from each fixed rank band; Python random.Random(42),2026-08-20T12:17:41+00:00,10001-50000
tfv1:000223,26J39,24433,bibledns.com,42,stratified uniform sample: 625 domains from each fixed rank band; Python random.Random(42),2026-08-20T12:17:41+00:00,10001-50000
tfv1:000224,26J39,24447,kaik.ai,42,stratified uniform sample: 625 domains from each fixed rank band; Python random.Random(42),2026-08-20T12:17:41+00:00,10001-50000
tfv1:000225,26J39,24454,occrp.org,42,stratified uniform sample: 625 domains from each fixed rank band; Python random.Random(42),2026-08-20T12:17:41+00:00,10001-50000
tfv1:000226,26J39,24578,hotel-bb.com,42,stratified uniform sample: 625 domains from each fixed rank band; Python random.Random(42),2026-08-20T12:17:41+00:00,10001-50000
tfv1:000227,26J39,24610,newyorklife.com,42,stratified uniform sample: 625 domains from each fixed rank band; Python random.Random(42),2026-08-20T12:17:41+00:00,10001-50000
tfv1:000228,26J39,24629,tts-group.co.uk,42,stratified uniform sample: 625 domains from each fixed rank band; Python random.Random(42),2026-08-20T12:17:41+00:00,10001-50000
tfv1:000229,26J39,24723,astron.nl,42,stratified uniform sample: 625 domains from each fixed rank band; Python random.Random(42),2026-08-20T12:17:41+00:00,10001-50000
tfv1:000230,26J39,24726,papermc.io,42,stratified uniform sample: 625 domains from each fixed rank band; Python random.Random(42),2026-08-20T12:17:41+00:00,10001-50000
tfv1:000231,26J39,24916,u2uyu876x.com,42,stratified uniform sample: 625 domains from each fixed rank band; Python random.Random(42),2026-08-20T12:17:41+00:00,10001-50000
tfv1:000232,26J39,24936,webhostinghub.com,42,stratified uniform sample: 625 domains from each fixed rank band; Python random.Random(42),2026-08-20T12:17:41+00:00,10001-50000
tfv1:000233,26J39,25004,binance.bh,42,stratified uniform sample: 625 domains from each fixed rank band; Python random.Random(42),2026-08-20T12:17:41+00:00,10001-50000
tfv1:000234,26J39,25011,solarcity.com,42,stratified uniform sample: 625 domains from each fixed rank band; Python random.Random(42),2026-08-20T12:17:41+00:00,10001-50000
tfv1:000235,26J39,25081,startersites.io,42,stratified uniform sample: 625 domains from each fixed rank band; Python random.Random(42),2026-08-20T12:17:41+00:00,10001-50000
tfv1:000236,26J39,25156,iis.net,42,stratified uniform sample: 625 domains from each fixed rank band; Python random.Random(42),2026-08-20T12:17:41+00:00,10001-50000
tfv1:000237,26J39,25248,travelclick.com,42,stratified uniform sample: 625 domains from each fixed rank band; Python random.Random(42),2026-08-20T12:17:41+00:00,10001-50000
tfv1:000238,26J39,25257,photorecoverplus.com,42,stratified uniform sample: 625 domains from each fixed rank band; Python random.Random(42),2026-08-20T12:17:41+00:00,10001-50000
tfv1:000239,26J39,25368,americanthinker.com,42,stratified uniform sample: 625 domains from each fixed rank band; Python random.Random(42),2026-08-20T12:17:41+00:00,10001-50000
tfv1:000240,26J39,25393,yorkshirepost.co.uk,42,stratified uniform sample: 625 domains from each fixed rank band; Python random.Random(42),2026-08-20T12:17:41+00:00,10001-50000
tfv1:000241,26J39,25415,redis-cloud.com,42,stratified uniform sample: 625 domains from each fixed rank band; Python random.Random(42),2026-08-20T12:17:41+00:00,10001-50000
tfv1:000242,26J39,25492,bnef.com,42,stratified uniform sample: 625 domains from each fixed rank band; Python random.Random(42),2026-08-20T12:17:41+00:00,10001-50000
tfv1:000243,26J39,25515,experiment.com,42,stratified uniform sample: 625 domains from each fixed rank band; Python random.Random(42),2026-08-20T12:17:41+00:00,10001-50000
tfv1:000244,26J39,25598,ftvproxy.com,42,stratified uniform sample: 625 domains from each fixed rank band; Python random.Random(42),2026-08-20T12:17:41+00:00,10001-50000
tfv1:000245,26J39,25643,ing.nl,42,stratified uniform sample: 625 domains from each fixed rank band; Python random.Random(42),2026-08-20T12:17:41+00:00,10001-50000
tfv1:000246,26J39,25680,tvp.tv,42,stratified uniform sample: 625 domains from each fixed rank band; Python random.Random(42),2026-08-20T12:17:41+00:00,10001-50000
tfv1:000247,26J39,25693,pdq.com,42,stratified uniform sample: 625 domains from each fixed rank band; Python random.Random(42),2026-08-20T12:17:41+00:00,10001-50000
tfv1:000248,26J39,25786,mef.gov.it,42,stratified uniform sample: 625 domains from each fixed rank band; Python random.Random(42),2026-08-20T12:17:41+00:00,10001-50000
tfv1:000249,26J39,25926,cedars-sinai.org,42,stratified uniform sample: 625 domains from each fixed rank band; Python random.Random(42),2026-08-20T12:17:41+00:00,10001-50000
tfv1:000250,26J39,25990,cytracom.net,42,stratified uniform sample: 625 domains from each fixed rank band; Python random.Random(42),2026-08-20T12:17:41+00:00,10001-50000
tfv1:000251,26J39,26010,romania-webhosting.com,42,stratified uniform sample: 625 domains from each fixed rank band; Python random.Random(42),2026-08-20T12:17:41+00:00,10001-50000
tfv1:000252,26J39,26044,ridgwayband.com,42,stratified uniform sample: 625 domains from each fixed rank band; Python random.Random(42),2026-08-20T12:17:41+00:00,10001-50000
tfv1:000253,26J39,26047,nextgov.com,42,stratified uniform sample: 625 domains from each fixed rank band; Python random.Random(42),2026-08-20T12:17:41+00:00,10001-50000
tfv1:000254,26J39,26050,awsdns-07.org,42,stratified uniform sample: 625 domains from each fixed rank band; Python random.Random(42),2026-08-20T12:17:41+00:00,10001-50000
tfv1:000255,26J39,26136,tripster.ru,42,stratified uniform sample: 625 domains from each fixed rank band; Python random.Random(42),2026-08-20T12:17:41+00:00,10001-50000
tfv1:000256,26J39,26163,dataprotection.ie,42,stratified uniform sample: 625 domains from each fixed rank band; Python random.Random(42),2026-08-20T12:17:41+00:00,10001-50000
tfv1:000257,26J39,26204,garmtech.com,42,stratified uniform sample: 625 domains from each fixed rank band; Python random.Random(42),2026-08-20T12:17:41+00:00,10001-50000
tfv1:000258,26J39,26247,pldt.net,42,stratified uniform sample: 625 domains from each fixed rank band; Python random.Random(42),2026-08-20T12:17:41+00:00,10001-50000
tfv1:000259,26J39,26264,fastdns.hosting,42,stratified uniform sample: 625 domains from each fixed rank band; Python random.Random(42),2026-08-20T12:17:41+00:00,10001-50000
tfv1:000260,26J39,26296,chordie.com,42,stratified uniform sample: 625 domains from each fixed rank band; Python random.Random(42),2026-08-20T12:17:41+00:00,10001-50000
tfv1:000261,26J39,26332,jooaniot.com,42,stratified uniform sample: 625 domains from each fixed rank band; Python random.Random(42),2026-08-20T12:17:41+00:00,10001-50000
tfv1:000262,26J39,26354,optifine.net,42,stratified uniform sample: 625 domains from each fixed rank band; Python random.Random(42),2026-08-20T12:17:41+00:00,10001-50000
tfv1:000263,26J39,26372,modmedapp.com,42,stratified uniform sample: 625 domains from each fixed rank band; Python random.Random(42),2026-08-20T12:17:41+00:00,10001-50000
tfv1:000264,26J39,26458,who.is,42,stratified uniform sample: 625 domains from each fixed rank band; Python random.Random(42),2026-08-20T12:17:41+00:00,10001-50000
tfv1:000265,26J39,26477,monobank.com.ua,42,stratified uniform sample: 625 domains from each fixed rank band; Python random.Random(42),2026-08-20T12:17:41+00:00,10001-50000
tfv1:000266,26J39,26533,bigscoots.com,42,stratified uniform sample: 625 domains from each fixed rank band; Python random.Random(42),2026-08-20T12:17:41+00:00,10001-50000
tfv1:000267,26J39,26694,sentinelcloud.com,42,stratified uniform sample: 625 domains from each fixed rank band; Python random.Random(42),2026-08-20T12:17:41+00:00,10001-50000
tfv1:000268,26J39,26987,xbato.co.uk,42,stratified uniform sample: 625 domains from each fixed rank band; Python random.Random(42),2026-08-20T12:17:41+00:00,10001-50000
tfv1:000269,26J39,27050,unisender.com,42,stratified uniform sample: 625 domains from each fixed rank band; Python random.Random(42),2026-08-20T12:17:41+00:00,10001-50000
tfv1:000270,26J39,27090,tcljd.com,42,stratified uniform sample: 625 domains from each fixed rank band; Python random.Random(42),2026-08-20T12:17:41+00:00,10001-50000
tfv1:000271,26J39,27119,starhub.net.sg,42,stratified uniform sample: 625 domains from each fixed rank band; Python random.Random(42),2026-08-20T12:17:41+00:00,10001-50000
tfv1:000272,26J39,27168,dbs.cl,42,stratified uniform sample: 625 domains from each fixed rank band; Python random.Random(42),2026-08-20T12:17:41+00:00,10001-50000
tfv1:000273,26J39,27220,one-line.com,42,stratified uniform sample: 625 domains from each fixed rank band; Python random.Random(42),2026-08-20T12:17:41+00:00,10001-50000
tfv1:000274,26J39,27262,tallysolutions.com,42,stratified uniform sample: 625 domains from each fixed rank band; Python random.Random(42),2026-08-20T12:17:41+00:00,10001-50000
tfv1:000275,26J39,27301,processes.top,42,stratified uniform sample: 625 domains from each fixed rank band; Python random.Random(42),2026-08-20T12:17:41+00:00,10001-50000
tfv1:000276,26J39,27333,menara.ma,42,stratified uniform sample: 625 domains from each fixed rank band; Python random.Random(42),2026-08-20T12:17:41+00:00,10001-50000
tfv1:000277,26J39,27336,adlibris.com,42,stratified uniform sample: 625 domains from each fixed rank band; Python random.Random(42),2026-08-20T12:17:41+00:00,10001-50000
tfv1:000278,26J39,27360,cdnvideohub.com,42,stratified uniform sample: 625 domains from each fixed rank band; Python random.Random(42),2026-08-20T12:17:41+00:00,10001-50000
tfv1:000279,26J39,27371,tug.org,42,stratified uniform sample: 625 domains from each fixed rank band; Python random.Random(42),2026-08-20T12:17:41+00:00,10001-50000
tfv1:000280,26J39,27381,ddal.xyz,42,stratified uniform sample: 625 domains from each fixed rank band; Python random.Random(42),2026-08-20T12:17:41+00:00,10001-50000
tfv1:000281,26J39,27398,okfn.de,42,stratified uniform sample: 625 domains from each fixed rank band; Python random.Random(42),2026-08-20T12:17:41+00:00,10001-50000
tfv1:000282,26J39,27408,anoboy.boo,42,stratified uniform sample: 625 domains from each fixed rank band; Python random.Random(42),2026-08-20T12:17:41+00:00,10001-50000
tfv1:000283,26J39,27486,wn06.cfd,42,stratified uniform sample: 625 domains from each fixed rank band; Python random.Random(42),2026-08-20T12:17:41+00:00,10001-50000
tfv1:000284,26J39,27487,ga.de,42,stratified uniform sample: 625 domains from each fixed rank band; Python random.Random(42),2026-08-20T12:17:41+00:00,10001-50000
tfv1:000285,26J39,27497,yugiyu2.com,42,stratified uniform sample: 625 domains from each fixed rank band; Python random.Random(42),2026-08-20T12:17:41+00:00,10001-50000
tfv1:000286,26J39,27547,omikuji-do.com,42,stratified uniform sample: 625 domains from each fixed rank band; Python random.Random(42),2026-08-20T12:17:41+00:00,10001-50000
tfv1:000287,26J39,27692,lets-boatrace.jp,42,stratified uniform sample: 625 domains from each fixed rank band; Python random.Random(42),2026-08-20T12:17:41+00:00,10001-50000
tfv1:000288,26J39,27808,xenforo.com,42,stratified uniform sample: 625 domains from each fixed rank band; Python random.Random(42),2026-08-20T12:17:41+00:00,10001-50000
tfv1:000289,26J39,27849,awsdns-cn-56.net,42,stratified uniform sample: 625 domains from each fixed rank band; Python random.Random(42),2026-08-20T12:17:41+00:00,10001-50000
tfv1:000290,26J39,27888,directadvert.ru,42,stratified uniform sample: 625 domains from each fixed rank band; Python random.Random(42),2026-08-20T12:17:41+00:00,10001-50000
tfv1:000291,26J39,27997,roadtrippers.com,42,stratified uniform sample: 625 domains from each fixed rank band; Python random.Random(42),2026-08-20T12:17:41+00:00,10001-50000
tfv1:000292,26J39,28025,fotocommunity.com,42,stratified uniform sample: 625 domains from each fixed rank band; Python random.Random(42),2026-08-20T12:17:41+00:00,10001-50000
tfv1:000293,26J39,28133,uptune.ir,42,stratified uniform sample: 625 domains from each fixed rank band; Python random.Random(42),2026-08-20T12:17:41+00:00,10001-50000
tfv1:000294,26J39,28174,makeshop.jp,42,stratified uniform sample: 625 domains from each fixed rank band; Python random.Random(42),2026-08-20T12:17:41+00:00,10001-50000
tfv1:000295,26J39,28211,ipsolver.com,42,stratified uniform sample: 625 domains from each fixed rank band; Python random.Random(42),2026-08-20T12:17:41+00:00,10001-50000
tfv1:000296,26J39,28218,digitalcommerce360.com,42,stratified uniform sample: 625 domains from each fixed rank band; Python random.Random(42),2026-08-20T12:17:41+00:00,10001-50000
tfv1:000297,26J39,28232,rockefeller.edu,42,stratified uniform sample: 625 domains from each fixed rank band; Python random.Random(42),2026-08-20T12:17:41+00:00,10001-50000
tfv1:000298,26J39,28236,trustedshops.de,42,stratified uniform sample: 625 domains from each fixed rank band; Python random.Random(42),2026-08-20T12:17:41+00:00,10001-50000
tfv1:000299,26J39,28251,photoshop.com,42,stratified uniform sample: 625 domains from each fixed rank band; Python random.Random(42),2026-08-20T12:17:41+00:00,10001-50000
tfv1:000300,26J39,28255,tempo.io,42,stratified uniform sample: 625 domains from each fixed rank band; Python random.Random(42),2026-08-20T12:17:41+00:00,10001-50000
tfv1:000301,26J39,28259,royalarkgames.com,42,stratified uniform sample: 625 domains from each fixed rank band; Python random.Random(42),2026-08-20T12:17:41+00:00,10001-50000
tfv1:000302,26J39,28293,x-b-i-3.com,42,stratified uniform sample: 625 domains from each fixed rank band; Python random.Random(42),2026-08-20T12:17:41+00:00,10001-50000
tfv1:000303,26J39,28466,bbarlock.com,42,stratified uniform sample: 625 domains from each fixed rank band; Python random.Random(42),2026-08-20T12:17:41+00:00,10001-50000
tfv1:000304,26J39,28599,group-ib.com,42,stratified uniform sample: 625 domains from each fixed rank band; Python random.Random(42),2026-08-20T12:17:41+00:00,10001-50000
tfv1:000305,26J39,28677,durukanbal.com,42,stratified uniform sample: 625 domains from each fixed rank band; Python random.Random(42),2026-08-20T12:17:41+00:00,10001-50000
tfv1:000306,26J39,28695,deeplearning.ai,42,stratified uniform sample: 625 domains from each fixed rank band; Python random.Random(42),2026-08-20T12:17:41+00:00,10001-50000
tfv1:000307,26J39,28726,cloudwifi.com,42,stratified uniform sample: 625 domains from each fixed rank band; Python random.Random(42),2026-08-20T12:17:41+00:00,10001-50000
tfv1:000308,26J39,28804,baeldung.com,42,stratified uniform sample: 625 domains from each fixed rank band; Python random.Random(42),2026-08-20T12:17:41+00:00,10001-50000
tfv1:000309,26J39,28966,pwr.edu.pl,42,stratified uniform sample: 625 domains from each fixed rank band; Python random.Random(42),2026-08-20T12:17:41+00:00,10001-50000
tfv1:000310,26J39,29214,bio-rad.com,42,stratified uniform sample: 625 domains from each fixed rank band; Python random.Random(42),2026-08-20T12:17:41+00:00,10001-50000
tfv1:000311,26J39,29235,mriia.gov.ua,42,stratified uniform sample: 625 domains from each fixed rank band; Python random.Random(42),2026-08-20T12:17:41+00:00,10001-50000
tfv1:000312,26J39,29377,ufal.br,42,stratified uniform sample: 625 domains from each fixed rank band; Python random.Random(42),2026-08-20T12:17:41+00:00,10001-50000
tfv1:000313,26J39,29446,triumph.com,42,stratified uniform sample: 625 domains from each fixed rank band; Python random.Random(42),2026-08-20T12:17:41+00:00,10001-50000
tfv1:000314,26J39,29559,royaltotox54.com,42,stratified uniform sample: 625 domains from each fixed rank band; Python random.Random(42),2026-08-20T12:17:41+00:00,10001-50000
tfv1:000315,26J39,29570,sweepquest.info,42,stratified uniform sample: 625 domains from each fixed rank band; Python random.Random(42),2026-08-20T12:17:41+00:00,10001-50000
tfv1:000316,26J39,29621,freshconnect.io,42,stratified uniform sample: 625 domains from each fixed rank band; Python random.Random(42),2026-08-20T12:17:41+00:00,10001-50000
tfv1:000317,26J39,29661,cmac.ws,42,stratified uniform sample: 625 domains from each fixed rank band; Python random.Random(42),2026-08-20T12:17:41+00:00,10001-50000
tfv1:000318,26J39,29682,smbc-comics.com,42,stratified uniform sample: 625 domains from each fixed rank band; Python random.Random(42),2026-08-20T12:17:41+00:00,10001-50000
tfv1:000319,26J39,29724,scienceopen.com,42,stratified uniform sample: 625 domains from each fixed rank band; Python random.Random(42),2026-08-20T12:17:41+00:00,10001-50000
tfv1:000320,26J39,29826,lubimyczytac.pl,42,stratified uniform sample: 625 domains from each fixed rank band; Python random.Random(42),2026-08-20T12:17:41+00:00,10001-50000
tfv1:000321,26J39,29915,unioncrediting.com,42,stratified uniform sample: 625 domains from each fixed rank band; Python random.Random(42),2026-08-20T12:17:41+00:00,10001-50000
tfv1:000322,26J39,30001,ruldin.cc,42,stratified uniform sample: 625 domains from each fixed rank band; Python random.Random(42),2026-08-20T12:17:41+00:00,10001-50000
tfv1:000323,26J39,30154,diyanet.gov.tr,42,stratified uniform sample: 625 domains from each fixed rank band; Python random.Random(42),2026-08-20T12:17:41+00:00,10001-50000
tfv1:000324,26J39,30203,nowdrm.co,42,stratified uniform sample: 625 domains from each fixed rank band; Python random.Random(42),2026-08-20T12:17:41+00:00,10001-50000
tfv1:000325,26J39,30270,superoffice.com,42,stratified uniform sample: 625 domains from each fixed rank band; Python random.Random(42),2026-08-20T12:17:41+00:00,10001-50000
tfv1:000326,26J39,30344,creativelive.com,42,stratified uniform sample: 625 domains from each fixed rank band; Python random.Random(42),2026-08-20T12:17:41+00:00,10001-50000
tfv1:000327,26J39,30429,fh-koeln.de,42,stratified uniform sample: 625 domains from each fixed rank band; Python random.Random(42),2026-08-20T12:17:41+00:00,10001-50000
tfv1:000328,26J39,30553,tecmundo.com.br,42,stratified uniform sample: 625 domains from each fixed rank band; Python random.Random(42),2026-08-20T12:17:41+00:00,10001-50000
tfv1:000329,26J39,30558,sz-cooleasy.com,42,stratified uniform sample: 625 domains from each fixed rank band; Python random.Random(42),2026-08-20T12:17:41+00:00,10001-50000
tfv1:000330,26J39,30573,eslite.com,42,stratified uniform sample: 625 domains from each fixed rank band; Python random.Random(42),2026-08-20T12:17:41+00:00,10001-50000
tfv1:000331,26J39,30591,rendez-vous.ru,42,stratified uniform sample: 625 domains from each fixed rank band; Python random.Random(42),2026-08-20T12:17:41+00:00,10001-50000
tfv1:000332,26J39,30623,yottaa.com,42,stratified uniform sample: 625 domains from each fixed rank band; Python random.Random(42),2026-08-20T12:17:41+00:00,10001-50000
tfv1:000333,26J39,30674,ntfy.sh,42,stratified uniform sample: 625 domains from each fixed rank band; Python random.Random(42),2026-08-20T12:17:41+00:00,10001-50000
tfv1:000334,26J39,30721,mnsu.edu,42,stratified uniform sample: 625 domains from each fixed rank band; Python random.Random(42),2026-08-20T12:17:41+00:00,10001-50000
tfv1:000335,26J39,30734,businessidentity.llc,42,stratified uniform sample: 625 domains from each fixed rank band; Python random.Random(42),2026-08-20T12:17:41+00:00,10001-50000
tfv1:000336,26J39,30795,ci360.marketing,42,stratified uniform sample: 625 domains from each fixed rank band; Python random.Random(42),2026-08-20T12:17:41+00:00,10001-50000
tfv1:000337,26J39,30953,lb.ua,42,stratified uniform sample: 625 domains from each fixed rank band; Python random.Random(42),2026-08-20T12:17:41+00:00,10001-50000
tfv1:000338,26J39,31119,huffingtonpost.it,42,stratified uniform sample: 625 domains from each fixed rank band; Python random.Random(42),2026-08-20T12:17:41+00:00,10001-50000
tfv1:000339,26J39,31244,howlongtobeat.com,42,stratified uniform sample: 625 domains from each fixed rank band; Python random.Random(42),2026-08-20T12:17:41+00:00,10001-50000
tfv1:000340,26J39,31253,boldapps.net,42,stratified uniform sample: 625 domains from each fixed rank band; Python random.Random(42),2026-08-20T12:17:41+00:00,10001-50000
tfv1:000341,26J39,31377,secureparkme.com,42,stratified uniform sample: 625 domains from each fixed rank band; Python random.Random(42),2026-08-20T12:17:41+00:00,10001-50000
tfv1:000342,26J39,31421,p7.de,42,stratified uniform sample: 625 domains from each fixed rank band; Python random.Random(42),2026-08-20T12:17:41+00:00,10001-50000
tfv1:000343,26J39,31454,affiliatblogger.com,42,stratified uniform sample: 625 domains from each fixed rank band; Python random.Random(42),2026-08-20T12:17:41+00:00,10001-50000
tfv1:000344,26J39,31513,concentrix.com,42,stratified uniform sample: 625 domains from each fixed rank band; Python random.Random(42),2026-08-20T12:17:41+00:00,10001-50000
tfv1:000345,26J39,31640,carrefour.ro,42,stratified uniform sample: 625 domains from each fixed rank band; Python random.Random(42),2026-08-20T12:17:41+00:00,10001-50000
tfv1:000346,26J39,31655,tripadvisor.nl,42,stratified uniform sample: 625 domains from each fixed rank band; Python random.Random(42),2026-08-20T12:17:41+00:00,10001-50000
tfv1:000347,26J39,31685,208.in-addr.arpa,42,stratified uniform sample: 625 domains from each fixed rank band; Python random.Random(42),2026-08-20T12:17:41+00:00,10001-50000
tfv1:000348,26J39,31703,chaosdorf.de,42,stratified uniform sample: 625 domains from each fixed rank band; Python random.Random(42),2026-08-20T12:17:41+00:00,10001-50000
tfv1:000349,26J39,31771,compute-pipe.com,42,stratified uniform sample: 625 domains from each fixed rank band; Python random.Random(42),2026-08-20T12:17:41+00:00,10001-50000
tfv1:000350,26J39,31860,enotes.com,42,stratified uniform sample: 625 domains from each fixed rank band; Python random.Random(42),2026-08-20T12:17:41+00:00,10001-50000
tfv1:000351,26J39,31967,onlinetrade.ru,42,stratified uniform sample: 625 domains from each fixed rank band; Python random.Random(42),2026-08-20T12:17:41+00:00,10001-50000
tfv1:000352,26J39,32011,joynetgame.com,42,stratified uniform sample: 625 domains from each fixed rank band; Python random.Random(42),2026-08-20T12:17:41+00:00,10001-50000
tfv1:000353,26J39,32029,autoscout24.ch,42,stratified uniform sample: 625 domains from each fixed rank band; Python random.Random(42),2026-08-20T12:17:41+00:00,10001-50000
tfv1:000354,26J39,32060,karwei.nl,42,stratified uniform sample: 625 domains from each fixed rank band; Python random.Random(42),2026-08-20T12:17:41+00:00,10001-50000
tfv1:000355,26J39,32119,zooniverse.org,42,stratified uniform sample: 625 domains from each fixed rank band; Python random.Random(42),2026-08-20T12:17:41+00:00,10001-50000
tfv1:000356,26J39,32157,opntxtdns.com,42,stratified uniform sample: 625 domains from each fixed rank band; Python random.Random(42),2026-08-20T12:17:41+00:00,10001-50000
tfv1:000357,26J39,32237,techbang.com,42,stratified uniform sample: 625 domains from each fixed rank band; Python random.Random(42),2026-08-20T12:17:41+00:00,10001-50000
tfv1:000358,26J39,32294,livedns.co.il,42,stratified uniform sample: 625 domains from each fixed rank band; Python random.Random(42),2026-08-20T12:17:41+00:00,10001-50000
tfv1:000359,26J39,32299,revzilla.com,42,stratified uniform sample: 625 domains from each fixed rank band; Python random.Random(42),2026-08-20T12:17:41+00:00,10001-50000
tfv1:000360,26J39,32472,ua5v.com,42,stratified uniform sample: 625 domains from each fixed rank band; Python random.Random(42),2026-08-20T12:17:41+00:00,10001-50000
tfv1:000361,26J39,32542,kingston.ac.uk,42,stratified uniform sample: 625 domains from each fixed rank band; Python random.Random(42),2026-08-20T12:17:41+00:00,10001-50000
tfv1:000362,26J39,32655,diariodarepublica.pt,42,stratified uniform sample: 625 domains from each fixed rank band; Python random.Random(42),2026-08-20T12:17:41+00:00,10001-50000
tfv1:000363,26J39,32873,metrotimes.com,42,stratified uniform sample: 625 domains from each fixed rank band; Python random.Random(42),2026-08-20T12:17:41+00:00,10001-50000
tfv1:000364,26J39,32916,tissotwatches.com,42,stratified uniform sample: 625 domains from each fixed rank band; Python random.Random(42),2026-08-20T12:17:41+00:00,10001-50000
tfv1:000365,26J39,33013,tangled.org,42,stratified uniform sample: 625 domains from each fixed rank band; Python random.Random(42),2026-08-20T12:17:41+00:00,10001-50000
tfv1:000366,26J39,33053,topsitenet.com,42,stratified uniform sample: 625 domains from each fixed rank band; Python random.Random(42),2026-08-20T12:17:41+00:00,10001-50000
tfv1:000367,26J39,33179,ysagin.top,42,stratified uniform sample: 625 domains from each fixed rank band; Python random.Random(42),2026-08-20T12:17:41+00:00,10001-50000
tfv1:000368,26J39,33220,webcasts.com,42,stratified uniform sample: 625 domains from each fixed rank band; Python random.Random(42),2026-08-20T12:17:41+00:00,10001-50000
tfv1:000369,26J39,33284,mangalik.net,42,stratified uniform sample: 625 domains from each fixed rank band; Python random.Random(42),2026-08-20T12:17:41+00:00,10001-50000
tfv1:000370,26J39,33450,weatherzone.com.au,42,stratified uniform sample: 625 domains from each fixed rank band; Python random.Random(42),2026-08-20T12:17:41+00:00,10001-50000
tfv1:000371,26J39,33527,stantec.com,42,stratified uniform sample: 625 domains from each fixed rank band; Python random.Random(42),2026-08-20T12:17:41+00:00,10001-50000
tfv1:000372,26J39,33701,thefastcdns.com,42,stratified uniform sample: 625 domains from each fixed rank band; Python random.Random(42),2026-08-20T12:17:41+00:00,10001-50000
tfv1:000373,26J39,33724,planet-labs.com,42,stratified uniform sample: 625 domains from each fixed rank band; Python random.Random(42),2026-08-20T12:17:41+00:00,10001-50000
tfv1:000374,26J39,33789,363.hk,42,stratified uniform sample: 625 domains from each fixed rank band; Python random.Random(42),2026-08-20T12:17:41+00:00,10001-50000
tfv1:000375,26J39,33870,fnp.de,42,stratified uniform sample: 625 domains from each fixed rank band; Python random.Random(42),2026-08-20T12:17:41+00:00,10001-50000
tfv1:000376,26J39,33898,isabel.be,42,stratified uniform sample: 625 domains from each fixed rank band; Python random.Random(42),2026-08-20T12:17:41+00:00,10001-50000
tfv1:000377,26J39,33910,vishay.com,42,stratified uniform sample: 625 domains from each fixed rank band; Python random.Random(42),2026-08-20T12:17:41+00:00,10001-50000
tfv1:000378,26J39,34197,topographic-map.com,42,stratified uniform sample: 625 domains from each fixed rank band; Python random.Random(42),2026-08-20T12:17:41+00:00,10001-50000
tfv1:000379,26J39,34218,societe-des-avis-garantis.fr,42,stratified uniform sample: 625 domains from each fixed rank band; Python random.Random(42),2026-08-20T12:17:41+00:00,10001-50000
tfv1:000380,26J39,34261,loverummyyono.com,42,stratified uniform sample: 625 domains from each fixed rank band; Python random.Random(42),2026-08-20T12:17:41+00:00,10001-50000
tfv1:000381,26J39,34473,mnbvcxzq.com,42,stratified uniform sample: 625 domains from each fixed rank band; Python random.Random(42),2026-08-20T12:17:41+00:00,10001-50000
tfv1:000382,26J39,34505,yarnflowgame.com,42,stratified uniform sample: 625 domains from each fixed rank band; Python random.Random(42),2026-08-20T12:17:41+00:00,10001-50000
tfv1:000383,26J39,34808,wind.it,42,stratified uniform sample: 625 domains from each fixed rank band; Python random.Random(42),2026-08-20T12:17:41+00:00,10001-50000
tfv1:000384,26J39,34837,kmail-lists.com,42,stratified uniform sample: 625 domains from each fixed rank band; Python random.Random(42),2026-08-20T12:17:41+00:00,10001-50000
tfv1:000385,26J39,34845,securitm.ru,42,stratified uniform sample: 625 domains from each fixed rank band; Python random.Random(42),2026-08-20T12:17:41+00:00,10001-50000
tfv1:000386,26J39,34847,cambly.com,42,stratified uniform sample: 625 domains from each fixed rank band; Python random.Random(42),2026-08-20T12:17:41+00:00,10001-50000
tfv1:000387,26J39,34848,tiktok-row.org,42,stratified uniform sample: 625 domains from each fixed rank band; Python random.Random(42),2026-08-20T12:17:41+00:00,10001-50000
tfv1:000388,26J39,34868,petrobras.com.br,42,stratified uniform sample: 625 domains from each fixed rank band; Python random.Random(42),2026-08-20T12:17:41+00:00,10001-50000
tfv1:000389,26J39,34899,slotomania.com,42,stratified uniform sample: 625 domains from each fixed rank band; Python random.Random(42),2026-08-20T12:17:41+00:00,10001-50000
tfv1:000390,26J39,34912,iiasa.ac.at,42,stratified uniform sample: 625 domains from each fixed rank band; Python random.Random(42),2026-08-20T12:17:41+00:00,10001-50000
tfv1:000391,26J39,34929,cdt.org,42,stratified uniform sample: 625 domains from each fixed rank band; Python random.Random(42),2026-08-20T12:17:41+00:00,10001-50000
tfv1:000392,26J39,35010,iot320.com,42,stratified uniform sample: 625 domains from each fixed rank band; Python random.Random(42),2026-08-20T12:17:41+00:00,10001-50000
tfv1:000393,26J39,35071,lotlinx.com,42,stratified uniform sample: 625 domains from each fixed rank band; Python random.Random(42),2026-08-20T12:17:41+00:00,10001-50000
tfv1:000394,26J39,35103,wordnik.com,42,stratified uniform sample: 625 domains from each fixed rank band; Python random.Random(42),2026-08-20T12:17:41+00:00,10001-50000
tfv1:000395,26J39,35165,aidar.ru,42,stratified uniform sample: 625 domains from each fixed rank band; Python random.Random(42),2026-08-20T12:17:41+00:00,10001-50000
tfv1:000396,26J39,35217,zonerisq.ca,42,stratified uniform sample: 625 domains from each fixed rank band; Python random.Random(42),2026-08-20T12:17:41+00:00,10001-50000
tfv1:000397,26J39,35245,uworld.com,42,stratified uniform sample: 625 domains from each fixed rank band; Python random.Random(42),2026-08-20T12:17:41+00:00,10001-50000
tfv1:000398,26J39,35485,tandem.co,42,stratified uniform sample: 625 domains from each fixed rank band; Python random.Random(42),2026-08-20T12:17:41+00:00,10001-50000
tfv1:000399,26J39,35525,jehost.ru,42,stratified uniform sample: 625 domains from each fixed rank band; Python random.Random(42),2026-08-20T12:17:41+00:00,10001-50000
tfv1:000400,26J39,35559,smartsurvey.co.uk,42,stratified uniform sample: 625 domains from each fixed rank band; Python random.Random(42),2026-08-20T12:17:41+00:00,10001-50000
tfv1:000401,26J39,35587,reichelt.de,42,stratified uniform sample: 625 domains from each fixed rank band; Python random.Random(42),2026-08-20T12:17:41+00:00,10001-50000
tfv1:000402,26J39,35823,riaa.com,42,stratified uniform sample: 625 domains from each fixed rank band; Python random.Random(42),2026-08-20T12:17:41+00:00,10001-50000
tfv1:000403,26J39,35929,mise.gov.it,42,stratified uniform sample: 625 domains from each fixed rank band; Python random.Random(42),2026-08-20T12:17:41+00:00,10001-50000
tfv1:000404,26J39,35939,domainnamexx.com,42,stratified uniform sample: 625 domains from each fixed rank band; Python random.Random(42),2026-08-20T12:17:41+00:00,10001-50000
tfv1:000405,26J39,36114,unicredit.it,42,stratified uniform sample: 625 domains from each fixed rank band; Python random.Random(42),2026-08-20T12:17:41+00:00,10001-50000
tfv1:000406,26J39,36149,tkor137.com,42,stratified uniform sample: 625 domains from each fixed rank band; Python random.Random(42),2026-08-20T12:17:41+00:00,10001-50000
tfv1:000407,26J39,36176,project1service.com,42,stratified uniform sample: 625 domains from each fixed rank band; Python random.Random(42),2026-08-20T12:17:41+00:00,10001-50000
tfv1:000408,26J39,36192,gii.me,42,stratified uniform sample: 625 domains from each fixed rank band; Python random.Random(42),2026-08-20T12:17:41+00:00,10001-50000
tfv1:000409,26J39,36194,1233dns.com,42,stratified uniform sample: 625 domains from each fixed rank band; Python random.Random(42),2026-08-20T12:17:41+00:00,10001-50000
tfv1:000410,26J39,36283,vtb24.ru,42,stratified uniform sample: 625 domains from each fixed rank band; Python random.Random(42),2026-08-20T12:17:41+00:00,10001-50000
tfv1:000411,26J39,36291,skyairline.com,42,stratified uniform sample: 625 domains from each fixed rank band; Python random.Random(42),2026-08-20T12:17:41+00:00,10001-50000
tfv1:000412,26J39,36372,kay.com,42,stratified uniform sample: 625 domains from each fixed rank band; Python random.Random(42),2026-08-20T12:17:41+00:00,10001-50000
tfv1:000413,26J39,36387,awsdns-cn-63.biz,42,stratified uniform sample: 625 domains from each fixed rank band; Python random.Random(42),2026-08-20T12:17:41+00:00,10001-50000
tfv1:000414,26J39,36462,fast.net.uk,42,stratified uniform sample: 625 domains from each fixed rank band; Python random.Random(42),2026-08-20T12:17:41+00:00,10001-50000
tfv1:000415,26J39,36498,tcnetwork.com.cn,42,stratified uniform sample: 625 domains from each fixed rank band; Python random.Random(42),2026-08-20T12:17:41+00:00,10001-50000
tfv1:000416,26J39,36613,easytier.cn,42,stratified uniform sample: 625 domains from each fixed rank band; Python random.Random(42),2026-08-20T12:17:41+00:00,10001-50000
tfv1:000417,26J39,36633,propertyguru.com.sg,42,stratified uniform sample: 625 domains from each fixed rank band; Python random.Random(42),2026-08-20T12:17:41+00:00,10001-50000
tfv1:000418,26J39,36635,servidoresdominios.com,42,stratified uniform sample: 625 domains from each fixed rank band; Python random.Random(42),2026-08-20T12:17:41+00:00,10001-50000
tfv1:000419,26J39,36678,adengi.tech,42,stratified uniform sample: 625 domains from each fixed rank band; Python random.Random(42),2026-08-20T12:17:41+00:00,10001-50000
tfv1:000420,26J39,36713,transportnsw.info,42,stratified uniform sample: 625 domains from each fixed rank band; Python random.Random(42),2026-08-20T12:17:41+00:00,10001-50000
tfv1:000421,26J39,36765,kinepolis.lu,42,stratified uniform sample: 625 domains from each fixed rank band; Python random.Random(42),2026-08-20T12:17:41+00:00,10001-50000
tfv1:000422,26J39,36942,nelnet.net,42,stratified uniform sample: 625 domains from each fixed rank band; Python random.Random(42),2026-08-20T12:17:41+00:00,10001-50000
tfv1:000423,26J39,36983,b254.com,42,stratified uniform sample: 625 domains from each fixed rank band; Python random.Random(42),2026-08-20T12:17:41+00:00,10001-50000
tfv1:000424,26J39,37021,shturval.link,42,stratified uniform sample: 625 domains from each fixed rank band; Python random.Random(42),2026-08-20T12:17:41+00:00,10001-50000
tfv1:000425,26J39,37161,mytuner-radio.net,42,stratified uniform sample: 625 domains from each fixed rank band; Python random.Random(42),2026-08-20T12:17:41+00:00,10001-50000
tfv1:000426,26J39,37189,inewsgr.com,42,stratified uniform sample: 625 domains from each fixed rank band; Python random.Random(42),2026-08-20T12:17:41+00:00,10001-50000
tfv1:000427,26J39,37249,lgmi.com,42,stratified uniform sample: 625 domains from each fixed rank band; Python random.Random(42),2026-08-20T12:17:41+00:00,10001-50000
tfv1:000428,26J39,37461,infoclimat.fr,42,stratified uniform sample: 625 domains from each fixed rank band; Python random.Random(42),2026-08-20T12:17:41+00:00,10001-50000
tfv1:000429,26J39,37475,tstt.net.tt,42,stratified uniform sample: 625 domains from each fixed rank band; Python random.Random(42),2026-08-20T12:17:41+00:00,10001-50000
tfv1:000430,26J39,37494,csi.it,42,stratified uniform sample: 625 domains from each fixed rank band; Python random.Random(42),2026-08-20T12:17:41+00:00,10001-50000
tfv1:000431,26J39,37535,misecure.com,42,stratified uniform sample: 625 domains from each fixed rank band; Python random.Random(42),2026-08-20T12:17:41+00:00,10001-50000
tfv1:000432,26J39,37555,vancleefarpels.com,42,stratified uniform sample: 625 domains from each fixed rank band; Python random.Random(42),2026-08-20T12:17:41+00:00,10001-50000
tfv1:000433,26J39,37628,scansnap.com,42,stratified uniform sample: 625 domains from each fixed rank band; Python random.Random(42),2026-08-20T12:17:41+00:00,10001-50000
tfv1:000434,26J39,37649,x5.sale,42,stratified uniform sample: 625 domains from each fixed rank band; Python random.Random(42),2026-08-20T12:17:41+00:00,10001-50000
tfv1:000435,26J39,37652,wmcloud.org,42,stratified uniform sample: 625 domains from each fixed rank band; Python random.Random(42),2026-08-20T12:17:41+00:00,10001-50000
tfv1:000436,26J39,37667,pdfforge.org,42,stratified uniform sample: 625 domains from each fixed rank band; Python random.Random(42),2026-08-20T12:17:41+00:00,10001-50000
tfv1:000437,26J39,37697,datatilsynet.dk,42,stratified uniform sample: 625 domains from each fixed rank band; Python random.Random(42),2026-08-20T12:17:41+00:00,10001-50000
tfv1:000438,26J39,37723,ravelin.click,42,stratified uniform sample: 625 domains from each fixed rank band; Python random.Random(42),2026-08-20T12:17:41+00:00,10001-50000
tfv1:000439,26J39,37731,pusan.ac.kr,42,stratified uniform sample: 625 domains from each fixed rank band; Python random.Random(42),2026-08-20T12:17:41+00:00,10001-50000
tfv1:000440,26J39,37760,sportico.com,42,stratified uniform sample: 625 domains from each fixed rank band; Python random.Random(42),2026-08-20T12:17:41+00:00,10001-50000
tfv1:000441,26J39,37863,snitcher.com,42,stratified uniform sample: 625 domains from each fixed rank band; Python random.Random(42),2026-08-20T12:17:41+00:00,10001-50000
tfv1:000442,26J39,37967,polyfill.io,42,stratified uniform sample: 625 domains from each fixed rank band; Python random.Random(42),2026-08-20T12:17:41+00:00,10001-50000
tfv1:000443,26J39,38029,n2p.io,42,stratified uniform sample: 625 domains from each fixed rank band; Python random.Random(42),2026-08-20T12:17:41+00:00,10001-50000
tfv1:000444,26J39,38078,czilladx.com,42,stratified uniform sample: 625 domains from each fixed rank band; Python random.Random(42),2026-08-20T12:17:41+00:00,10001-50000
tfv1:000445,26J39,38090,bizcn.com,42,stratified uniform sample: 625 domains from each fixed rank band; Python random.Random(42),2026-08-20T12:17:41+00:00,10001-50000
tfv1:000446,26J39,38167,maria-ra.ru,42,stratified uniform sample: 625 domains from each fixed rank band; Python random.Random(42),2026-08-20T12:17:41+00:00,10001-50000
tfv1:000447,26J39,38174,masomogaming.com,42,stratified uniform sample: 625 domains from each fixed rank band; Python random.Random(42),2026-08-20T12:17:41+00:00,10001-50000
tfv1:000448,26J39,38250,casinos4u.io,42,stratified uniform sample: 625 domains from each fixed rank band; Python random.Random(42),2026-08-20T12:17:41+00:00,10001-50000
tfv1:000449,26J39,38266,nano.lv,42,stratified uniform sample: 625 domains from each fixed rank band; Python random.Random(42),2026-08-20T12:17:41+00:00,10001-50000
tfv1:000450,26J39,38480,redlobster.com,42,stratified uniform sample: 625 domains from each fixed rank band; Python random.Random(42),2026-08-20T12:17:41+00:00,10001-50000
tfv1:000451,26J39,38493,shopmyexchange.com,42,stratified uniform sample: 625 domains from each fixed rank band; Python random.Random(42),2026-08-20T12:17:41+00:00,10001-50000
tfv1:000452,26J39,38563,historicenvironment.scot,42,stratified uniform sample: 625 domains from each fixed rank band; Python random.Random(42),2026-08-20T12:17:41+00:00,10001-50000
tfv1:000453,26J39,38578,laas.fr,42,stratified uniform sample: 625 domains from each fixed rank band; Python random.Random(42),2026-08-20T12:17:41+00:00,10001-50000
tfv1:000454,26J39,38600,meliadn.com,42,stratified uniform sample: 625 domains from each fixed rank band; Python random.Random(42),2026-08-20T12:17:41+00:00,10001-50000
tfv1:000455,26J39,38712,ouc.edu.cn,42,stratified uniform sample: 625 domains from each fixed rank band; Python random.Random(42),2026-08-20T12:17:41+00:00,10001-50000
tfv1:000456,26J39,38717,argaam.com,42,stratified uniform sample: 625 domains from each fixed rank band; Python random.Random(42),2026-08-20T12:17:41+00:00,10001-50000
tfv1:000457,26J39,38828,plaindns.net,42,stratified uniform sample: 625 domains from each fixed rank band; Python random.Random(42),2026-08-20T12:17:41+00:00,10001-50000
tfv1:000458,26J39,38953,leagueofcomicgeeks.com,42,stratified uniform sample: 625 domains from each fixed rank band; Python random.Random(42),2026-08-20T12:17:41+00:00,10001-50000
tfv1:000459,26J39,38957,oetiker.ch,42,stratified uniform sample: 625 domains from each fixed rank band; Python random.Random(42),2026-08-20T12:17:41+00:00,10001-50000
tfv1:000460,26J39,38978,yarnspirations.com,42,stratified uniform sample: 625 domains from each fixed rank band; Python random.Random(42),2026-08-20T12:17:41+00:00,10001-50000
tfv1:000461,26J39,39005,mushroomtrack.com,42,stratified uniform sample: 625 domains from each fixed rank band; Python random.Random(42),2026-08-20T12:17:41+00:00,10001-50000
tfv1:000462,26J39,39042,vio.com,42,stratified uniform sample: 625 domains from each fixed rank band; Python random.Random(42),2026-08-20T12:17:41+00:00,10001-50000
tfv1:000463,26J39,39224,happyscribe.com,42,stratified uniform sample: 625 domains from each fixed rank band; Python random.Random(42),2026-08-20T12:17:41+00:00,10001-50000
tfv1:000464,26J39,39401,minagricultura.gov.co,42,stratified uniform sample: 625 domains from each fixed rank band; Python random.Random(42),2026-08-20T12:17:41+00:00,10001-50000
tfv1:000465,26J39,39440,vivozap.com.br,42,stratified uniform sample: 625 domains from each fixed rank band; Python random.Random(42),2026-08-20T12:17:41+00:00,10001-50000
tfv1:000466,26J39,39496,twitchy.com,42,stratified uniform sample: 625 domains from each fixed rank band; Python random.Random(42),2026-08-20T12:17:41+00:00,10001-50000
tfv1:000467,26J39,39589,hmd.com,42,stratified uniform sample: 625 domains from each fixed rank band; Python random.Random(42),2026-08-20T12:17:41+00:00,10001-50000
tfv1:000468,26J39,39715,chinaunicom.com,42,stratified uniform sample: 625 domains from each fixed rank band; Python random.Random(42),2026-08-20T12:17:41+00:00,10001-50000
tfv1:000469,26J39,39736,lambdatest.com,42,stratified uniform sample: 625 domains from each fixed rank band; Python random.Random(42),2026-08-20T12:17:41+00:00,10001-50000
tfv1:000470,26J39,39800,procempa.com.br,42,stratified uniform sample: 625 domains from each fixed rank band; Python random.Random(42),2026-08-20T12:17:41+00:00,10001-50000
tfv1:000471,26J39,39820,mybluepeak.net,42,stratified uniform sample: 625 domains from each fixed rank band; Python random.Random(42),2026-08-20T12:17:41+00:00,10001-50000
tfv1:000472,26J39,39847,i4.cn,42,stratified uniform sample: 625 domains from each fixed rank band; Python random.Random(42),2026-08-20T12:17:41+00:00,10001-50000
tfv1:000473,26J39,39915,replacements.com,42,stratified uniform sample: 625 domains from each fixed rank band; Python random.Random(42),2026-08-20T12:17:41+00:00,10001-50000
tfv1:000474,26J39,39965,nvcc.edu,42,stratified uniform sample: 625 domains from each fixed rank band; Python random.Random(42),2026-08-20T12:17:41+00:00,10001-50000
tfv1:000475,26J39,40035,mingle2.com,42,stratified uniform sample: 625 domains from each fixed rank band; Python random.Random(42),2026-08-20T12:17:41+00:00,10001-50000
tfv1:000476,26J39,40072,onthenet.com.au,42,stratified uniform sample: 625 domains from each fixed rank band; Python random.Random(42),2026-08-20T12:17:41+00:00,10001-50000
tfv1:000477,26J39,40109,daveramsey.com,42,stratified uniform sample: 625 domains from each fixed rank band; Python random.Random(42),2026-08-20T12:17:41+00:00,10001-50000
tfv1:000478,26J39,40167,bluecatdns.com,42,stratified uniform sample: 625 domains from each fixed rank band; Python random.Random(42),2026-08-20T12:17:41+00:00,10001-50000
tfv1:000479,26J39,40258,dnsstuff.com,42,stratified uniform sample: 625 domains from each fixed rank band; Python random.Random(42),2026-08-20T12:17:41+00:00,10001-50000
tfv1:000480,26J39,40295,gabbcloud.com,42,stratified uniform sample: 625 domains from each fixed rank band; Python random.Random(42),2026-08-20T12:17:41+00:00,10001-50000
tfv1:000481,26J39,40319,hoasted.nl,42,stratified uniform sample: 625 domains from each fixed rank band; Python random.Random(42),2026-08-20T12:17:41+00:00,10001-50000
tfv1:000482,26J39,40445,naranjatec.com,42,stratified uniform sample: 625 domains from each fixed rank band; Python random.Random(42),2026-08-20T12:17:41+00:00,10001-50000
tfv1:000483,26J39,40451,pressganey.com,42,stratified uniform sample: 625 domains from each fixed rank band; Python random.Random(42),2026-08-20T12:17:41+00:00,10001-50000
tfv1:000484,26J39,40474,zmdcdn.me,42,stratified uniform sample: 625 domains from each fixed rank band; Python random.Random(42),2026-08-20T12:17:41+00:00,10001-50000
tfv1:000485,26J39,40535,wcax.com,42,stratified uniform sample: 625 domains from each fixed rank band; Python random.Random(42),2026-08-20T12:17:41+00:00,10001-50000
tfv1:000486,26J39,40607,hud.ac.uk,42,stratified uniform sample: 625 domains from each fixed rank band; Python random.Random(42),2026-08-20T12:17:41+00:00,10001-50000
tfv1:000487,26J39,40631,nsta.org,42,stratified uniform sample: 625 domains from each fixed rank band; Python random.Random(42),2026-08-20T12:17:41+00:00,10001-50000
tfv1:000488,26J39,40675,umblr.com,42,stratified uniform sample: 625 domains from each fixed rank band; Python random.Random(42),2026-08-20T12:17:41+00:00,10001-50000
tfv1:000489,26J39,40823,vd.ch,42,stratified uniform sample: 625 domains from each fixed rank band; Python random.Random(42),2026-08-20T12:17:41+00:00,10001-50000
tfv1:000490,26J39,40848,overframe.gg,42,stratified uniform sample: 625 domains from each fixed rank band; Python random.Random(42),2026-08-20T12:17:41+00:00,10001-50000
tfv1:000491,26J39,40977,nccn.org,42,stratified uniform sample: 625 domains from each fixed rank band; Python random.Random(42),2026-08-20T12:17:41+00:00,10001-50000
tfv1:000492,26J39,40997,bmndx.com,42,stratified uniform sample: 625 domains from each fixed rank band; Python random.Random(42),2026-08-20T12:17:41+00:00,10001-50000
tfv1:000493,26J39,41011,restaurantji.com,42,stratified uniform sample: 625 domains from each fixed rank band; Python random.Random(42),2026-08-20T12:17:41+00:00,10001-50000
tfv1:000494,26J39,41109,bchydro.com,42,stratified uniform sample: 625 domains from each fixed rank band; Python random.Random(42),2026-08-20T12:17:41+00:00,10001-50000
tfv1:000495,26J39,41139,gowork.pl,42,stratified uniform sample: 625 domains from each fixed rank band; Python random.Random(42),2026-08-20T12:17:41+00:00,10001-50000
tfv1:000496,26J39,41149,gpteng.co,42,stratified uniform sample: 625 domains from each fixed rank band; Python random.Random(42),2026-08-20T12:17:41+00:00,10001-50000
tfv1:000497,26J39,41247,viibjsui.com,42,stratified uniform sample: 625 domains from each fixed rank band; Python random.Random(42),2026-08-20T12:17:41+00:00,10001-50000
tfv1:000498,26J39,41260,fatherly.com,42,stratified uniform sample: 625 domains from each fixed rank band; Python random.Random(42),2026-08-20T12:17:41+00:00,10001-50000
tfv1:000499,26J39,41547,theordinary.com,42,stratified uniform sample: 625 domains from each fixed rank band; Python random.Random(42),2026-08-20T12:17:41+00:00,10001-50000
tfv1:000500,26J39,41759,minoximedx.com,42,stratified uniform sample: 625 domains from each fixed rank band; Python random.Random(42),2026-08-20T12:17:41+00:00,10001-50000
tfv1:000501,26J39,41813,druknet.bt,42,stratified uniform sample: 625 domains from each fixed rank band; Python random.Random(42),2026-08-20T12:17:41+00:00,10001-50000
tfv1:000502,26J39,41827,totvs.app,42,stratified uniform sample: 625 domains from each fixed rank band; Python random.Random(42),2026-08-20T12:17:41+00:00,10001-50000
tfv1:000503,26J39,41828,vgchartz.com,42,stratified uniform sample: 625 domains from each fixed rank band; Python random.Random(42),2026-08-20T12:17:41+00:00,10001-50000
tfv1:000504,26J39,41850,ontheissues.org,42,stratified uniform sample: 625 domains from each fixed rank band; Python random.Random(42),2026-08-20T12:17:41+00:00,10001-50000
tfv1:000505,26J39,41895,boston25news.com,42,stratified uniform sample: 625 domains from each fixed rank band; Python random.Random(42),2026-08-20T12:17:41+00:00,10001-50000
tfv1:000506,26J39,41997,livepositively.com,42,stratified uniform sample: 625 domains from each fixed rank band; Python random.Random(42),2026-08-20T12:17:41+00:00,10001-50000
tfv1:000507,26J39,42017,zaonce.net,42,stratified uniform sample: 625 domains from each fixed rank band; Python random.Random(42),2026-08-20T12:17:41+00:00,10001-50000
tfv1:000508,26J39,42022,amplifi.com,42,stratified uniform sample: 625 domains from each fixed rank band; Python random.Random(42),2026-08-20T12:17:41+00:00,10001-50000
tfv1:000509,26J39,42344,inprnt.com,42,stratified uniform sample: 625 domains from each fixed rank band; Python random.Random(42),2026-08-20T12:17:41+00:00,10001-50000
tfv1:000510,26J39,42400,tuttocitta.it,42,stratified uniform sample: 625 domains from each fixed rank band; Python random.Random(42),2026-08-20T12:17:41+00:00,10001-50000
tfv1:000511,26J39,42718,ec-it.ir,42,stratified uniform sample: 625 domains from each fixed rank band; Python random.Random(42),2026-08-20T12:17:41+00:00,10001-50000
tfv1:000512,26J39,42807,bontal.net,42,stratified uniform sample: 625 domains from each fixed rank band; Python random.Random(42),2026-08-20T12:17:41+00:00,10001-50000
tfv1:000513,26J39,42955,shhqmx.com,42,stratified uniform sample: 625 domains from each fixed rank band; Python random.Random(42),2026-08-20T12:17:41+00:00,10001-50000
tfv1:000514,26J39,43082,recochoku.jp,42,stratified uniform sample: 625 domains from each fixed rank band; Python random.Random(42),2026-08-20T12:17:41+00:00,10001-50000
tfv1:000515,26J39,43119,kfzimg.com,42,stratified uniform sample: 625 domains from each fixed rank band; Python random.Random(42),2026-08-20T12:17:41+00:00,10001-50000
tfv1:000516,26J39,43123,upcounsel.com,42,stratified uniform sample: 625 domains from each fixed rank band; Python random.Random(42),2026-08-20T12:17:41+00:00,10001-50000
tfv1:000517,26J39,43154,tu-tu.ru,42,stratified uniform sample: 625 domains from each fixed rank band; Python random.Random(42),2026-08-20T12:17:41+00:00,10001-50000
tfv1:000518,26J39,43235,ludokingapi.com,42,stratified uniform sample: 625 domains from each fixed rank band; Python random.Random(42),2026-08-20T12:17:41+00:00,10001-50000
tfv1:000519,26J39,43271,wgrz.com,42,stratified uniform sample: 625 domains from each fixed rank band; Python random.Random(42),2026-08-20T12:17:41+00:00,10001-50000
tfv1:000520,26J39,43272,hypovereinsbank.de,42,stratified uniform sample: 625 domains from each fixed rank band; Python random.Random(42),2026-08-20T12:17:41+00:00,10001-50000
tfv1:000521,26J39,43282,znwyxswxzj.com,42,stratified uniform sample: 625 domains from each fixed rank band; Python random.Random(42),2026-08-20T12:17:41+00:00,10001-50000
tfv1:000522,26J39,43385,mob-edu.ru,42,stratified uniform sample: 625 domains from each fixed rank band; Python random.Random(42),2026-08-20T12:17:41+00:00,10001-50000
tfv1:000523,26J39,43393,mobilism.org,42,stratified uniform sample: 625 domains from each fixed rank band; Python random.Random(42),2026-08-20T12:17:41+00:00,10001-50000
tfv1:000524,26J39,43501,discovercard.com,42,stratified uniform sample: 625 domains from each fixed rank band; Python random.Random(42),2026-08-20T12:17:41+00:00,10001-50000
tfv1:000525,26J39,43517,tropicaltidbits.com,42,stratified uniform sample: 625 domains from each fixed rank band; Python random.Random(42),2026-08-20T12:17:41+00:00,10001-50000
tfv1:000526,26J39,43696,informacion.es,42,stratified uniform sample: 625 domains from each fixed rank band; Python random.Random(42),2026-08-20T12:17:41+00:00,10001-50000
tfv1:000527,26J39,43781,kbcard.com,42,stratified uniform sample: 625 domains from each fixed rank band; Python random.Random(42),2026-08-20T12:17:41+00:00,10001-50000
tfv1:000528,26J39,43920,txdmv.gov,42,stratified uniform sample: 625 domains from each fixed rank band; Python random.Random(42),2026-08-20T12:17:41+00:00,10001-50000
tfv1:000529,26J39,43945,comicland.org,42,stratified uniform sample: 625 domains from each fixed rank band; Python random.Random(42),2026-08-20T12:17:41+00:00,10001-50000
tfv1:000530,26J39,44074,americanheart.org,42,stratified uniform sample: 625 domains from each fixed rank band; Python random.Random(42),2026-08-20T12:17:41+00:00,10001-50000
tfv1:000531,26J39,44164,cost.eu,42,stratified uniform sample: 625 domains from each fixed rank band; Python random.Random(42),2026-08-20T12:17:41+00:00,10001-50000
tfv1:000532,26J39,44262,duowan.com,42,stratified uniform sample: 625 domains from each fixed rank band; Python random.Random(42),2026-08-20T12:17:41+00:00,10001-50000
tfv1:000533,26J39,44582,dnparking.com,42,stratified uniform sample: 625 domains from each fixed rank band; Python random.Random(42),2026-08-20T12:17:41+00:00,10001-50000
tfv1:000534,26J39,44665,rnib.org.uk,42,stratified uniform sample: 625 domains from each fixed rank band; Python random.Random(42),2026-08-20T12:17:41+00:00,10001-50000
tfv1:000535,26J39,44677,misitiohostgator.com,42,stratified uniform sample: 625 domains from each fixed rank band; Python random.Random(42),2026-08-20T12:17:41+00:00,10001-50000
tfv1:000536,26J39,44758,cpanellogin.net,42,stratified uniform sample: 625 domains from each fixed rank band; Python random.Random(42),2026-08-20T12:17:41+00:00,10001-50000
tfv1:000537,26J39,44808,iceporn.com,42,stratified uniform sample: 625 domains from each fixed rank band; Python random.Random(42),2026-08-20T12:17:41+00:00,10001-50000
tfv1:000538,26J39,44809,modernluxury.com,42,stratified uniform sample: 625 domains from each fixed rank band; Python random.Random(42),2026-08-20T12:17:41+00:00,10001-50000
tfv1:000539,26J39,44912,americangirl.com,42,stratified uniform sample: 625 domains from each fixed rank band; Python random.Random(42),2026-08-20T12:17:41+00:00,10001-50000
tfv1:000540,26J39,45005,revistagq.com,42,stratified uniform sample: 625 domains from each fixed rank band; Python random.Random(42),2026-08-20T12:17:41+00:00,10001-50000
tfv1:000541,26J39,45006,grin.com,42,stratified uniform sample: 625 domains from each fixed rank band; Python random.Random(42),2026-08-20T12:17:41+00:00,10001-50000
tfv1:000542,26J39,45142,ai-db.science,42,stratified uniform sample: 625 domains from each fixed rank band; Python random.Random(42),2026-08-20T12:17:41+00:00,10001-50000
tfv1:000543,26J39,45143,getkeepsafe.com,42,stratified uniform sample: 625 domains from each fixed rank band; Python random.Random(42),2026-08-20T12:17:41+00:00,10001-50000
tfv1:000544,26J39,45147,panasia.cn,42,stratified uniform sample: 625 domains from each fixed rank band; Python random.Random(42),2026-08-20T12:17:41+00:00,10001-50000
tfv1:000545,26J39,45191,ahml.ru,42,stratified uniform sample: 625 domains from each fixed rank band; Python random.Random(42),2026-08-20T12:17:41+00:00,10001-50000
tfv1:000546,26J39,45235,shopee.cn,42,stratified uniform sample: 625 domains from each fixed rank band; Python random.Random(42),2026-08-20T12:17:41+00:00,10001-50000
tfv1:000547,26J39,45273,nekomi.cn,42,stratified uniform sample: 625 domains from each fixed rank band; Python random.Random(42),2026-08-20T12:17:41+00:00,10001-50000
tfv1:000548,26J39,45288,veolia.com,42,stratified uniform sample: 625 domains from each fixed rank band; Python random.Random(42),2026-08-20T12:17:41+00:00,10001-50000
tfv1:000549,26J39,45323,courtreserve.com,42,stratified uniform sample: 625 domains from each fixed rank band; Python random.Random(42),2026-08-20T12:17:41+00:00,10001-50000
tfv1:000550,26J39,45340,cdn4ads.com,42,stratified uniform sample: 625 domains from each fixed rank band; Python random.Random(42),2026-08-20T12:17:41+00:00,10001-50000
tfv1:000551,26J39,45344,quickplay.com,42,stratified uniform sample: 625 domains from each fixed rank band; Python random.Random(42),2026-08-20T12:17:41+00:00,10001-50000
tfv1:000552,26J39,45349,atrl.net,42,stratified uniform sample: 625 domains from each fixed rank band; Python random.Random(42),2026-08-20T12:17:41+00:00,10001-50000
tfv1:000553,26J39,45352,jirenjituan.com,42,stratified uniform sample: 625 domains from each fixed rank band; Python random.Random(42),2026-08-20T12:17:41+00:00,10001-50000
tfv1:000554,26J39,45400,superherohype.com,42,stratified uniform sample: 625 domains from each fixed rank band; Python random.Random(42),2026-08-20T12:17:41+00:00,10001-50000
tfv1:000555,26J39,45428,centraldasapostas.net,42,stratified uniform sample: 625 domains from each fixed rank band; Python random.Random(42),2026-08-20T12:17:41+00:00,10001-50000
tfv1:000556,26J39,45534,mycomicshop.com,42,stratified uniform sample: 625 domains from each fixed rank band; Python random.Random(42),2026-08-20T12:17:41+00:00,10001-50000
tfv1:000557,26J39,45561,vml.com,42,stratified uniform sample: 625 domains from each fixed rank band; Python random.Random(42),2026-08-20T12:17:41+00:00,10001-50000
tfv1:000558,26J39,45601,segodnya.ua,42,stratified uniform sample: 625 domains from each fixed rank band; Python random.Random(42),2026-08-20T12:17:41+00:00,10001-50000
tfv1:000559,26J39,45714,funeral-nsk.ru,42,stratified uniform sample: 625 domains from each fixed rank band; Python random.Random(42),2026-08-20T12:17:41+00:00,10001-50000
tfv1:000560,26J39,45742,peerspace.com,42,stratified uniform sample: 625 domains from each fixed rank band; Python random.Random(42),2026-08-20T12:17:41+00:00,10001-50000
tfv1:000561,26J39,45756,md-hq.com,42,stratified uniform sample: 625 domains from each fixed rank band; Python random.Random(42),2026-08-20T12:17:41+00:00,10001-50000
tfv1:000562,26J39,45792,aecf.org,42,stratified uniform sample: 625 domains from each fixed rank band; Python random.Random(42),2026-08-20T12:17:41+00:00,10001-50000
tfv1:000563,26J39,45906,systembolaget.se,42,stratified uniform sample: 625 domains from each fixed rank band; Python random.Random(42),2026-08-20T12:17:41+00:00,10001-50000
tfv1:000564,26J39,45910,elliot.ai,42,stratified uniform sample: 625 domains from each fixed rank band; Python random.Random(42),2026-08-20T12:17:41+00:00,10001-50000
tfv1:000565,26J39,46032,teinon.net,42,stratified uniform sample: 625 domains from each fixed rank band; Python random.Random(42),2026-08-20T12:17:41+00:00,10001-50000
tfv1:000566,26J39,46067,btselem.org,42,stratified uniform sample: 625 domains from each fixed rank band; Python random.Random(42),2026-08-20T12:17:41+00:00,10001-50000
tfv1:000567,26J39,46155,adult-chess.com,42,stratified uniform sample: 625 domains from each fixed rank band; Python random.Random(42),2026-08-20T12:17:41+00:00,10001-50000
tfv1:000568,26J39,46179,hoeffner.de,42,stratified uniform sample: 625 domains from each fixed rank band; Python random.Random(42),2026-08-20T12:17:41+00:00,10001-50000
tfv1:000569,26J39,46211,de-en-es.com,42,stratified uniform sample: 625 domains from each fixed rank band; Python random.Random(42),2026-08-20T12:17:41+00:00,10001-50000
tfv1:000570,26J39,46257,indebuurt.nl,42,stratified uniform sample: 625 domains from each fixed rank band; Python random.Random(42),2026-08-20T12:17:41+00:00,10001-50000
tfv1:000571,26J39,46302,peppaquiz.com,42,stratified uniform sample: 625 domains from each fixed rank band; Python random.Random(42),2026-08-20T12:17:41+00:00,10001-50000
tfv1:000572,26J39,46334,getbring.com,42,stratified uniform sample: 625 domains from each fixed rank band; Python random.Random(42),2026-08-20T12:17:41+00:00,10001-50000
tfv1:000573,26J39,46347,voovmeeting.com,42,stratified uniform sample: 625 domains from each fixed rank band; Python random.Random(42),2026-08-20T12:17:41+00:00,10001-50000
tfv1:000574,26J39,46423,multigamezone.com,42,stratified uniform sample: 625 domains from each fixed rank band; Python random.Random(42),2026-08-20T12:17:41+00:00,10001-50000
tfv1:000575,26J39,46501,republic.com,42,stratified uniform sample: 625 domains from each fixed rank band; Python random.Random(42),2026-08-20T12:17:41+00:00,10001-50000
tfv1:000576,26J39,46531,netbreeze.net,42,stratified uniform sample: 625 domains from each fixed rank band; Python random.Random(42),2026-08-20T12:17:41+00:00,10001-50000
tfv1:000577,26J39,46630,sis001.com,42,stratified uniform sample: 625 domains from each fixed rank band; Python random.Random(42),2026-08-20T12:17:41+00:00,10001-50000
tfv1:000578,26J39,46693,napps-3.com,42,stratified uniform sample: 625 domains from each fixed rank band; Python random.Random(42),2026-08-20T12:17:41+00:00,10001-50000
tfv1:000579,26J39,46760,yomi.mobi,42,stratified uniform sample: 625 domains from each fixed rank band; Python random.Random(42),2026-08-20T12:17:41+00:00,10001-50000
tfv1:000580,26J39,46782,shanghaidisneyresort.com,42,stratified uniform sample: 625 domains from each fixed rank band; Python random.Random(42),2026-08-20T12:17:41+00:00,10001-50000
tfv1:000581,26J39,46790,akulaku.com,42,stratified uniform sample: 625 domains from each fixed rank band; Python random.Random(42),2026-08-20T12:17:41+00:00,10001-50000
tfv1:000582,26J39,46897,techmahindra.com,42,stratified uniform sample: 625 domains from each fixed rank band; Python random.Random(42),2026-08-20T12:17:41+00:00,10001-50000
tfv1:000583,26J39,46988,shopmicas.com,42,stratified uniform sample: 625 domains from each fixed rank band; Python random.Random(42),2026-08-20T12:17:41+00:00,10001-50000
tfv1:000584,26J39,47043,polarchefs.com,42,stratified uniform sample: 625 domains from each fixed rank band; Python random.Random(42),2026-08-20T12:17:41+00:00,10001-50000
tfv1:000585,26J39,47171,directideleteddomain.info,42,stratified uniform sample: 625 domains from each fixed rank band; Python random.Random(42),2026-08-20T12:17:41+00:00,10001-50000
tfv1:000586,26J39,47183,calabriocloud.com,42,stratified uniform sample: 625 domains from each fixed rank band; Python random.Random(42),2026-08-20T12:17:41+00:00,10001-50000
tfv1:000587,26J39,47297,lakeland.co.uk,42,stratified uniform sample: 625 domains from each fixed rank band; Python random.Random(42),2026-08-20T12:17:41+00:00,10001-50000
tfv1:000588,26J39,47335,bingviz.com,42,stratified uniform sample: 625 domains from each fixed rank band; Python random.Random(42),2026-08-20T12:17:41+00:00,10001-50000
tfv1:000589,26J39,47424,pinpoll.com,42,stratified uniform sample: 625 domains from each fixed rank band; Python random.Random(42),2026-08-20T12:17:41+00:00,10001-50000
tfv1:000590,26J39,47728,marvelvsdc.faith,42,stratified uniform sample: 625 domains from each fixed rank band; Python random.Random(42),2026-08-20T12:17:41+00:00,10001-50000
tfv1:000591,26J39,47729,dongqiudi.com,42,stratified uniform sample: 625 domains from each fixed rank band; Python random.Random(42),2026-08-20T12:17:41+00:00,10001-50000
tfv1:000592,26J39,47763,ufyct.com,42,stratified uniform sample: 625 domains from each fixed rank band; Python random.Random(42),2026-08-20T12:17:41+00:00,10001-50000
tfv1:000593,26J39,47788,wongcw.com,42,stratified uniform sample: 625 domains from each fixed rank band; Python random.Random(42),2026-08-20T12:17:41+00:00,10001-50000
tfv1:000594,26J39,47838,ndl.gov.in,42,stratified uniform sample: 625 domains from each fixed rank band; Python random.Random(42),2026-08-20T12:17:41+00:00,10001-50000
tfv1:000595,26J39,47941,lytest.tk,42,stratified uniform sample: 625 domains from each fixed rank band; Python random.Random(42),2026-08-20T12:17:41+00:00,10001-50000
tfv1:000596,26J39,47958,4travel.jp,42,stratified uniform sample: 625 domains from each fixed rank band; Python random.Random(42),2026-08-20T12:17:41+00:00,10001-50000
tfv1:000597,26J39,48010,22xploitercrew.com,42,stratified uniform sample: 625 domains from each fixed rank band; Python random.Random(42),2026-08-20T12:17:41+00:00,10001-50000
tfv1:000598,26J39,48050,netban.cn,42,stratified uniform sample: 625 domains from each fixed rank band; Python random.Random(42),2026-08-20T12:17:41+00:00,10001-50000
tfv1:000599,26J39,48176,zooplus.es,42,stratified uniform sample: 625 domains from each fixed rank band; Python random.Random(42),2026-08-20T12:17:41+00:00,10001-50000
tfv1:000600,26J39,48243,intakeq.com,42,stratified uniform sample: 625 domains from each fixed rank band; Python random.Random(42),2026-08-20T12:17:41+00:00,10001-50000
tfv1:000601,26J39,48252,bfh.ch,42,stratified uniform sample: 625 domains from each fixed rank band; Python random.Random(42),2026-08-20T12:17:41+00:00,10001-50000
tfv1:000602,26J39,48279,lyricfind.com,42,stratified uniform sample: 625 domains from each fixed rank band; Python random.Random(42),2026-08-20T12:17:41+00:00,10001-50000
tfv1:000603,26J39,48285,veriff.me,42,stratified uniform sample: 625 domains from each fixed rank band; Python random.Random(42),2026-08-20T12:17:41+00:00,10001-50000
tfv1:000604,26J39,48312,turboquestz.com,42,stratified uniform sample: 625 domains from each fixed rank band; Python random.Random(42),2026-08-20T12:17:41+00:00,10001-50000
tfv1:000605,26J39,48556,hallmarkchannel.com,42,stratified uniform sample: 625 domains from each fixed rank band; Python random.Random(42),2026-08-20T12:17:41+00:00,10001-50000
tfv1:000606,26J39,48565,multimango.com,42,stratified uniform sample: 625 domains from each fixed rank band; Python random.Random(42),2026-08-20T12:17:41+00:00,10001-50000
tfv1:000607,26J39,48619,car2go.com,42,stratified uniform sample: 625 domains from each fixed rank band; Python random.Random(42),2026-08-20T12:17:41+00:00,10001-50000
tfv1:000608,26J39,48699,plex.com,42,stratified uniform sample: 625 domains from each fixed rank band; Python random.Random(42),2026-08-20T12:17:41+00:00,10001-50000
tfv1:000609,26J39,48791,pagaleve.com.br,42,stratified uniform sample: 625 domains from each fixed rank band; Python random.Random(42),2026-08-20T12:17:41+00:00,10001-50000
tfv1:000610,26J39,48963,makmur76.top,42,stratified uniform sample: 625 domains from each fixed rank band; Python random.Random(42),2026-08-20T12:17:41+00:00,10001-50000
tfv1:000611,26J39,48997,kinoteatr.ru,42,stratified uniform sample: 625 domains from each fixed rank band; Python random.Random(42),2026-08-20T12:17:41+00:00,10001-50000
tfv1:000612,26J39,49024,brusnika.ltd,42,stratified uniform sample: 625 domains from each fixed rank band; Python random.Random(42),2026-08-20T12:17:41+00:00,10001-50000
tfv1:000613,26J39,49053,netalerts.io,42,stratified uniform sample: 625 domains from each fixed rank band; Python random.Random(42),2026-08-20T12:17:41+00:00,10001-50000
tfv1:000614,26J39,49087,lesscss.org,42,stratified uniform sample: 625 domains from each fixed rank band; Python random.Random(42),2026-08-20T12:17:41+00:00,10001-50000
tfv1:000615,26J39,49097,pathologyoutlines.com,42,stratified uniform sample: 625 domains from each fixed rank band; Python random.Random(42),2026-08-20T12:17:41+00:00,10001-50000
tfv1:000616,26J39,49253,odbm.org,42,stratified uniform sample: 625 domains from each fixed rank band; Python random.Random(42),2026-08-20T12:17:41+00:00,10001-50000
tfv1:000617,26J39,49454,nzb.life,42,stratified uniform sample: 625 domains from each fixed rank band; Python random.Random(42),2026-08-20T12:17:41+00:00,10001-50000
tfv1:000618,26J39,49535,playdigo.live,42,stratified uniform sample: 625 domains from each fixed rank band; Python random.Random(42),2026-08-20T12:17:41+00:00,10001-50000
tfv1:000619,26J39,49566,hnu.edu.cn,42,stratified uniform sample: 625 domains from each fixed rank band; Python random.Random(42),2026-08-20T12:17:41+00:00,10001-50000
tfv1:000620,26J39,49639,gagadget.com,42,stratified uniform sample: 625 domains from each fixed rank band; Python random.Random(42),2026-08-20T12:17:41+00:00,10001-50000
tfv1:000621,26J39,49729,businessdictionary.com,42,stratified uniform sample: 625 domains from each fixed rank band; Python random.Random(42),2026-08-20T12:17:41+00:00,10001-50000
tfv1:000622,26J39,49754,eon.de,42,stratified uniform sample: 625 domains from each fixed rank band; Python random.Random(42),2026-08-20T12:17:41+00:00,10001-50000
tfv1:000623,26J39,49759,animetosho.org,42,stratified uniform sample: 625 domains from each fixed rank band; Python random.Random(42),2026-08-20T12:17:41+00:00,10001-50000
tfv1:000624,26J39,49910,synapse.ne.jp,42,stratified uniform sample: 625 domains from each fixed rank band; Python random.Random(42),2026-08-20T12:17:41+00:00,10001-50000
tfv1:000625,26J39,49921,go.yandex,42,stratified uniform sample: 625 domains from each fixed rank band; Python random.Random(42),2026-08-20T12:17:41+00:00,10001-50000
tfv1:000626,26J39,50076,w3line.fr,42,stratified uniform sample: 625 domains from each fixed rank band; Python random.Random(42),2026-08-20T12:17:41+00:00,50001-100000
tfv1:000627,26J39,50169,ipcam.so,42,stratified uniform sample: 625 domains from each fixed rank band; Python random.Random(42),2026-08-20T12:17:41+00:00,50001-100000
tfv1:000628,26J39,50176,escapadarural.com,42,stratified uniform sample: 625 domains from each fixed rank band; Python random.Random(42),2026-08-20T12:17:41+00:00,50001-100000
tfv1:000629,26J39,50531,activablog.com,42,stratified uniform sample: 625 domains from each fixed rank band; Python random.Random(42),2026-08-20T12:17:41+00:00,50001-100000
tfv1:000630,26J39,50616,mmsrg.com,42,stratified uniform sample: 625 domains from each fixed rank band; Python random.Random(42),2026-08-20T12:17:41+00:00,50001-100000
tfv1:000631,26J39,50666,tgrthaber.com,42,stratified uniform sample: 625 domains from each fixed rank band; Python random.Random(42),2026-08-20T12:17:41+00:00,50001-100000
tfv1:000632,26J39,50804,majestic-rp.ru,42,stratified uniform sample: 625 domains from each fixed rank band; Python random.Random(42),2026-08-20T12:17:41+00:00,50001-100000
tfv1:000633,26J39,50830,serveftp.com,42,stratified uniform sample: 625 domains from each fixed rank band; Python random.Random(42),2026-08-20T12:17:41+00:00,50001-100000
tfv1:000634,26J39,50897,aeon.jp,42,stratified uniform sample: 625 domains from each fixed rank band; Python random.Random(42),2026-08-20T12:17:41+00:00,50001-100000
tfv1:000635,26J39,50928,nacional.hr,42,stratified uniform sample: 625 domains from each fixed rank band; Python random.Random(42),2026-08-20T12:17:41+00:00,50001-100000
tfv1:000636,26J39,51006,kenyans.co.ke,42,stratified uniform sample: 625 domains from each fixed rank band; Python random.Random(42),2026-08-20T12:17:41+00:00,50001-100000
tfv1:000637,26J39,51131,uvigo.gal,42,stratified uniform sample: 625 domains from each fixed rank band; Python random.Random(42),2026-08-20T12:17:41+00:00,50001-100000
tfv1:000638,26J39,51336,wyndhamdestinations.com,42,stratified uniform sample: 625 domains from each fixed rank band; Python random.Random(42),2026-08-20T12:17:41+00:00,50001-100000
tfv1:000639,26J39,51360,efset.org,42,stratified uniform sample: 625 domains from each fixed rank band; Python random.Random(42),2026-08-20T12:17:41+00:00,50001-100000
tfv1:000640,26J39,51438,vitalchek.com,42,stratified uniform sample: 625 domains from each fixed rank band; Python random.Random(42),2026-08-20T12:17:41+00:00,50001-100000
tfv1:000641,26J39,51683,vibescm.com,42,stratified uniform sample: 625 domains from each fixed rank band; Python random.Random(42),2026-08-20T12:17:41+00:00,50001-100000
tfv1:000642,26J39,51696,delta.nl,42,stratified uniform sample: 625 domains from each fixed rank band; Python random.Random(42),2026-08-20T12:17:41+00:00,50001-100000
tfv1:000643,26J39,51881,riteaid.com,42,stratified uniform sample: 625 domains from each fixed rank band; Python random.Random(42),2026-08-20T12:17:41+00:00,50001-100000
tfv1:000644,26J39,51892,opendatausa.com,42,stratified uniform sample: 625 domains from each fixed rank band; Python random.Random(42),2026-08-20T12:17:41+00:00,50001-100000
tfv1:000645,26J39,51898,pydantic.dev,42,stratified uniform sample: 625 domains from each fixed rank band; Python random.Random(42),2026-08-20T12:17:41+00:00,50001-100000
tfv1:000646,26J39,52034,joingy.com,42,stratified uniform sample: 625 domains from each fixed rank band; Python random.Random(42),2026-08-20T12:17:41+00:00,50001-100000
tfv1:000647,26J39,52140,taraabar.net,42,stratified uniform sample: 625 domains from each fixed rank band; Python random.Random(42),2026-08-20T12:17:41+00:00,50001-100000
tfv1:000648,26J39,52187,flowingdata.com,42,stratified uniform sample: 625 domains from each fixed rank band; Python random.Random(42),2026-08-20T12:17:41+00:00,50001-100000
tfv1:000649,26J39,52353,alc.ca,42,stratified uniform sample: 625 domains from each fixed rank band; Python random.Random(42),2026-08-20T12:17:41+00:00,50001-100000
tfv1:000650,26J39,52405,papamurphys.com,42,stratified uniform sample: 625 domains from each fixed rank band; Python random.Random(42),2026-08-20T12:17:41+00:00,50001-100000
tfv1:000651,26J39,52427,obama.org,42,stratified uniform sample: 625 domains from each fixed rank band; Python random.Random(42),2026-08-20T12:17:41+00:00,50001-100000
tfv1:000652,26J39,52584,navitime.jp,42,stratified uniform sample: 625 domains from each fixed rank band; Python random.Random(42),2026-08-20T12:17:41+00:00,50001-100000
tfv1:000653,26J39,52613,paymentech.net,42,stratified uniform sample: 625 domains from each fixed rank band; Python random.Random(42),2026-08-20T12:17:41+00:00,50001-100000
tfv1:000654,26J39,52637,maregionsud.fr,42,stratified uniform sample: 625 domains from each fixed rank band; Python random.Random(42),2026-08-20T12:17:41+00:00,50001-100000
tfv1:000655,26J39,52639,showup.tv,42,stratified uniform sample: 625 domains from each fixed rank band; Python random.Random(42),2026-08-20T12:17:41+00:00,50001-100000
tfv1:000656,26J39,52692,merrjep.al,42,stratified uniform sample: 625 domains from each fixed rank band; Python random.Random(42),2026-08-20T12:17:41+00:00,50001-100000
tfv1:000657,26J39,52861,tobb.org.tr,42,stratified uniform sample: 625 domains from each fixed rank band; Python random.Random(42),2026-08-20T12:17:41+00:00,50001-100000
tfv1:000658,26J39,52983,hongkongdisneyland.com,42,stratified uniform sample: 625 domains from each fixed rank band; Python random.Random(42),2026-08-20T12:17:41+00:00,50001-100000
tfv1:000659,26J39,53015,zybang.com,42,stratified uniform sample: 625 domains from each fixed rank band; Python random.Random(42),2026-08-20T12:17:41+00:00,50001-100000
tfv1:000660,26J39,53215,fashionclyp.com,42,stratified uniform sample: 625 domains from each fixed rank band; Python random.Random(42),2026-08-20T12:17:41+00:00,50001-100000
tfv1:000661,26J39,53368,france2.fr,42,stratified uniform sample: 625 domains from each fixed rank band; Python random.Random(42),2026-08-20T12:17:41+00:00,50001-100000
tfv1:000662,26J39,53383,una.ac.cr,42,stratified uniform sample: 625 domains from each fixed rank band; Python random.Random(42),2026-08-20T12:17:41+00:00,50001-100000
tfv1:000663,26J39,53414,b2match.com,42,stratified uniform sample: 625 domains from each fixed rank band; Python random.Random(42),2026-08-20T12:17:41+00:00,50001-100000
tfv1:000664,26J39,53514,chipy.com,42,stratified uniform sample: 625 domains from each fixed rank band; Python random.Random(42),2026-08-20T12:17:41+00:00,50001-100000
tfv1:000665,26J39,53553,webicom.si,42,stratified uniform sample: 625 domains from each fixed rank band; Python random.Random(42),2026-08-20T12:17:41+00:00,50001-100000
tfv1:000666,26J39,53574,spintheblog.com,42,stratified uniform sample: 625 domains from each fixed rank band; Python random.Random(42),2026-08-20T12:17:41+00:00,50001-100000
tfv1:000667,26J39,53678,dtlr.com,42,stratified uniform sample: 625 domains from each fixed rank band; Python random.Random(42),2026-08-20T12:17:41+00:00,50001-100000
tfv1:000668,26J39,53909,sokolov.ru,42,stratified uniform sample: 625 domains from each fixed rank band; Python random.Random(42),2026-08-20T12:17:41+00:00,50001-100000
tfv1:000669,26J39,53948,havells.com,42,stratified uniform sample: 625 domains from each fixed rank band; Python random.Random(42),2026-08-20T12:17:41+00:00,50001-100000
tfv1:000670,26J39,54283,drmtoday.com,42,stratified uniform sample: 625 domains from each fixed rank band; Python random.Random(42),2026-08-20T12:17:41+00:00,50001-100000
tfv1:000671,26J39,54485,tiiny.site,42,stratified uniform sample: 625 domains from each fixed rank band; Python random.Random(42),2026-08-20T12:17:41+00:00,50001-100000
tfv1:000672,26J39,54497,lululemon.com.au,42,stratified uniform sample: 625 domains from each fixed rank band; Python random.Random(42),2026-08-20T12:17:41+00:00,50001-100000
tfv1:000673,26J39,54520,b-orie.com.cn,42,stratified uniform sample: 625 domains from each fixed rank band; Python random.Random(42),2026-08-20T12:17:41+00:00,50001-100000
tfv1:000674,26J39,54576,zhschip.com,42,stratified uniform sample: 625 domains from each fixed rank band; Python random.Random(42),2026-08-20T12:17:41+00:00,50001-100000
tfv1:000675,26J39,54665,v-bets.win,42,stratified uniform sample: 625 domains from each fixed rank band; Python random.Random(42),2026-08-20T12:17:41+00:00,50001-100000
tfv1:000676,26J39,54680,csustan.edu,42,stratified uniform sample: 625 domains from each fixed rank band; Python random.Random(42),2026-08-20T12:17:41+00:00,50001-100000
tfv1:000677,26J39,54841,pixelmuose.com,42,stratified uniform sample: 625 domains from each fixed rank band; Python random.Random(42),2026-08-20T12:17:41+00:00,50001-100000
tfv1:000678,26J39,54856,spankingtube.com,42,stratified uniform sample: 625 domains from each fixed rank band; Python random.Random(42),2026-08-20T12:17:41+00:00,50001-100000
tfv1:000679,26J39,54904,imobiliare.ro,42,stratified uniform sample: 625 domains from each fixed rank band; Python random.Random(42),2026-08-20T12:17:41+00:00,50001-100000
tfv1:000680,26J39,54920,initvv.com,42,stratified uniform sample: 625 domains from each fixed rank band; Python random.Random(42),2026-08-20T12:17:41+00:00,50001-100000
tfv1:000681,26J39,54981,ttzgame.com,42,stratified uniform sample: 625 domains from each fixed rank band; Python random.Random(42),2026-08-20T12:17:41+00:00,50001-100000
tfv1:000682,26J39,55176,spinics.net,42,stratified uniform sample: 625 domains from each fixed rank band; Python random.Random(42),2026-08-20T12:17:41+00:00,50001-100000
tfv1:000683,26J39,55264,pom.go.id,42,stratified uniform sample: 625 domains from each fixed rank band; Python random.Random(42),2026-08-20T12:17:41+00:00,50001-100000
tfv1:000684,26J39,55272,chipdocs.com,42,stratified uniform sample: 625 domains from each fixed rank band; Python random.Random(42),2026-08-20T12:17:41+00:00,50001-100000
tfv1:000685,26J39,55321,telecominfraproject.com,42,stratified uniform sample: 625 domains from each fixed rank band; Python random.Random(42),2026-08-20T12:17:41+00:00,50001-100000
tfv1:000686,26J39,55583,science.gov,42,stratified uniform sample: 625 domains from each fixed rank band; Python random.Random(42),2026-08-20T12:17:41+00:00,50001-100000
tfv1:000687,26J39,55611,batteriesplus.com,42,stratified uniform sample: 625 domains from each fixed rank band; Python random.Random(42),2026-08-20T12:17:41+00:00,50001-100000
tfv1:000688,26J39,55680,picodi.com,42,stratified uniform sample: 625 domains from each fixed rank band; Python random.Random(42),2026-08-20T12:17:41+00:00,50001-100000
tfv1:000689,26J39,55772,snap.net.nz,42,stratified uniform sample: 625 domains from each fixed rank band; Python random.Random(42),2026-08-20T12:17:41+00:00,50001-100000
tfv1:000690,26J39,55924,ultranova12.com,42,stratified uniform sample: 625 domains from each fixed rank band; Python random.Random(42),2026-08-20T12:17:41+00:00,50001-100000
tfv1:000691,26J39,55980,recruitingbypaycor.com,42,stratified uniform sample: 625 domains from each fixed rank band; Python random.Random(42),2026-08-20T12:17:41+00:00,50001-100000
tfv1:000692,26J39,55986,ticketsports.com.br,42,stratified uniform sample: 625 domains from each fixed rank band; Python random.Random(42),2026-08-20T12:17:41+00:00,50001-100000
tfv1:000693,26J39,56099,nsn.fm,42,stratified uniform sample: 625 domains from each fixed rank band; Python random.Random(42),2026-08-20T12:17:41+00:00,50001-100000
tfv1:000694,26J39,56109,nobodyschild.com,42,stratified uniform sample: 625 domains from each fixed rank band; Python random.Random(42),2026-08-20T12:17:41+00:00,50001-100000
tfv1:000695,26J39,56368,tryhelium.com,42,stratified uniform sample: 625 domains from each fixed rank band; Python random.Random(42),2026-08-20T12:17:41+00:00,50001-100000
tfv1:000696,26J39,56452,starrezhousing.com,42,stratified uniform sample: 625 domains from each fixed rank band; Python random.Random(42),2026-08-20T12:17:41+00:00,50001-100000
tfv1:000697,26J39,56504,stillfront.com,42,stratified uniform sample: 625 domains from each fixed rank band; Python random.Random(42),2026-08-20T12:17:41+00:00,50001-100000
tfv1:000698,26J39,56535,iris.tv,42,stratified uniform sample: 625 domains from each fixed rank band; Python random.Random(42),2026-08-20T12:17:41+00:00,50001-100000
tfv1:000699,26J39,56578,core-vps.lv,42,stratified uniform sample: 625 domains from each fixed rank band; Python random.Random(42),2026-08-20T12:17:41+00:00,50001-100000
tfv1:000700,26J39,56587,tmh.energy,42,stratified uniform sample: 625 domains from each fixed rank band; Python random.Random(42),2026-08-20T12:17:41+00:00,50001-100000
tfv1:000701,26J39,56589,viooh.com,42,stratified uniform sample: 625 domains from each fixed rank band; Python random.Random(42),2026-08-20T12:17:41+00:00,50001-100000
tfv1:000702,26J39,56679,ctmers.io,42,stratified uniform sample: 625 domains from each fixed rank band; Python random.Random(42),2026-08-20T12:17:41+00:00,50001-100000
tfv1:000703,26J39,56724,materialise.com,42,stratified uniform sample: 625 domains from each fixed rank band; Python random.Random(42),2026-08-20T12:17:41+00:00,50001-100000
tfv1:000704,26J39,56856,4p.de,42,stratified uniform sample: 625 domains from each fixed rank band; Python random.Random(42),2026-08-20T12:17:41+00:00,50001-100000
tfv1:000705,26J39,56917,news.bg,42,stratified uniform sample: 625 domains from each fixed rank band; Python random.Random(42),2026-08-20T12:17:41+00:00,50001-100000
tfv1:000706,26J39,56990,machinetools.com,42,stratified uniform sample: 625 domains from each fixed rank band; Python random.Random(42),2026-08-20T12:17:41+00:00,50001-100000
tfv1:000707,26J39,57085,gmx.fr,42,stratified uniform sample: 625 domains from each fixed rank band; Python random.Random(42),2026-08-20T12:17:41+00:00,50001-100000
tfv1:000708,26J39,57436,shareai.pro,42,stratified uniform sample: 625 domains from each fixed rank band; Python random.Random(42),2026-08-20T12:17:41+00:00,50001-100000
tfv1:000709,26J39,57477,jellyneo.net,42,stratified uniform sample: 625 domains from each fixed rank band; Python random.Random(42),2026-08-20T12:17:41+00:00,50001-100000
tfv1:000710,26J39,57497,bo3.gg,42,stratified uniform sample: 625 domains from each fixed rank band; Python random.Random(42),2026-08-20T12:17:41+00:00,50001-100000
tfv1:000711,26J39,57507,mdlottery.com,42,stratified uniform sample: 625 domains from each fixed rank band; Python random.Random(42),2026-08-20T12:17:41+00:00,50001-100000
tfv1:000712,26J39,57522,gentaur.com,42,stratified uniform sample: 625 domains from each fixed rank band; Python random.Random(42),2026-08-20T12:17:41+00:00,50001-100000
tfv1:000713,26J39,57598,i-web.kr,42,stratified uniform sample: 625 domains from each fixed rank band; Python random.Random(42),2026-08-20T12:17:41+00:00,50001-100000
tfv1:000714,26J39,57699,travala.com,42,stratified uniform sample: 625 domains from each fixed rank band; Python random.Random(42),2026-08-20T12:17:41+00:00,50001-100000
tfv1:000715,26J39,57763,moshix2.net,42,stratified uniform sample: 625 domains from each fixed rank band; Python random.Random(42),2026-08-20T12:17:41+00:00,50001-100000
tfv1:000716,26J39,57836,ashp.org,42,stratified uniform sample: 625 domains from each fixed rank band; Python random.Random(42),2026-08-20T12:17:41+00:00,50001-100000
tfv1:000717,26J39,57908,intellectualreserveinc.org,42,stratified uniform sample: 625 domains from each fixed rank band; Python random.Random(42),2026-08-20T12:17:41+00:00,50001-100000
tfv1:000718,26J39,57934,top-channel.tv,42,stratified uniform sample: 625 domains from each fixed rank band; Python random.Random(42),2026-08-20T12:17:41+00:00,50001-100000
tfv1:000719,26J39,57958,leiphone.com,42,stratified uniform sample: 625 domains from each fixed rank band; Python random.Random(42),2026-08-20T12:17:41+00:00,50001-100000
tfv1:000720,26J39,58150,revelup.com,42,stratified uniform sample: 625 domains from each fixed rank band; Python random.Random(42),2026-08-20T12:17:41+00:00,50001-100000
tfv1:000721,26J39,58273,justone.ai,42,stratified uniform sample: 625 domains from each fixed rank band; Python random.Random(42),2026-08-20T12:17:41+00:00,50001-100000
tfv1:000722,26J39,58274,swamp.net.au,42,stratified uniform sample: 625 domains from each fixed rank band; Python random.Random(42),2026-08-20T12:17:41+00:00,50001-100000
tfv1:000723,26J39,58276,football365.fr,42,stratified uniform sample: 625 domains from each fixed rank band; Python random.Random(42),2026-08-20T12:17:41+00:00,50001-100000
tfv1:000724,26J39,58296,kingtto.cn,42,stratified uniform sample: 625 domains from each fixed rank band; Python random.Random(42),2026-08-20T12:17:41+00:00,50001-100000
tfv1:000725,26J39,58587,nextgen.com,42,stratified uniform sample: 625 domains from each fixed rank band; Python random.Random(42),2026-08-20T12:17:41+00:00,50001-100000
tfv1:000726,26J39,58947,wbrc.com,42,stratified uniform sample: 625 domains from each fixed rank band; Python random.Random(42),2026-08-20T12:17:41+00:00,50001-100000
tfv1:000727,26J39,58964,mastercard.de,42,stratified uniform sample: 625 domains from each fixed rank band; Python random.Random(42),2026-08-20T12:17:41+00:00,50001-100000
tfv1:000728,26J39,59322,archeofuturae.com,42,stratified uniform sample: 625 domains from each fixed rank band; Python random.Random(42),2026-08-20T12:17:41+00:00,50001-100000
tfv1:000729,26J39,59380,defencesecurityasia.com,42,stratified uniform sample: 625 domains from each fixed rank band; Python random.Random(42),2026-08-20T12:17:41+00:00,50001-100000
tfv1:000730,26J39,59448,brsgolf.com,42,stratified uniform sample: 625 domains from each fixed rank band; Python random.Random(42),2026-08-20T12:17:41+00:00,50001-100000
tfv1:000731,26J39,59480,entradium.com,42,stratified uniform sample: 625 domains from each fixed rank band; Python random.Random(42),2026-08-20T12:17:41+00:00,50001-100000
tfv1:000732,26J39,59541,transas.com,42,stratified uniform sample: 625 domains from each fixed rank band; Python random.Random(42),2026-08-20T12:17:41+00:00,50001-100000
tfv1:000733,26J39,59739,bboy1.com,42,stratified uniform sample: 625 domains from each fixed rank band; Python random.Random(42),2026-08-20T12:17:41+00:00,50001-100000
tfv1:000734,26J39,59765,alisweb.org,42,stratified uniform sample: 625 domains from each fixed rank band; Python random.Random(42),2026-08-20T12:17:41+00:00,50001-100000
tfv1:000735,26J39,59778,directauto.com,42,stratified uniform sample: 625 domains from each fixed rank band; Python random.Random(42),2026-08-20T12:17:41+00:00,50001-100000
tfv1:000736,26J39,59944,cpost.cz,42,stratified uniform sample: 625 domains from each fixed rank band; Python random.Random(42),2026-08-20T12:17:41+00:00,50001-100000
tfv1:000737,26J39,59969,apprenticeshipindia.gov.in,42,stratified uniform sample: 625 domains from each fixed rank band; Python random.Random(42),2026-08-20T12:17:41+00:00,50001-100000
tfv1:000738,26J39,59987,springfarma.com,42,stratified uniform sample: 625 domains from each fixed rank band; Python random.Random(42),2026-08-20T12:17:41+00:00,50001-100000
tfv1:000739,26J39,60027,holdemmanager.com,42,stratified uniform sample: 625 domains from each fixed rank band; Python random.Random(42),2026-08-20T12:17:41+00:00,50001-100000
tfv1:000740,26J39,60091,leonbetcasino.org,42,stratified uniform sample: 625 domains from each fixed rank band; Python random.Random(42),2026-08-20T12:17:41+00:00,50001-100000
tfv1:000741,26J39,60117,piapro.jp,42,stratified uniform sample: 625 domains from each fixed rank band; Python random.Random(42),2026-08-20T12:17:41+00:00,50001-100000
tfv1:000742,26J39,60259,verifymywhois.com,42,stratified uniform sample: 625 domains from each fixed rank band; Python random.Random(42),2026-08-20T12:17:41+00:00,50001-100000
tfv1:000743,26J39,60293,drimble.nl,42,stratified uniform sample: 625 domains from each fixed rank band; Python random.Random(42),2026-08-20T12:17:41+00:00,50001-100000
tfv1:000744,26J39,60354,cai-media-management.com,42,stratified uniform sample: 625 domains from each fixed rank band; Python random.Random(42),2026-08-20T12:17:41+00:00,50001-100000
tfv1:000745,26J39,60380,maxpreps.io,42,stratified uniform sample: 625 domains from each fixed rank band; Python random.Random(42),2026-08-20T12:17:41+00:00,50001-100000
tfv1:000746,26J39,60540,garena.tw,42,stratified uniform sample: 625 domains from each fixed rank band; Python random.Random(42),2026-08-20T12:17:41+00:00,50001-100000
tfv1:000747,26J39,60733,dihk.de,42,stratified uniform sample: 625 domains from each fixed rank band; Python random.Random(42),2026-08-20T12:17:41+00:00,50001-100000
tfv1:000748,26J39,60874,laovm1sz5.com,42,stratified uniform sample: 625 domains from each fixed rank band; Python random.Random(42),2026-08-20T12:17:41+00:00,50001-100000
tfv1:000749,26J39,60903,rmmservice.com,42,stratified uniform sample: 625 domains from each fixed rank band; Python random.Random(42),2026-08-20T12:17:41+00:00,50001-100000
tfv1:000750,26J39,60997,israelinfo.co.il,42,stratified uniform sample: 625 domains from each fixed rank band; Python random.Random(42),2026-08-20T12:17:41+00:00,50001-100000
tfv1:000751,26J39,61141,toyota.co.th,42,stratified uniform sample: 625 domains from each fixed rank band; Python random.Random(42),2026-08-20T12:17:41+00:00,50001-100000
tfv1:000752,26J39,61392,da.gov.ph,42,stratified uniform sample: 625 domains from each fixed rank band; Python random.Random(42),2026-08-20T12:17:41+00:00,50001-100000
tfv1:000753,26J39,61474,thepiratebay10.xyz,42,stratified uniform sample: 625 domains from each fixed rank band; Python random.Random(42),2026-08-20T12:17:41+00:00,50001-100000
tfv1:000754,26J39,61482,clearid.io,42,stratified uniform sample: 625 domains from each fixed rank band; Python random.Random(42),2026-08-20T12:17:41+00:00,50001-100000
tfv1:000755,26J39,61544,idtheftcenter.org,42,stratified uniform sample: 625 domains from each fixed rank band; Python random.Random(42),2026-08-20T12:17:41+00:00,50001-100000
tfv1:000756,26J39,61760,analitycs.net,42,stratified uniform sample: 625 domains from each fixed rank band; Python random.Random(42),2026-08-20T12:17:41+00:00,50001-100000
tfv1:000757,26J39,61801,threema.com,42,stratified uniform sample: 625 domains from each fixed rank band; Python random.Random(42),2026-08-20T12:17:41+00:00,50001-100000
tfv1:000758,26J39,61895,trabalhabrasil.com.br,42,stratified uniform sample: 625 domains from each fixed rank band; Python random.Random(42),2026-08-20T12:17:41+00:00,50001-100000
tfv1:000759,26J39,61918,trex.com,42,stratified uniform sample: 625 domains from each fixed rank band; Python random.Random(42),2026-08-20T12:17:41+00:00,50001-100000
tfv1:000760,26J39,62083,buttonizer.io,42,stratified uniform sample: 625 domains from each fixed rank band; Python random.Random(42),2026-08-20T12:17:41+00:00,50001-100000
tfv1:000761,26J39,62134,iptnet.net,42,stratified uniform sample: 625 domains from each fixed rank band; Python random.Random(42),2026-08-20T12:17:41+00:00,50001-100000
tfv1:000762,26J39,62294,assembledhq.com,42,stratified uniform sample: 625 domains from each fixed rank band; Python random.Random(42),2026-08-20T12:17:41+00:00,50001-100000
tfv1:000763,26J39,62364,romance.io,42,stratified uniform sample: 625 domains from each fixed rank band; Python random.Random(42),2026-08-20T12:17:41+00:00,50001-100000
tfv1:000764,26J39,62461,fnlondon.com,42,stratified uniform sample: 625 domains from each fixed rank band; Python random.Random(42),2026-08-20T12:17:41+00:00,50001-100000
tfv1:000765,26J39,62492,kiotviet.vn,42,stratified uniform sample: 625 domains from each fixed rank band; Python random.Random(42),2026-08-20T12:17:41+00:00,50001-100000
tfv1:000766,26J39,62522,betway.com.gh,42,stratified uniform sample: 625 domains from each fixed rank band; Python random.Random(42),2026-08-20T12:17:41+00:00,50001-100000
tfv1:000767,26J39,62553,gleeden.com,42,stratified uniform sample: 625 domains from each fixed rank band; Python random.Random(42),2026-08-20T12:17:41+00:00,50001-100000
tfv1:000768,26J39,62622,afrihost.com,42,stratified uniform sample: 625 domains from each fixed rank band; Python random.Random(42),2026-08-20T12:17:41+00:00,50001-100000
tfv1:000769,26J39,62722,article.com,42,stratified uniform sample: 625 domains from each fixed rank band; Python random.Random(42),2026-08-20T12:17:41+00:00,50001-100000
tfv1:000770,26J39,62965,fashionbeans.com,42,stratified uniform sample: 625 domains from each fixed rank band; Python random.Random(42),2026-08-20T12:17:41+00:00,50001-100000
tfv1:000771,26J39,62998,abiyefon.com,42,stratified uniform sample: 625 domains from each fixed rank band; Python random.Random(42),2026-08-20T12:17:41+00:00,50001-100000
tfv1:000772,26J39,63056,venex.com.ar,42,stratified uniform sample: 625 domains from each fixed rank band; Python random.Random(42),2026-08-20T12:17:41+00:00,50001-100000
tfv1:000773,26J39,63066,colab.dev,42,stratified uniform sample: 625 domains from each fixed rank band; Python random.Random(42),2026-08-20T12:17:41+00:00,50001-100000
tfv1:000774,26J39,63341,fordforums.com.au,42,stratified uniform sample: 625 domains from each fixed rank band; Python random.Random(42),2026-08-20T12:17:41+00:00,50001-100000
tfv1:000775,26J39,63618,chlh5o3vr.com,42,stratified uniform sample: 625 domains from each fixed rank band; Python random.Random(42),2026-08-20T12:17:41+00:00,50001-100000
tfv1:000776,26J39,63830,q-t-p-9.com,42,stratified uniform sample: 625 domains from each fixed rank band; Python random.Random(42),2026-08-20T12:17:41+00:00,50001-100000
tfv1:000777,26J39,63902,basilica.ro,42,stratified uniform sample: 625 domains from each fixed rank band; Python random.Random(42),2026-08-20T12:17:41+00:00,50001-100000
tfv1:000778,26J39,64181,esic.in,42,stratified uniform sample: 625 domains from each fixed rank band; Python random.Random(42),2026-08-20T12:17:41+00:00,50001-100000
tfv1:000779,26J39,64285,elance.com,42,stratified uniform sample: 625 domains from each fixed rank band; Python random.Random(42),2026-08-20T12:17:41+00:00,50001-100000
tfv1:000780,26J39,64353,babe.today,42,stratified uniform sample: 625 domains from each fixed rank band; Python random.Random(42),2026-08-20T12:17:41+00:00,50001-100000
tfv1:000781,26J39,64523,jialika.com,42,stratified uniform sample: 625 domains from each fixed rank band; Python random.Random(42),2026-08-20T12:17:41+00:00,50001-100000
tfv1:000782,26J39,64695,dfrobot.com,42,stratified uniform sample: 625 domains from each fixed rank band; Python random.Random(42),2026-08-20T12:17:41+00:00,50001-100000
tfv1:000783,26J39,64726,ndus.edu,42,stratified uniform sample: 625 domains from each fixed rank band; Python random.Random(42),2026-08-20T12:17:41+00:00,50001-100000
tfv1:000784,26J39,64734,imprint.co,42,stratified uniform sample: 625 domains from each fixed rank band; Python random.Random(42),2026-08-20T12:17:41+00:00,50001-100000
tfv1:000785,26J39,64791,bookline.hu,42,stratified uniform sample: 625 domains from each fixed rank band; Python random.Random(42),2026-08-20T12:17:41+00:00,50001-100000
tfv1:000786,26J39,64909,nsd.se,42,stratified uniform sample: 625 domains from each fixed rank band; Python random.Random(42),2026-08-20T12:17:41+00:00,50001-100000
tfv1:000787,26J39,65003,d2l.ai,42,stratified uniform sample: 625 domains from each fixed rank band; Python random.Random(42),2026-08-20T12:17:41+00:00,50001-100000
tfv1:000788,26J39,65082,xfantazy.org,42,stratified uniform sample: 625 domains from each fixed rank band; Python random.Random(42),2026-08-20T12:17:41+00:00,50001-100000
tfv1:000789,26J39,65109,fantrax.com,42,stratified uniform sample: 625 domains from each fixed rank band; Python random.Random(42),2026-08-20T12:17:41+00:00,50001-100000
tfv1:000790,26J39,65171,nutripure.fr,42,stratified uniform sample: 625 domains from each fixed rank band; Python random.Random(42),2026-08-20T12:17:41+00:00,50001-100000
tfv1:000791,26J39,65217,milliman.com,42,stratified uniform sample: 625 domains from each fixed rank band; Python random.Random(42),2026-08-20T12:17:41+00:00,50001-100000
tfv1:000792,26J39,65298,barbend.com,42,stratified uniform sample: 625 domains from each fixed rank band; Python random.Random(42),2026-08-20T12:17:41+00:00,50001-100000
tfv1:000793,26J39,65307,piatti.menu,42,stratified uniform sample: 625 domains from each fixed rank band; Python random.Random(42),2026-08-20T12:17:41+00:00,50001-100000
tfv1:000794,26J39,65386,burbuja.info,42,stratified uniform sample: 625 domains from each fixed rank band; Python random.Random(42),2026-08-20T12:17:41+00:00,50001-100000
tfv1:000795,26J39,65546,erasmusmc.nl,42,stratified uniform sample: 625 domains from each fixed rank band; Python random.Random(42),2026-08-20T12:17:41+00:00,50001-100000
tfv1:000796,26J39,65634,epuskesmas.id,42,stratified uniform sample: 625 domains from each fixed rank band; Python random.Random(42),2026-08-20T12:17:41+00:00,50001-100000
tfv1:000797,26J39,65651,aliyunwaf1.com,42,stratified uniform sample: 625 domains from each fixed rank band; Python random.Random(42),2026-08-20T12:17:41+00:00,50001-100000
tfv1:000798,26J39,65683,zipformplus.com,42,stratified uniform sample: 625 domains from each fixed rank band; Python random.Random(42),2026-08-20T12:17:41+00:00,50001-100000
tfv1:000799,26J39,65720,lely.cloud,42,stratified uniform sample: 625 domains from each fixed rank band; Python random.Random(42),2026-08-20T12:17:41+00:00,50001-100000
tfv1:000800,26J39,65750,edreams.fr,42,stratified uniform sample: 625 domains from each fixed rank band; Python random.Random(42),2026-08-20T12:17:41+00:00,50001-100000
tfv1:000801,26J39,65784,proporn.cc,42,stratified uniform sample: 625 domains from each fixed rank band; Python random.Random(42),2026-08-20T12:17:41+00:00,50001-100000
tfv1:000802,26J39,65818,lebenslauf.com,42,stratified uniform sample: 625 domains from each fixed rank band; Python random.Random(42),2026-08-20T12:17:41+00:00,50001-100000
tfv1:000803,26J39,65916,xgif.cc,42,stratified uniform sample: 625 domains from each fixed rank band; Python random.Random(42),2026-08-20T12:17:41+00:00,50001-100000
tfv1:000804,26J39,65946,vipxdns.net,42,stratified uniform sample: 625 domains from each fixed rank band; Python random.Random(42),2026-08-20T12:17:41+00:00,50001-100000
tfv1:000805,26J39,65974,enet.vn.ua,42,stratified uniform sample: 625 domains from each fixed rank band; Python random.Random(42),2026-08-20T12:17:41+00:00,50001-100000
tfv1:000806,26J39,65982,lnwdns.net,42,stratified uniform sample: 625 domains from each fixed rank band; Python random.Random(42),2026-08-20T12:17:41+00:00,50001-100000
tfv1:000807,26J39,66004,sunday-webry.com,42,stratified uniform sample: 625 domains from each fixed rank band; Python random.Random(42),2026-08-20T12:17:41+00:00,50001-100000
tfv1:000808,26J39,66089,e-kakushin.com,42,stratified uniform sample: 625 domains from each fixed rank band; Python random.Random(42),2026-08-20T12:17:41+00:00,50001-100000
tfv1:000809,26J39,66206,nin-nin-game.com,42,stratified uniform sample: 625 domains from each fixed rank band; Python random.Random(42),2026-08-20T12:17:41+00:00,50001-100000
tfv1:000810,26J39,66266,shriramfinance.in,42,stratified uniform sample: 625 domains from each fixed rank band; Python random.Random(42),2026-08-20T12:17:41+00:00,50001-100000
tfv1:000811,26J39,66391,indiainfoline.com,42,stratified uniform sample: 625 domains from each fixed rank band; Python random.Random(42),2026-08-20T12:17:41+00:00,50001-100000
tfv1:000812,26J39,66409,rekrute.com,42,stratified uniform sample: 625 domains from each fixed rank band; Python random.Random(42),2026-08-20T12:17:41+00:00,50001-100000
tfv1:000813,26J39,66426,briscoes.co.nz,42,stratified uniform sample: 625 domains from each fixed rank band; Python random.Random(42),2026-08-20T12:17:41+00:00,50001-100000
tfv1:000814,26J39,66476,seewo.com,42,stratified uniform sample: 625 domains from each fixed rank band; Python random.Random(42),2026-08-20T12:17:41+00:00,50001-100000
tfv1:000815,26J39,66542,bluehostwebservers.com,42,stratified uniform sample: 625 domains from each fixed rank band; Python random.Random(42),2026-08-20T12:17:41+00:00,50001-100000
tfv1:000816,26J39,66547,mydesii.com,42,stratified uniform sample: 625 domains from each fixed rank band; Python random.Random(42),2026-08-20T12:17:41+00:00,50001-100000
tfv1:000817,26J39,66645,historyhit.com,42,stratified uniform sample: 625 domains from each fixed rank band; Python random.Random(42),2026-08-20T12:17:41+00:00,50001-100000
tfv1:000818,26J39,66734,istarski.hr,42,stratified uniform sample: 625 domains from each fixed rank band; Python random.Random(42),2026-08-20T12:17:41+00:00,50001-100000
tfv1:000819,26J39,66794,lucida.to,42,stratified uniform sample: 625 domains from each fixed rank band; Python random.Random(42),2026-08-20T12:17:41+00:00,50001-100000
tfv1:000820,26J39,66932,hosting-nation.net,42,stratified uniform sample: 625 domains from each fixed rank band; Python random.Random(42),2026-08-20T12:17:41+00:00,50001-100000
tfv1:000821,26J39,67338,clouddy.online,42,stratified uniform sample: 625 domains from each fixed rank band; Python random.Random(42),2026-08-20T12:17:41+00:00,50001-100000
tfv1:000822,26J39,67344,whatreallyhappened.com,42,stratified uniform sample: 625 domains from each fixed rank band; Python random.Random(42),2026-08-20T12:17:41+00:00,50001-100000
tfv1:000823,26J39,67369,oxknit.com,42,stratified uniform sample: 625 domains from each fixed rank band; Python random.Random(42),2026-08-20T12:17:41+00:00,50001-100000
tfv1:000824,26J39,67409,everytime.kr,42,stratified uniform sample: 625 domains from each fixed rank band; Python random.Random(42),2026-08-20T12:17:41+00:00,50001-100000
tfv1:000825,26J39,67502,ertflix.gr,42,stratified uniform sample: 625 domains from each fixed rank band; Python random.Random(42),2026-08-20T12:17:41+00:00,50001-100000
tfv1:000826,26J39,67510,skymetweather.com,42,stratified uniform sample: 625 domains from each fixed rank band; Python random.Random(42),2026-08-20T12:17:41+00:00,50001-100000
tfv1:000827,26J39,67590,nethosted.co.uk,42,stratified uniform sample: 625 domains from each fixed rank band; Python random.Random(42),2026-08-20T12:17:41+00:00,50001-100000
tfv1:000828,26J39,67663,zoho.uk,42,stratified uniform sample: 625 domains from each fixed rank band; Python random.Random(42),2026-08-20T12:17:41+00:00,50001-100000
tfv1:000829,26J39,67701,beenergised.cloud,42,stratified uniform sample: 625 domains from each fixed rank band; Python random.Random(42),2026-08-20T12:17:41+00:00,50001-100000
tfv1:000830,26J39,67755,yellowpepper.com,42,stratified uniform sample: 625 domains from each fixed rank band; Python random.Random(42),2026-08-20T12:17:41+00:00,50001-100000
tfv1:000831,26J39,67842,colsubsidio.com,42,stratified uniform sample: 625 domains from each fixed rank band; Python random.Random(42),2026-08-20T12:17:41+00:00,50001-100000
tfv1:000832,26J39,67920,kualo.com,42,stratified uniform sample: 625 domains from each fixed rank band; Python random.Random(42),2026-08-20T12:17:41+00:00,50001-100000
tfv1:000833,26J39,67978,nic.at,42,stratified uniform sample: 625 domains from each fixed rank band; Python random.Random(42),2026-08-20T12:17:41+00:00,50001-100000
tfv1:000834,26J39,67989,smarthomecs.com,42,stratified uniform sample: 625 domains from each fixed rank band; Python random.Random(42),2026-08-20T12:17:41+00:00,50001-100000
tfv1:000835,26J39,68105,porntrex.tv,42,stratified uniform sample: 625 domains from each fixed rank band; Python random.Random(42),2026-08-20T12:17:41+00:00,50001-100000
tfv1:000836,26J39,68106,tempatbokep.com,42,stratified uniform sample: 625 domains from each fixed rank band; Python random.Random(42),2026-08-20T12:17:41+00:00,50001-100000
tfv1:000837,26J39,68121,nagoyatv.com,42,stratified uniform sample: 625 domains from each fixed rank band; Python random.Random(42),2026-08-20T12:17:41+00:00,50001-100000
tfv1:000838,26J39,68230,door.ac,42,stratified uniform sample: 625 domains from each fixed rank band; Python random.Random(42),2026-08-20T12:17:41+00:00,50001-100000
tfv1:000839,26J39,68280,anacams.com,42,stratified uniform sample: 625 domains from each fixed rank band; Python random.Random(42),2026-08-20T12:17:41+00:00,50001-100000
tfv1:000840,26J39,68328,codemonkey.com,42,stratified uniform sample: 625 domains from each fixed rank band; Python random.Random(42),2026-08-20T12:17:41+00:00,50001-100000
tfv1:000841,26J39,68529,praktiker.hu,42,stratified uniform sample: 625 domains from each fixed rank band; Python random.Random(42),2026-08-20T12:17:41+00:00,50001-100000
tfv1:000842,26J39,68537,navimedix.com,42,stratified uniform sample: 625 domains from each fixed rank band; Python random.Random(42),2026-08-20T12:17:41+00:00,50001-100000
tfv1:000843,26J39,68547,warthunder.ru,42,stratified uniform sample: 625 domains from each fixed rank band; Python random.Random(42),2026-08-20T12:17:41+00:00,50001-100000
tfv1:000844,26J39,68635,xyyxm.cn,42,stratified uniform sample: 625 domains from each fixed rank band; Python random.Random(42),2026-08-20T12:17:41+00:00,50001-100000
tfv1:000845,26J39,68757,strongh.cn,42,stratified uniform sample: 625 domains from each fixed rank band; Python random.Random(42),2026-08-20T12:17:41+00:00,50001-100000
tfv1:000846,26J39,68834,stayz.com.au,42,stratified uniform sample: 625 domains from each fixed rank band; Python random.Random(42),2026-08-20T12:17:41+00:00,50001-100000
tfv1:000847,26J39,68851,survivalmonkey.com,42,stratified uniform sample: 625 domains from each fixed rank band; Python random.Random(42),2026-08-20T12:17:41+00:00,50001-100000
tfv1:000848,26J39,68877,wormhole.app,42,stratified uniform sample: 625 domains from each fixed rank band; Python random.Random(42),2026-08-20T12:17:41+00:00,50001-100000
tfv1:000849,26J39,68882,k24.net,42,stratified uniform sample: 625 domains from each fixed rank band; Python random.Random(42),2026-08-20T12:17:41+00:00,50001-100000
tfv1:000850,26J39,68889,clic2buy.com,42,stratified uniform sample: 625 domains from each fixed rank band; Python random.Random(42),2026-08-20T12:17:41+00:00,50001-100000
tfv1:000851,26J39,68915,bucataras.ro,42,stratified uniform sample: 625 domains from each fixed rank band; Python random.Random(42),2026-08-20T12:17:41+00:00,50001-100000
tfv1:000852,26J39,69088,my-caps.com,42,stratified uniform sample: 625 domains from each fixed rank band; Python random.Random(42),2026-08-20T12:17:41+00:00,50001-100000
tfv1:000853,26J39,69128,jysk.dk,42,stratified uniform sample: 625 domains from each fixed rank band; Python random.Random(42),2026-08-20T12:17:41+00:00,50001-100000
tfv1:000854,26J39,69146,helloproject.com,42,stratified uniform sample: 625 domains from each fixed rank band; Python random.Random(42),2026-08-20T12:17:41+00:00,50001-100000
tfv1:000855,26J39,69227,udpf.com,42,stratified uniform sample: 625 domains from each fixed rank band; Python random.Random(42),2026-08-20T12:17:41+00:00,50001-100000
tfv1:000856,26J39,69284,hotelmurah.com,42,stratified uniform sample: 625 domains from each fixed rank band; Python random.Random(42),2026-08-20T12:17:41+00:00,50001-100000
tfv1:000857,26J39,69349,91app.io,42,stratified uniform sample: 625 domains from each fixed rank band; Python random.Random(42),2026-08-20T12:17:41+00:00,50001-100000
tfv1:000858,26J39,69391,arcor-ip.net,42,stratified uniform sample: 625 domains from each fixed rank band; Python random.Random(42),2026-08-20T12:17:41+00:00,50001-100000
tfv1:000859,26J39,69415,vola.ro,42,stratified uniform sample: 625 domains from each fixed rank band; Python random.Random(42),2026-08-20T12:17:41+00:00,50001-100000
tfv1:000860,26J39,69488,nowosci.com.pl,42,stratified uniform sample: 625 domains from each fixed rank band; Python random.Random(42),2026-08-20T12:17:41+00:00,50001-100000
tfv1:000861,26J39,69567,fallguys.com,42,stratified uniform sample: 625 domains from each fixed rank band; Python random.Random(42),2026-08-20T12:17:41+00:00,50001-100000
tfv1:000862,26J39,69606,chiemgau24.de,42,stratified uniform sample: 625 domains from each fixed rank band; Python random.Random(42),2026-08-20T12:17:41+00:00,50001-100000
tfv1:000863,26J39,69626,showjet.tv,42,stratified uniform sample: 625 domains from each fixed rank band; Python random.Random(42),2026-08-20T12:17:41+00:00,50001-100000
tfv1:000864,26J39,69765,hibridosyelectricos.com,42,stratified uniform sample: 625 domains from each fixed rank band; Python random.Random(42),2026-08-20T12:17:41+00:00,50001-100000
tfv1:000865,26J39,69800,t-nation.com,42,stratified uniform sample: 625 domains from each fixed rank band; Python random.Random(42),2026-08-20T12:17:41+00:00,50001-100000
tfv1:000866,26J39,69810,dotdigital-pages.com,42,stratified uniform sample: 625 domains from each fixed rank band; Python random.Random(42),2026-08-20T12:17:41+00:00,50001-100000
tfv1:000867,26J39,69913,uca.edu.ar,42,stratified uniform sample: 625 domains from each fixed rank band; Python random.Random(42),2026-08-20T12:17:41+00:00,50001-100000
tfv1:000868,26J39,69929,musiclike.top,42,stratified uniform sample: 625 domains from each fixed rank band; Python random.Random(42),2026-08-20T12:17:41+00:00,50001-100000
tfv1:000869,26J39,70014,trellocdn.com,42,stratified uniform sample: 625 domains from each fixed rank band; Python random.Random(42),2026-08-20T12:17:41+00:00,50001-100000
tfv1:000870,26J39,70068,cybba.solutions,42,stratified uniform sample: 625 domains from each fixed rank band; Python random.Random(42),2026-08-20T12:17:41+00:00,50001-100000
tfv1:000871,26J39,70095,lowtechmagazine.com,42,stratified uniform sample: 625 domains from each fixed rank band; Python random.Random(42),2026-08-20T12:17:41+00:00,50001-100000
tfv1:000872,26J39,70160,wholewell.online,42,stratified uniform sample: 625 domains from each fixed rank band; Python random.Random(42),2026-08-20T12:17:41+00:00,50001-100000
tfv1:000873,26J39,70247,riotesports.com,42,stratified uniform sample: 625 domains from each fixed rank band; Python random.Random(42),2026-08-20T12:17:41+00:00,50001-100000
tfv1:000874,26J39,70366,zzhy.org,42,stratified uniform sample: 625 domains from each fixed rank band; Python random.Random(42),2026-08-20T12:17:41+00:00,50001-100000
tfv1:000875,26J39,70385,up-4ever.net,42,stratified uniform sample: 625 domains from each fixed rank band; Python random.Random(42),2026-08-20T12:17:41+00:00,50001-100000
tfv1:000876,26J39,70445,shoparize.com,42,stratified uniform sample: 625 domains from each fixed rank band; Python random.Random(42),2026-08-20T12:17:41+00:00,50001-100000
tfv1:000877,26J39,70613,nike.in,42,stratified uniform sample: 625 domains from each fixed rank band; Python random.Random(42),2026-08-20T12:17:41+00:00,50001-100000
tfv1:000878,26J39,70680,applianceconnect.net,42,stratified uniform sample: 625 domains from each fixed rank band; Python random.Random(42),2026-08-20T12:17:41+00:00,50001-100000
tfv1:000879,26J39,70753,dalechatea.me,42,stratified uniform sample: 625 domains from each fixed rank band; Python random.Random(42),2026-08-20T12:17:41+00:00,50001-100000
tfv1:000880,26J39,70853,metro.info,42,stratified uniform sample: 625 domains from each fixed rank band; Python random.Random(42),2026-08-20T12:17:41+00:00,50001-100000
tfv1:000881,26J39,71041,sinasws.com,42,stratified uniform sample: 625 domains from each fixed rank band; Python random.Random(42),2026-08-20T12:17:41+00:00,50001-100000
tfv1:000882,26J39,71089,usvx.net,42,stratified uniform sample: 625 domains from each fixed rank band; Python random.Random(42),2026-08-20T12:17:41+00:00,50001-100000
tfv1:000883,26J39,71123,kore.co.il,42,stratified uniform sample: 625 domains from each fixed rank band; Python random.Random(42),2026-08-20T12:17:41+00:00,50001-100000
tfv1:000884,26J39,71124,zjcia.com.cn,42,stratified uniform sample: 625 domains from each fixed rank band; Python random.Random(42),2026-08-20T12:17:41+00:00,50001-100000
tfv1:000885,26J39,71187,horariodebrasilia.org,42,stratified uniform sample: 625 domains from each fixed rank band; Python random.Random(42),2026-08-20T12:17:41+00:00,50001-100000
tfv1:000886,26J39,71259,tinyastro.io,42,stratified uniform sample: 625 domains from each fixed rank band; Python random.Random(42),2026-08-20T12:17:41+00:00,50001-100000
tfv1:000887,26J39,71301,moe.gov.sg,42,stratified uniform sample: 625 domains from each fixed rank band; Python random.Random(42),2026-08-20T12:17:41+00:00,50001-100000
tfv1:000888,26J39,71533,animexin.dev,42,stratified uniform sample: 625 domains from each fixed rank band; Python random.Random(42),2026-08-20T12:17:41+00:00,50001-100000
tfv1:000889,26J39,71615,vitibet.com,42,stratified uniform sample: 625 domains from each fixed rank band; Python random.Random(42),2026-08-20T12:17:41+00:00,50001-100000
tfv1:000890,26J39,71679,huffingtonpost.com.au,42,stratified uniform sample: 625 domains from each fixed rank band; Python random.Random(42),2026-08-20T12:17:41+00:00,50001-100000
tfv1:000891,26J39,71758,gamewave.fr,42,stratified uniform sample: 625 domains from each fixed rank band; Python random.Random(42),2026-08-20T12:17:41+00:00,50001-100000
tfv1:000892,26J39,71787,infraco.hu,42,stratified uniform sample: 625 domains from each fixed rank band; Python random.Random(42),2026-08-20T12:17:41+00:00,50001-100000
tfv1:000893,26J39,71844,heywise.com,42,stratified uniform sample: 625 domains from each fixed rank band; Python random.Random(42),2026-08-20T12:17:41+00:00,50001-100000
tfv1:000894,26J39,72047,uthsc.edu,42,stratified uniform sample: 625 domains from each fixed rank band; Python random.Random(42),2026-08-20T12:17:41+00:00,50001-100000
tfv1:000895,26J39,72188,kontur-extern.ru,42,stratified uniform sample: 625 domains from each fixed rank band; Python random.Random(42),2026-08-20T12:17:41+00:00,50001-100000
tfv1:000896,26J39,72275,betsson.it,42,stratified uniform sample: 625 domains from each fixed rank band; Python random.Random(42),2026-08-20T12:17:41+00:00,50001-100000
tfv1:000897,26J39,72305,asajikan.jp,42,stratified uniform sample: 625 domains from each fixed rank band; Python random.Random(42),2026-08-20T12:17:41+00:00,50001-100000
tfv1:000898,26J39,72329,hollandbikeshop.com,42,stratified uniform sample: 625 domains from each fixed rank band; Python random.Random(42),2026-08-20T12:17:41+00:00,50001-100000
tfv1:000899,26J39,72363,livejoy.mobi,42,stratified uniform sample: 625 domains from each fixed rank band; Python random.Random(42),2026-08-20T12:17:41+00:00,50001-100000
tfv1:000900,26J39,72529,cmshigh.com,42,stratified uniform sample: 625 domains from each fixed rank band; Python random.Random(42),2026-08-20T12:17:41+00:00,50001-100000
tfv1:000901,26J39,72619,backabuddy.co.za,42,stratified uniform sample: 625 domains from each fixed rank band; Python random.Random(42),2026-08-20T12:17:41+00:00,50001-100000
tfv1:000902,26J39,72647,canalplus.fr,42,stratified uniform sample: 625 domains from each fixed rank band; Python random.Random(42),2026-08-20T12:17:41+00:00,50001-100000
tfv1:000903,26J39,72755,atkfan.com,42,stratified uniform sample: 625 domains from each fixed rank band; Python random.Random(42),2026-08-20T12:17:41+00:00,50001-100000
tfv1:000904,26J39,72804,tirs.su,42,stratified uniform sample: 625 domains from each fixed rank band; Python random.Random(42),2026-08-20T12:17:41+00:00,50001-100000
tfv1:000905,26J39,72936,botjfpwy7.com,42,stratified uniform sample: 625 domains from each fixed rank band; Python random.Random(42),2026-08-20T12:17:41+00:00,50001-100000
tfv1:000906,26J39,73057,littlefries.com,42,stratified uniform sample: 625 domains from each fixed rank band; Python random.Random(42),2026-08-20T12:17:41+00:00,50001-100000
tfv1:000907,26J39,73090,rtl-sdr.com,42,stratified uniform sample: 625 domains from each fixed rank band; Python random.Random(42),2026-08-20T12:17:41+00:00,50001-100000
tfv1:000908,26J39,73254,cgswprod.com,42,stratified uniform sample: 625 domains from each fixed rank band; Python random.Random(42),2026-08-20T12:17:41+00:00,50001-100000
tfv1:000909,26J39,73493,apdownload.com,42,stratified uniform sample: 625 domains from each fixed rank band; Python random.Random(42),2026-08-20T12:17:41+00:00,50001-100000
tfv1:000910,26J39,73525,newgrodno.by,42,stratified uniform sample: 625 domains from each fixed rank band; Python random.Random(42),2026-08-20T12:17:41+00:00,50001-100000
tfv1:000911,26J39,73651,vidwestxyz.com,42,stratified uniform sample: 625 domains from each fixed rank band; Python random.Random(42),2026-08-20T12:17:41+00:00,50001-100000
tfv1:000912,26J39,73710,yadelus.ru,42,stratified uniform sample: 625 domains from each fixed rank band; Python random.Random(42),2026-08-20T12:17:41+00:00,50001-100000
tfv1:000913,26J39,73737,ismcdn.jp,42,stratified uniform sample: 625 domains from each fixed rank band; Python random.Random(42),2026-08-20T12:17:41+00:00,50001-100000
tfv1:000914,26J39,74176,aispeech.com,42,stratified uniform sample: 625 domains from each fixed rank band; Python random.Random(42),2026-08-20T12:17:41+00:00,50001-100000
tfv1:000915,26J39,74185,datamanager.co.kr,42,stratified uniform sample: 625 domains from each fixed rank band; Python random.Random(42),2026-08-20T12:17:41+00:00,50001-100000
tfv1:000916,26J39,74286,pocketchamps.com,42,stratified uniform sample: 625 domains from each fixed rank band; Python random.Random(42),2026-08-20T12:17:41+00:00,50001-100000
tfv1:000917,26J39,74566,dubaiphone.net,42,stratified uniform sample: 625 domains from each fixed rank band; Python random.Random(42),2026-08-20T12:17:41+00:00,50001-100000
tfv1:000918,26J39,74597,evernimble.com,42,stratified uniform sample: 625 domains from each fixed rank band; Python random.Random(42),2026-08-20T12:17:41+00:00,50001-100000
tfv1:000919,26J39,74721,karavel.com,42,stratified uniform sample: 625 domains from each fixed rank band; Python random.Random(42),2026-08-20T12:17:41+00:00,50001-100000
tfv1:000920,26J39,74838,clarotvmais.com.br,42,stratified uniform sample: 625 domains from each fixed rank band; Python random.Random(42),2026-08-20T12:17:41+00:00,50001-100000
tfv1:000921,26J39,74905,shopino.app,42,stratified uniform sample: 625 domains from each fixed rank band; Python random.Random(42),2026-08-20T12:17:41+00:00,50001-100000
tfv1:000922,26J39,74929,ampledns.com,42,stratified uniform sample: 625 domains from each fixed rank band; Python random.Random(42),2026-08-20T12:17:41+00:00,50001-100000
tfv1:000923,26J39,74985,ballarddesigns.com,42,stratified uniform sample: 625 domains from each fixed rank band; Python random.Random(42),2026-08-20T12:17:41+00:00,50001-100000
tfv1:000924,26J39,74994,bancnetonline.com,42,stratified uniform sample: 625 domains from each fixed rank band; Python random.Random(42),2026-08-20T12:17:41+00:00,50001-100000
tfv1:000925,26J39,75071,smallbizgenius.net,42,stratified uniform sample: 625 domains from each fixed rank band; Python random.Random(42),2026-08-20T12:17:41+00:00,50001-100000
tfv1:000926,26J39,75099,etuc.org,42,stratified uniform sample: 625 domains from each fixed rank band; Python random.Random(42),2026-08-20T12:17:41+00:00,50001-100000
tfv1:000927,26J39,75139,tpdads.com,42,stratified uniform sample: 625 domains from each fixed rank band; Python random.Random(42),2026-08-20T12:17:41+00:00,50001-100000
tfv1:000928,26J39,75212,mxthunder.com,42,stratified uniform sample: 625 domains from each fixed rank band; Python random.Random(42),2026-08-20T12:17:41+00:00,50001-100000
tfv1:000929,26J39,75303,rider.edu,42,stratified uniform sample: 625 domains from each fixed rank band; Python random.Random(42),2026-08-20T12:17:41+00:00,50001-100000
tfv1:000930,26J39,75940,newspointapp.com,42,stratified uniform sample: 625 domains from each fixed rank band; Python random.Random(42),2026-08-20T12:17:41+00:00,50001-100000
tfv1:000931,26J39,75996,gosnadzor.ru,42,stratified uniform sample: 625 domains from each fixed rank band; Python random.Random(42),2026-08-20T12:17:41+00:00,50001-100000
tfv1:000932,26J39,76050,phoneware.com,42,stratified uniform sample: 625 domains from each fixed rank band; Python random.Random(42),2026-08-20T12:17:41+00:00,50001-100000
tfv1:000933,26J39,76245,whatwapp.io,42,stratified uniform sample: 625 domains from each fixed rank band; Python random.Random(42),2026-08-20T12:17:41+00:00,50001-100000
tfv1:000934,26J39,76261,dnspartner.de,42,stratified uniform sample: 625 domains from each fixed rank band; Python random.Random(42),2026-08-20T12:17:41+00:00,50001-100000
tfv1:000935,26J39,76379,mcnet.co.mz,42,stratified uniform sample: 625 domains from each fixed rank band; Python random.Random(42),2026-08-20T12:17:41+00:00,50001-100000
tfv1:000936,26J39,76489,asusrouter.com,42,stratified uniform sample: 625 domains from each fixed rank band; Python random.Random(42),2026-08-20T12:17:41+00:00,50001-100000
tfv1:000937,26J39,76503,damanwoo.com,42,stratified uniform sample: 625 domains from each fixed rank band; Python random.Random(42),2026-08-20T12:17:41+00:00,50001-100000
tfv1:000938,26J39,76636,neothek.com,42,stratified uniform sample: 625 domains from each fixed rank band; Python random.Random(42),2026-08-20T12:17:41+00:00,50001-100000
tfv1:000939,26J39,76739,rewardgateway.net,42,stratified uniform sample: 625 domains from each fixed rank band; Python random.Random(42),2026-08-20T12:17:41+00:00,50001-100000
tfv1:000940,26J39,76762,voice.fi,42,stratified uniform sample: 625 domains from each fixed rank band; Python random.Random(42),2026-08-20T12:17:41+00:00,50001-100000
tfv1:000941,26J39,76773,benesse.jp,42,stratified uniform sample: 625 domains from each fixed rank band; Python random.Random(42),2026-08-20T12:17:41+00:00,50001-100000
tfv1:000942,26J39,76869,gliwice.pl,42,stratified uniform sample: 625 domains from each fixed rank band; Python random.Random(42),2026-08-20T12:17:41+00:00,50001-100000
tfv1:000943,26J39,76921,sie.gov.hk,42,stratified uniform sample: 625 domains from each fixed rank band; Python random.Random(42),2026-08-20T12:17:41+00:00,50001-100000
tfv1:000944,26J39,76978,wellness-insider.org,42,stratified uniform sample: 625 domains from each fixed rank band; Python random.Random(42),2026-08-20T12:17:41+00:00,50001-100000
tfv1:000945,26J39,77005,smcb.jp,42,stratified uniform sample: 625 domains from each fixed rank band; Python random.Random(42),2026-08-20T12:17:41+00:00,50001-100000
tfv1:000946,26J39,77083,kantotin.com,42,stratified uniform sample: 625 domains from each fixed rank band; Python random.Random(42),2026-08-20T12:17:41+00:00,50001-100000
tfv1:000947,26J39,77194,servicios-fusion.es,42,stratified uniform sample: 625 domains from each fixed rank band; Python random.Random(42),2026-08-20T12:17:41+00:00,50001-100000
tfv1:000948,26J39,77230,cinego.co,42,stratified uniform sample: 625 domains from each fixed rank band; Python random.Random(42),2026-08-20T12:17:41+00:00,50001-100000
tfv1:000949,26J39,77275,starbet.com.lr,42,stratified uniform sample: 625 domains from each fixed rank band; Python random.Random(42),2026-08-20T12:17:41+00:00,50001-100000
tfv1:000950,26J39,77529,xhpro.blog,42,stratified uniform sample: 625 domains from each fixed rank band; Python random.Random(42),2026-08-20T12:17:41+00:00,50001-100000
tfv1:000951,26J39,77808,genyo.com.br,42,stratified uniform sample: 625 domains from each fixed rank band; Python random.Random(42),2026-08-20T12:17:41+00:00,50001-100000
tfv1:000952,26J39,77862,betarades.gr,42,stratified uniform sample: 625 domains from each fixed rank band; Python random.Random(42),2026-08-20T12:17:41+00:00,50001-100000
tfv1:000953,26J39,77886,motorcyclevalley.com,42,stratified uniform sample: 625 domains from each fixed rank band; Python random.Random(42),2026-08-20T12:17:41+00:00,50001-100000
tfv1:000954,26J39,78075,sesame.bg,42,stratified uniform sample: 625 domains from each fixed rank band; Python random.Random(42),2026-08-20T12:17:41+00:00,50001-100000
tfv1:000955,26J39,78104,winloot.com,42,stratified uniform sample: 625 domains from each fixed rank band; Python random.Random(42),2026-08-20T12:17:41+00:00,50001-100000
tfv1:000956,26J39,78226,litoralulromanesc.ro,42,stratified uniform sample: 625 domains from each fixed rank band; Python random.Random(42),2026-08-20T12:17:41+00:00,50001-100000
tfv1:000957,26J39,78314,sharkninja.jp,42,stratified uniform sample: 625 domains from each fixed rank band; Python random.Random(42),2026-08-20T12:17:41+00:00,50001-100000
tfv1:000958,26J39,78412,servrapp.com,42,stratified uniform sample: 625 domains from each fixed rank band; Python random.Random(42),2026-08-20T12:17:41+00:00,50001-100000
tfv1:000959,26J39,78441,arturia.com,42,stratified uniform sample: 625 domains from each fixed rank band; Python random.Random(42),2026-08-20T12:17:41+00:00,50001-100000
tfv1:000960,26J39,78541,buzzap.jp,42,stratified uniform sample: 625 domains from each fixed rank band; Python random.Random(42),2026-08-20T12:17:41+00:00,50001-100000
tfv1:000961,26J39,78546,pirsch.io,42,stratified uniform sample: 625 domains from each fixed rank band; Python random.Random(42),2026-08-20T12:17:41+00:00,50001-100000
tfv1:000962,26J39,78567,hmservers.net,42,stratified uniform sample: 625 domains from each fixed rank band; Python random.Random(42),2026-08-20T12:17:41+00:00,50001-100000
tfv1:000963,26J39,78689,gadgetandgear.com,42,stratified uniform sample: 625 domains from each fixed rank band; Python random.Random(42),2026-08-20T12:17:41+00:00,50001-100000
tfv1:000964,26J39,78713,asianetcom.net,42,stratified uniform sample: 625 domains from each fixed rank band; Python random.Random(42),2026-08-20T12:17:41+00:00,50001-100000
tfv1:000965,26J39,78781,wattboxdns.com,42,stratified uniform sample: 625 domains from each fixed rank band; Python random.Random(42),2026-08-20T12:17:41+00:00,50001-100000
tfv1:000966,26J39,78856,ispyconnect.com,42,stratified uniform sample: 625 domains from each fixed rank band; Python random.Random(42),2026-08-20T12:17:41+00:00,50001-100000
tfv1:000967,26J39,78867,gazeteler.com,42,stratified uniform sample: 625 domains from each fixed rank band; Python random.Random(42),2026-08-20T12:17:41+00:00,50001-100000
tfv1:000968,26J39,78890,inkasex.com,42,stratified uniform sample: 625 domains from each fixed rank band; Python random.Random(42),2026-08-20T12:17:41+00:00,50001-100000
tfv1:000969,26J39,78950,xfkjwifi.com,42,stratified uniform sample: 625 domains from each fixed rank band; Python random.Random(42),2026-08-20T12:17:41+00:00,50001-100000
tfv1:000970,26J39,78970,fansone.co,42,stratified uniform sample: 625 domains from each fixed rank band; Python random.Random(42),2026-08-20T12:17:41+00:00,50001-100000
tfv1:000971,26J39,78982,tatapower-ddl.com,42,stratified uniform sample: 625 domains from each fixed rank band; Python random.Random(42),2026-08-20T12:17:41+00:00,50001-100000
tfv1:000972,26J39,79015,okmart.com,42,stratified uniform sample: 625 domains from each fixed rank band; Python random.Random(42),2026-08-20T12:17:41+00:00,50001-100000
tfv1:000973,26J39,79077,play2go.cloud,42,stratified uniform sample: 625 domains from each fixed rank band; Python random.Random(42),2026-08-20T12:17:41+00:00,50001-100000
tfv1:000974,26J39,79265,ane.cr,42,stratified uniform sample: 625 domains from each fixed rank band; Python random.Random(42),2026-08-20T12:17:41+00:00,50001-100000
tfv1:000975,26J39,79372,kickresume.com,42,stratified uniform sample: 625 domains from each fixed rank band; Python random.Random(42),2026-08-20T12:17:41+00:00,50001-100000
tfv1:000976,26J39,79525,isladejuegos.com,42,stratified uniform sample: 625 domains from each fixed rank band; Python random.Random(42),2026-08-20T12:17:41+00:00,50001-100000
tfv1:000977,26J39,79544,onmohub.com,42,stratified uniform sample: 625 domains from each fixed rank band; Python random.Random(42),2026-08-20T12:17:41+00:00,50001-100000
tfv1:000978,26J39,79737,customervoice360.com,42,stratified uniform sample: 625 domains from each fixed rank band; Python random.Random(42),2026-08-20T12:17:41+00:00,50001-100000
tfv1:000979,26J39,79756,spoken-tutorial.org,42,stratified uniform sample: 625 domains from each fixed rank band; Python random.Random(42),2026-08-20T12:17:41+00:00,50001-100000
tfv1:000980,26J39,79808,ae12372.com,42,stratified uniform sample: 625 domains from each fixed rank band; Python random.Random(42),2026-08-20T12:17:41+00:00,50001-100000
tfv1:000981,26J39,79842,memeosupdates.com,42,stratified uniform sample: 625 domains from each fixed rank band; Python random.Random(42),2026-08-20T12:17:41+00:00,50001-100000
tfv1:000982,26J39,79936,brettspielnetz.de,42,stratified uniform sample: 625 domains from each fixed rank band; Python random.Random(42),2026-08-20T12:17:41+00:00,50001-100000
tfv1:000983,26J39,79940,betaflight.com,42,stratified uniform sample: 625 domains from each fixed rank band; Python random.Random(42),2026-08-20T12:17:41+00:00,50001-100000
tfv1:000984,26J39,79946,zoner.com,42,stratified uniform sample: 625 domains from each fixed rank band; Python random.Random(42),2026-08-20T12:17:41+00:00,50001-100000
tfv1:000985,26J39,80119,uol.edu.pk,42,stratified uniform sample: 625 domains from each fixed rank band; Python random.Random(42),2026-08-20T12:17:41+00:00,50001-100000
tfv1:000986,26J39,80130,dominospizza.es,42,stratified uniform sample: 625 domains from each fixed rank band; Python random.Random(42),2026-08-20T12:17:41+00:00,50001-100000
tfv1:000987,26J39,80222,esoo.ru,42,stratified uniform sample: 625 domains from each fixed rank band; Python random.Random(42),2026-08-20T12:17:41+00:00,50001-100000
tfv1:000988,26J39,80242,freemcserver.net,42,stratified uniform sample: 625 domains from each fixed rank band; Python random.Random(42),2026-08-20T12:17:41+00:00,50001-100000
tfv1:000989,26J39,80277,legalblink.it,42,stratified uniform sample: 625 domains from each fixed rank band; Python random.Random(42),2026-08-20T12:17:41+00:00,50001-100000
tfv1:000990,26J39,80456,amarstock.com,42,stratified uniform sample: 625 domains from each fixed rank band; Python random.Random(42),2026-08-20T12:17:41+00:00,50001-100000
tfv1:000991,26J39,80466,mensagemaniversario.com.br,42,stratified uniform sample: 625 domains from each fixed rank band; Python random.Random(42),2026-08-20T12:17:41+00:00,50001-100000
tfv1:000992,26J39,80477,varian.com,42,stratified uniform sample: 625 domains from each fixed rank band; Python random.Random(42),2026-08-20T12:17:41+00:00,50001-100000
tfv1:000993,26J39,80491,esnips.com,42,stratified uniform sample: 625 domains from each fixed rank band; Python random.Random(42),2026-08-20T12:17:41+00:00,50001-100000
tfv1:000994,26J39,80717,dvet.gov.in,42,stratified uniform sample: 625 domains from each fixed rank band; Python random.Random(42),2026-08-20T12:17:41+00:00,50001-100000
tfv1:000995,26J39,80763,spectrumchemical.com,42,stratified uniform sample: 625 domains from each fixed rank band; Python random.Random(42),2026-08-20T12:17:41+00:00,50001-100000
tfv1:000996,26J39,80769,meuhost.net,42,stratified uniform sample: 625 domains from each fixed rank band; Python random.Random(42),2026-08-20T12:17:41+00:00,50001-100000
tfv1:000997,26J39,80797,tdbtrk.com,42,stratified uniform sample: 625 domains from each fixed rank band; Python random.Random(42),2026-08-20T12:17:41+00:00,50001-100000
tfv1:000998,26J39,80803,hoho.media,42,stratified uniform sample: 625 domains from each fixed rank band; Python random.Random(42),2026-08-20T12:17:41+00:00,50001-100000
tfv1:000999,26J39,80835,joacademy.com,42,stratified uniform sample: 625 domains from each fixed rank band; Python random.Random(42),2026-08-20T12:17:41+00:00,50001-100000
tfv1:001000,26J39,80948,fastfetch.info,42,stratified uniform sample: 625 domains from each fixed rank band; Python random.Random(42),2026-08-20T12:17:41+00:00,50001-100000
tfv1:001001,26J39,80997,idg.se,42,stratified uniform sample: 625 domains from each fixed rank band; Python random.Random(42),2026-08-20T12:17:41+00:00,50001-100000
tfv1:001002,26J39,81016,cafe24api.com,42,stratified uniform sample: 625 domains from each fixed rank band; Python random.Random(42),2026-08-20T12:17:41+00:00,50001-100000
tfv1:001003,26J39,81036,festalab.com.br,42,stratified uniform sample: 625 domains from each fixed rank band; Python random.Random(42),2026-08-20T12:17:41+00:00,50001-100000
tfv1:001004,26J39,81202,rakko.zone,42,stratified uniform sample: 625 domains from each fixed rank band; Python random.Random(42),2026-08-20T12:17:41+00:00,50001-100000
tfv1:001005,26J39,81309,ichancy100.com,42,stratified uniform sample: 625 domains from each fixed rank band; Python random.Random(42),2026-08-20T12:17:41+00:00,50001-100000
tfv1:001006,26J39,81374,staydns.com,42,stratified uniform sample: 625 domains from each fixed rank band; Python random.Random(42),2026-08-20T12:17:41+00:00,50001-100000
tfv1:001007,26J39,81622,biv.com,42,stratified uniform sample: 625 domains from each fixed rank band; Python random.Random(42),2026-08-20T12:17:41+00:00,50001-100000
tfv1:001008,26J39,81668,cloud-mx-ns.net,42,stratified uniform sample: 625 domains from each fixed rank band; Python random.Random(42),2026-08-20T12:17:41+00:00,50001-100000
tfv1:001009,26J39,81687,tekkietown.co.za,42,stratified uniform sample: 625 domains from each fixed rank band; Python random.Random(42),2026-08-20T12:17:41+00:00,50001-100000
tfv1:001010,26J39,81733,teamsg.in,42,stratified uniform sample: 625 domains from each fixed rank band; Python random.Random(42),2026-08-20T12:17:41+00:00,50001-100000
tfv1:001011,26J39,81742,loto.lt,42,stratified uniform sample: 625 domains from each fixed rank band; Python random.Random(42),2026-08-20T12:17:41+00:00,50001-100000
tfv1:001012,26J39,81767,hbtbank.com,42,stratified uniform sample: 625 domains from each fixed rank band; Python random.Random(42),2026-08-20T12:17:41+00:00,50001-100000
tfv1:001013,26J39,81953,6zv5h6l.com,42,stratified uniform sample: 625 domains from each fixed rank band; Python random.Random(42),2026-08-20T12:17:41+00:00,50001-100000
tfv1:001014,26J39,81979,we88m08.com,42,stratified uniform sample: 625 domains from each fixed rank band; Python random.Random(42),2026-08-20T12:17:41+00:00,50001-100000
tfv1:001015,26J39,82020,fiteasy.jp,42,stratified uniform sample: 625 domains from each fixed rank band; Python random.Random(42),2026-08-20T12:17:41+00:00,50001-100000
tfv1:001016,26J39,82090,gossip.it,42,stratified uniform sample: 625 domains from each fixed rank band; Python random.Random(42),2026-08-20T12:17:41+00:00,50001-100000
tfv1:001017,26J39,82126,computerandvideogames.com,42,stratified uniform sample: 625 domains from each fixed rank band; Python random.Random(42),2026-08-20T12:17:41+00:00,50001-100000
tfv1:001018,26J39,82167,esfera.site,42,stratified uniform sample: 625 domains from each fixed rank band; Python random.Random(42),2026-08-20T12:17:41+00:00,50001-100000
tfv1:001019,26J39,82171,mpbhulekh.gov.in,42,stratified uniform sample: 625 domains from each fixed rank band; Python random.Random(42),2026-08-20T12:17:41+00:00,50001-100000
tfv1:001020,26J39,82226,trf5.jus.br,42,stratified uniform sample: 625 domains from each fixed rank band; Python random.Random(42),2026-08-20T12:17:41+00:00,50001-100000
tfv1:001021,26J39,82228,tradedepot.co.nz,42,stratified uniform sample: 625 domains from each fixed rank band; Python random.Random(42),2026-08-20T12:17:41+00:00,50001-100000
tfv1:001022,26J39,82362,edgeaccelerator.space,42,stratified uniform sample: 625 domains from each fixed rank band; Python random.Random(42),2026-08-20T12:17:41+00:00,50001-100000
tfv1:001023,26J39,82395,vnts.io,42,stratified uniform sample: 625 domains from each fixed rank band; Python random.Random(42),2026-08-20T12:17:41+00:00,50001-100000
tfv1:001024,26J39,82462,toxicstream.com,42,stratified uniform sample: 625 domains from each fixed rank band; Python random.Random(42),2026-08-20T12:17:41+00:00,50001-100000
tfv1:001025,26J39,82472,dropmms.forum,42,stratified uniform sample: 625 domains from each fixed rank band; Python random.Random(42),2026-08-20T12:17:41+00:00,50001-100000
tfv1:001026,26J39,82554,kfcpakistan.com,42,stratified uniform sample: 625 domains from each fixed rank band; Python random.Random(42),2026-08-20T12:17:41+00:00,50001-100000
tfv1:001027,26J39,82616,printler.com,42,stratified uniform sample: 625 domains from each fixed rank band; Python random.Random(42),2026-08-20T12:17:41+00:00,50001-100000
tfv1:001028,26J39,82662,lapdonline.org,42,stratified uniform sample: 625 domains from each fixed rank band; Python random.Random(42),2026-08-20T12:17:41+00:00,50001-100000
tfv1:001029,26J39,82670,nouveautes-tele.com,42,stratified uniform sample: 625 domains from each fixed rank band; Python random.Random(42),2026-08-20T12:17:41+00:00,50001-100000
tfv1:001030,26J39,82799,nbc.ca,42,stratified uniform sample: 625 domains from each fixed rank band; Python random.Random(42),2026-08-20T12:17:41+00:00,50001-100000
tfv1:001031,26J39,82919,sbat.ru,42,stratified uniform sample: 625 domains from each fixed rank band; Python random.Random(42),2026-08-20T12:17:41+00:00,50001-100000
tfv1:001032,26J39,83159,donutshield.net,42,stratified uniform sample: 625 domains from each fixed rank band; Python random.Random(42),2026-08-20T12:17:41+00:00,50001-100000
tfv1:001033,26J39,83276,alfredapp.com,42,stratified uniform sample: 625 domains from each fixed rank band; Python random.Random(42),2026-08-20T12:17:41+00:00,50001-100000
tfv1:001034,26J39,83309,divoke-kmene.sk,42,stratified uniform sample: 625 domains from each fixed rank band; Python random.Random(42),2026-08-20T12:17:41+00:00,50001-100000
tfv1:001035,26J39,83350,hgamefree.info,42,stratified uniform sample: 625 domains from each fixed rank band; Python random.Random(42),2026-08-20T12:17:41+00:00,50001-100000
tfv1:001036,26J39,83725,bulbankonline.bg,42,stratified uniform sample: 625 domains from each fixed rank band; Python random.Random(42),2026-08-20T12:17:41+00:00,50001-100000
tfv1:001037,26J39,83858,honeywellaerospace.com,42,stratified uniform sample: 625 domains from each fixed rank band; Python random.Random(42),2026-08-20T12:17:41+00:00,50001-100000
tfv1:001038,26J39,83977,spfbl.net,42,stratified uniform sample: 625 domains from each fixed rank band; Python random.Random(42),2026-08-20T12:17:41+00:00,50001-100000
tfv1:001039,26J39,84011,101kks.com,42,stratified uniform sample: 625 domains from each fixed rank band; Python random.Random(42),2026-08-20T12:17:41+00:00,50001-100000
tfv1:001040,26J39,84194,nakaman-music.ir,42,stratified uniform sample: 625 domains from each fixed rank band; Python random.Random(42),2026-08-20T12:17:41+00:00,50001-100000
tfv1:001041,26J39,84248,songsara.net,42,stratified uniform sample: 625 domains from each fixed rank band; Python random.Random(42),2026-08-20T12:17:41+00:00,50001-100000
tfv1:001042,26J39,84383,newnonmun.com,42,stratified uniform sample: 625 domains from each fixed rank band; Python random.Random(42),2026-08-20T12:17:41+00:00,50001-100000
tfv1:001043,26J39,84469,deltarockme.com,42,stratified uniform sample: 625 domains from each fixed rank band; Python random.Random(42),2026-08-20T12:17:41+00:00,50001-100000
tfv1:001044,26J39,84795,taibahu.edu.sa,42,stratified uniform sample: 625 domains from each fixed rank band; Python random.Random(42),2026-08-20T12:17:41+00:00,50001-100000
tfv1:001045,26J39,84811,eagletribune.com,42,stratified uniform sample: 625 domains from each fixed rank band; Python random.Random(42),2026-08-20T12:17:41+00:00,50001-100000
tfv1:001046,26J39,84914,hollow-mint.com,42,stratified uniform sample: 625 domains from each fixed rank band; Python random.Random(42),2026-08-20T12:17:41+00:00,50001-100000
tfv1:001047,26J39,84972,nationalpartnership.org,42,stratified uniform sample: 625 domains from each fixed rank band; Python random.Random(42),2026-08-20T12:17:41+00:00,50001-100000
tfv1:001048,26J39,85006,naughtyblog.org,42,stratified uniform sample: 625 domains from each fixed rank band; Python random.Random(42),2026-08-20T12:17:41+00:00,50001-100000
tfv1:001049,26J39,85119,afpnet.com.pe,42,stratified uniform sample: 625 domains from each fixed rank band; Python random.Random(42),2026-08-20T12:17:41+00:00,50001-100000
tfv1:001050,26J39,85270,aldi.fr,42,stratified uniform sample: 625 domains from each fixed rank band; Python random.Random(42),2026-08-20T12:17:41+00:00,50001-100000
tfv1:001051,26J39,85297,nectar.org.au,42,stratified uniform sample: 625 domains from each fixed rank band; Python random.Random(42),2026-08-20T12:17:41+00:00,50001-100000
tfv1:001052,26J39,85389,scored.co,42,stratified uniform sample: 625 domains from each fixed rank band; Python random.Random(42),2026-08-20T12:17:41+00:00,50001-100000
tfv1:001053,26J39,85457,flamingtext.com,42,stratified uniform sample: 625 domains from each fixed rank band; Python random.Random(42),2026-08-20T12:17:41+00:00,50001-100000
tfv1:001054,26J39,85560,radios.com.co,42,stratified uniform sample: 625 domains from each fixed rank band; Python random.Random(42),2026-08-20T12:17:41+00:00,50001-100000
tfv1:001055,26J39,85615,aileen-novel.online,42,stratified uniform sample: 625 domains from each fixed rank band; Python random.Random(42),2026-08-20T12:17:41+00:00,50001-100000
tfv1:001056,26J39,85689,lanbide.eus,42,stratified uniform sample: 625 domains from each fixed rank band; Python random.Random(42),2026-08-20T12:17:41+00:00,50001-100000
tfv1:001057,26J39,85822,evalar.ru,42,stratified uniform sample: 625 domains from each fixed rank band; Python random.Random(42),2026-08-20T12:17:41+00:00,50001-100000
tfv1:001058,26J39,85994,33win00.com,42,stratified uniform sample: 625 domains from each fixed rank band; Python random.Random(42),2026-08-20T12:17:41+00:00,50001-100000
tfv1:001059,26J39,86052,poseidon-scans.net,42,stratified uniform sample: 625 domains from each fixed rank band; Python random.Random(42),2026-08-20T12:17:41+00:00,50001-100000
tfv1:001060,26J39,86071,shffls.com,42,stratified uniform sample: 625 domains from each fixed rank band; Python random.Random(42),2026-08-20T12:17:41+00:00,50001-100000
tfv1:001061,26J39,86100,dent-sys.net,42,stratified uniform sample: 625 domains from each fixed rank band; Python random.Random(42),2026-08-20T12:17:41+00:00,50001-100000
tfv1:001062,26J39,86128,letstranzact.com,42,stratified uniform sample: 625 domains from each fixed rank band; Python random.Random(42),2026-08-20T12:17:41+00:00,50001-100000
tfv1:001063,26J39,86171,vlute.edu.vn,42,stratified uniform sample: 625 domains from each fixed rank band; Python random.Random(42),2026-08-20T12:17:41+00:00,50001-100000
tfv1:001064,26J39,86176,upwr.edu.pl,42,stratified uniform sample: 625 domains from each fixed rank band; Python random.Random(42),2026-08-20T12:17:41+00:00,50001-100000
tfv1:001065,26J39,86193,iochile.cl,42,stratified uniform sample: 625 domains from each fixed rank band; Python random.Random(42),2026-08-20T12:17:41+00:00,50001-100000
tfv1:001066,26J39,86265,netboxlabs.com,42,stratified uniform sample: 625 domains from each fixed rank band; Python random.Random(42),2026-08-20T12:17:41+00:00,50001-100000
tfv1:001067,26J39,86273,radwell.com,42,stratified uniform sample: 625 domains from each fixed rank band; Python random.Random(42),2026-08-20T12:17:41+00:00,50001-100000
tfv1:001068,26J39,86385,projectcalico.org,42,stratified uniform sample: 625 domains from each fixed rank band; Python random.Random(42),2026-08-20T12:17:41+00:00,50001-100000
tfv1:001069,26J39,86425,ytxinyongshengzl.com,42,stratified uniform sample: 625 domains from each fixed rank band; Python random.Random(42),2026-08-20T12:17:41+00:00,50001-100000
tfv1:001070,26J39,86574,gd4d.co,42,stratified uniform sample: 625 domains from each fixed rank band; Python random.Random(42),2026-08-20T12:17:41+00:00,50001-100000
tfv1:001071,26J39,86887,tofugu.com,42,stratified uniform sample: 625 domains from each fixed rank band; Python random.Random(42),2026-08-20T12:17:41+00:00,50001-100000
tfv1:001072,26J39,86961,toon-hub.com,42,stratified uniform sample: 625 domains from each fixed rank band; Python random.Random(42),2026-08-20T12:17:41+00:00,50001-100000
tfv1:001073,26J39,87089,topper.com.ar,42,stratified uniform sample: 625 domains from each fixed rank band; Python random.Random(42),2026-08-20T12:17:41+00:00,50001-100000
tfv1:001074,26J39,87266,totalcleaner.com,42,stratified uniform sample: 625 domains from each fixed rank band; Python random.Random(42),2026-08-20T12:17:41+00:00,50001-100000
tfv1:001075,26J39,87304,fastbull.com,42,stratified uniform sample: 625 domains from each fixed rank band; Python random.Random(42),2026-08-20T12:17:41+00:00,50001-100000
tfv1:001076,26J39,87346,next.ae,42,stratified uniform sample: 625 domains from each fixed rank band; Python random.Random(42),2026-08-20T12:17:41+00:00,50001-100000
tfv1:001077,26J39,87474,jyxo-tls.cz,42,stratified uniform sample: 625 domains from each fixed rank band; Python random.Random(42),2026-08-20T12:17:41+00:00,50001-100000
tfv1:001078,26J39,87482,shabu-yuzuan.jp,42,stratified uniform sample: 625 domains from each fixed rank band; Python random.Random(42),2026-08-20T12:17:41+00:00,50001-100000
tfv1:001079,26J39,87622,rogeriomenezes.com.br,42,stratified uniform sample: 625 domains from each fixed rank band; Python random.Random(42),2026-08-20T12:17:41+00:00,50001-100000
tfv1:001080,26J39,87671,zonaepic.vip,42,stratified uniform sample: 625 domains from each fixed rank band; Python random.Random(42),2026-08-20T12:17:41+00:00,50001-100000
tfv1:001081,26J39,87697,karmasgame.com,42,stratified uniform sample: 625 domains from each fixed rank band; Python random.Random(42),2026-08-20T12:17:41+00:00,50001-100000
tfv1:001082,26J39,87736,bp96.ru,42,stratified uniform sample: 625 domains from each fixed rank band; Python random.Random(42),2026-08-20T12:17:41+00:00,50001-100000
tfv1:001083,26J39,87765,zen-manga.com,42,stratified uniform sample: 625 domains from each fixed rank band; Python random.Random(42),2026-08-20T12:17:41+00:00,50001-100000
tfv1:001084,26J39,87816,aqualogica.in,42,stratified uniform sample: 625 domains from each fixed rank band; Python random.Random(42),2026-08-20T12:17:41+00:00,50001-100000
tfv1:001085,26J39,87925,cspire.com,42,stratified uniform sample: 625 domains from each fixed rank band; Python random.Random(42),2026-08-20T12:17:41+00:00,50001-100000
tfv1:001086,26J39,87983,nilfisk.com,42,stratified uniform sample: 625 domains from each fixed rank band; Python random.Random(42),2026-08-20T12:17:41+00:00,50001-100000
tfv1:001087,26J39,88006,mysticocean.baby,42,stratified uniform sample: 625 domains from each fixed rank band; Python random.Random(42),2026-08-20T12:17:41+00:00,50001-100000
tfv1:001088,26J39,88113,danamon.co.id,42,stratified uniform sample: 625 domains from each fixed rank band; Python random.Random(42),2026-08-20T12:17:41+00:00,50001-100000
tfv1:001089,26J39,88218,aysoocollection.com,42,stratified uniform sample: 625 domains from each fixed rank band; Python random.Random(42),2026-08-20T12:17:41+00:00,50001-100000
tfv1:001090,26J39,88361,indahlogistik.co.id,42,stratified uniform sample: 625 domains from each fixed rank band; Python random.Random(42),2026-08-20T12:17:41+00:00,50001-100000
tfv1:001091,26J39,88466,nuevasrevistas.com,42,stratified uniform sample: 625 domains from each fixed rank band; Python random.Random(42),2026-08-20T12:17:41+00:00,50001-100000
tfv1:001092,26J39,88478,omnisport.com,42,stratified uniform sample: 625 domains from each fixed rank band; Python random.Random(42),2026-08-20T12:17:41+00:00,50001-100000
tfv1:001093,26J39,88508,placedescelibataires.fr,42,stratified uniform sample: 625 domains from each fixed rank band; Python random.Random(42),2026-08-20T12:17:41+00:00,50001-100000
tfv1:001094,26J39,88570,svetserialu.io,42,stratified uniform sample: 625 domains from each fixed rank band; Python random.Random(42),2026-08-20T12:17:41+00:00,50001-100000
tfv1:001095,26J39,88640,xvideos.green,42,stratified uniform sample: 625 domains from each fixed rank band; Python random.Random(42),2026-08-20T12:17:41+00:00,50001-100000
tfv1:001096,26J39,88653,zenfisio.com,42,stratified uniform sample: 625 domains from each fixed rank band; Python random.Random(42),2026-08-20T12:17:41+00:00,50001-100000
tfv1:001097,26J39,88679,userscontent.net,42,stratified uniform sample: 625 domains from each fixed rank band; Python random.Random(42),2026-08-20T12:17:41+00:00,50001-100000
tfv1:001098,26J39,88804,misagames.net,42,stratified uniform sample: 625 domains from each fixed rank band; Python random.Random(42),2026-08-20T12:17:41+00:00,50001-100000
tfv1:001099,26J39,88829,commerce7.com,42,stratified uniform sample: 625 domains from each fixed rank band; Python random.Random(42),2026-08-20T12:17:41+00:00,50001-100000
tfv1:001100,26J39,88917,gbets.in,42,stratified uniform sample: 625 domains from each fixed rank band; Python random.Random(42),2026-08-20T12:17:41+00:00,50001-100000
tfv1:001101,26J39,88997,xn--42c6aa0a3cb5b5do1a.com,42,stratified uniform sample: 625 domains from each fixed rank band; Python random.Random(42),2026-08-20T12:17:41+00:00,50001-100000
tfv1:001102,26J39,89068,flirtchat.in,42,stratified uniform sample: 625 domains from each fixed rank band; Python random.Random(42),2026-08-20T12:17:41+00:00,50001-100000
tfv1:001103,26J39,89070,imgsrv4.com,42,stratified uniform sample: 625 domains from each fixed rank band; Python random.Random(42),2026-08-20T12:17:41+00:00,50001-100000
tfv1:001104,26J39,89112,cirrius.in,42,stratified uniform sample: 625 domains from each fixed rank band; Python random.Random(42),2026-08-20T12:17:41+00:00,50001-100000
tfv1:001105,26J39,89193,rewe.co.at,42,stratified uniform sample: 625 domains from each fixed rank band; Python random.Random(42),2026-08-20T12:17:41+00:00,50001-100000
tfv1:001106,26J39,89281,downloadhub.food,42,stratified uniform sample: 625 domains from each fixed rank band; Python random.Random(42),2026-08-20T12:17:41+00:00,50001-100000
tfv1:001107,26J39,89349,ly200-cdn.com,42,stratified uniform sample: 625 domains from each fixed rank band; Python random.Random(42),2026-08-20T12:17:41+00:00,50001-100000
tfv1:001108,26J39,89565,juejin.im,42,stratified uniform sample: 625 domains from each fixed rank band; Python random.Random(42),2026-08-20T12:17:41+00:00,50001-100000
tfv1:001109,26J39,89708,mavigoldgallery.com,42,stratified uniform sample: 625 domains from each fixed rank band; Python random.Random(42),2026-08-20T12:17:41+00:00,50001-100000
tfv1:001110,26J39,89736,gosupermodel.com,42,stratified uniform sample: 625 domains from each fixed rank band; Python random.Random(42),2026-08-20T12:17:41+00:00,50001-100000
tfv1:001111,26J39,89742,tadalafffil.com,42,stratified uniform sample: 625 domains from each fixed rank band; Python random.Random(42),2026-08-20T12:17:41+00:00,50001-100000
tfv1:001112,26J39,89785,watsons.com.hk,42,stratified uniform sample: 625 domains from each fixed rank band; Python random.Random(42),2026-08-20T12:17:41+00:00,50001-100000
tfv1:001113,26J39,89797,mep-cdn.net,42,stratified uniform sample: 625 domains from each fixed rank band; Python random.Random(42),2026-08-20T12:17:41+00:00,50001-100000
tfv1:001114,26J39,89904,arnotts.ie,42,stratified uniform sample: 625 domains from each fixed rank band; Python random.Random(42),2026-08-20T12:17:41+00:00,50001-100000
tfv1:001115,26J39,89944,puneprimenews.com,42,stratified uniform sample: 625 domains from each fixed rank band; Python random.Random(42),2026-08-20T12:17:41+00:00,50001-100000
tfv1:001116,26J39,89953,revspin.net,42,stratified uniform sample: 625 domains from each fixed rank band; Python random.Random(42),2026-08-20T12:17:41+00:00,50001-100000
tfv1:001117,26J39,89999,app-ses.com,42,stratified uniform sample: 625 domains from each fixed rank band; Python random.Random(42),2026-08-20T12:17:41+00:00,50001-100000
tfv1:001118,26J39,90365,rtbxrtb.com,42,stratified uniform sample: 625 domains from each fixed rank band; Python random.Random(42),2026-08-20T12:17:41+00:00,50001-100000
tfv1:001119,26J39,90466,railways.gov.mm,42,stratified uniform sample: 625 domains from each fixed rank band; Python random.Random(42),2026-08-20T12:17:41+00:00,50001-100000
tfv1:001120,26J39,90529,faymas.in,42,stratified uniform sample: 625 domains from each fixed rank band; Python random.Random(42),2026-08-20T12:17:41+00:00,50001-100000
tfv1:001121,26J39,90614,bostonscally.com,42,stratified uniform sample: 625 domains from each fixed rank band; Python random.Random(42),2026-08-20T12:17:41+00:00,50001-100000
tfv1:001122,26J39,90691,speedstream.live,42,stratified uniform sample: 625 domains from each fixed rank band; Python random.Random(42),2026-08-20T12:17:41+00:00,50001-100000
tfv1:001123,26J39,90700,xoxs13chik.com,42,stratified uniform sample: 625 domains from each fixed rank band; Python random.Random(42),2026-08-20T12:17:41+00:00,50001-100000
tfv1:001124,26J39,90720,losango.com.br,42,stratified uniform sample: 625 domains from each fixed rank band; Python random.Random(42),2026-08-20T12:17:41+00:00,50001-100000
tfv1:001125,26J39,90805,onemedical.com,42,stratified uniform sample: 625 domains from each fixed rank band; Python random.Random(42),2026-08-20T12:17:41+00:00,50001-100000
tfv1:001126,26J39,90846,green-api.com,42,stratified uniform sample: 625 domains from each fixed rank band; Python random.Random(42),2026-08-20T12:17:41+00:00,50001-100000
tfv1:001127,26J39,90964,smartagent.app,42,stratified uniform sample: 625 domains from each fixed rank band; Python random.Random(42),2026-08-20T12:17:41+00:00,50001-100000
tfv1:001128,26J39,90987,eroanime-aniruto.net,42,stratified uniform sample: 625 domains from each fixed rank band; Python random.Random(42),2026-08-20T12:17:41+00:00,50001-100000
tfv1:001129,26J39,90994,mn4u.net,42,stratified uniform sample: 625 domains from each fixed rank band; Python random.Random(42),2026-08-20T12:17:41+00:00,50001-100000
tfv1:001130,26J39,91078,dcsaas.eu,42,stratified uniform sample: 625 domains from each fixed rank band; Python random.Random(42),2026-08-20T12:17:41+00:00,50001-100000
tfv1:001131,26J39,91107,conagrabrands.com,42,stratified uniform sample: 625 domains from each fixed rank band; Python random.Random(42),2026-08-20T12:17:41+00:00,50001-100000
tfv1:001132,26J39,91122,aumanaged.com,42,stratified uniform sample: 625 domains from each fixed rank band; Python random.Random(42),2026-08-20T12:17:41+00:00,50001-100000
tfv1:001133,26J39,91173,vzmr.ru,42,stratified uniform sample: 625 domains from each fixed rank band; Python random.Random(42),2026-08-20T12:17:41+00:00,50001-100000
tfv1:001134,26J39,91252,ragnarevival.com,42,stratified uniform sample: 625 domains from each fixed rank band; Python random.Random(42),2026-08-20T12:17:41+00:00,50001-100000
tfv1:001135,26J39,91290,miss148.com,42,stratified uniform sample: 625 domains from each fixed rank band; Python random.Random(42),2026-08-20T12:17:41+00:00,50001-100000
tfv1:001136,26J39,91364,chatzone.jp,42,stratified uniform sample: 625 domains from each fixed rank band; Python random.Random(42),2026-08-20T12:17:41+00:00,50001-100000
tfv1:001137,26J39,91534,aten.com,42,stratified uniform sample: 625 domains from each fixed rank band; Python random.Random(42),2026-08-20T12:17:41+00:00,50001-100000
tfv1:001138,26J39,91602,trai.gov.in,42,stratified uniform sample: 625 domains from each fixed rank band; Python random.Random(42),2026-08-20T12:17:41+00:00,50001-100000
tfv1:001139,26J39,91654,thebaseballcube.com,42,stratified uniform sample: 625 domains from each fixed rank band; Python random.Random(42),2026-08-20T12:17:41+00:00,50001-100000
tfv1:001140,26J39,91722,dafatoto.lol,42,stratified uniform sample: 625 domains from each fixed rank band; Python random.Random(42),2026-08-20T12:17:41+00:00,50001-100000
tfv1:001141,26J39,91804,mictest.cn,42,stratified uniform sample: 625 domains from each fixed rank band; Python random.Random(42),2026-08-20T12:17:41+00:00,50001-100000
tfv1:001142,26J39,91806,bucgexam.in,42,stratified uniform sample: 625 domains from each fixed rank band; Python random.Random(42),2026-08-20T12:17:41+00:00,50001-100000
tfv1:001143,26J39,91874,thecollegefix.com,42,stratified uniform sample: 625 domains from each fixed rank band; Python random.Random(42),2026-08-20T12:17:41+00:00,50001-100000
tfv1:001144,26J39,92330,4bets365.com,42,stratified uniform sample: 625 domains from each fixed rank band; Python random.Random(42),2026-08-20T12:17:41+00:00,50001-100000
tfv1:001145,26J39,92359,a2zsuvidhaa.com,42,stratified uniform sample: 625 domains from each fixed rank band; Python random.Random(42),2026-08-20T12:17:41+00:00,50001-100000
tfv1:001146,26J39,92438,apkguide.online,42,stratified uniform sample: 625 domains from each fixed rank band; Python random.Random(42),2026-08-20T12:17:41+00:00,50001-100000
tfv1:001147,26J39,92444,arabsnude.com,42,stratified uniform sample: 625 domains from each fixed rank band; Python random.Random(42),2026-08-20T12:17:41+00:00,50001-100000
tfv1:001148,26J39,92449,arohan.in,42,stratified uniform sample: 625 domains from each fixed rank band; Python random.Random(42),2026-08-20T12:17:41+00:00,50001-100000
tfv1:001149,26J39,92588,blackdragon.mobi,42,stratified uniform sample: 625 domains from each fixed rank band; Python random.Random(42),2026-08-20T12:17:41+00:00,50001-100000
tfv1:001150,26J39,92608,bpexch.io,42,stratified uniform sample: 625 domains from each fixed rank band; Python random.Random(42),2026-08-20T12:17:41+00:00,50001-100000
tfv1:001151,26J39,92629,burnesstyle.com,42,stratified uniform sample: 625 domains from each fixed rank band; Python random.Random(42),2026-08-20T12:17:41+00:00,50001-100000
tfv1:001152,26J39,92698,chatiw.fr,42,stratified uniform sample: 625 domains from each fixed rank band; Python random.Random(42),2026-08-20T12:17:41+00:00,50001-100000
tfv1:001153,26J39,92714,cidadewap.net,42,stratified uniform sample: 625 domains from each fixed rank band; Python random.Random(42),2026-08-20T12:17:41+00:00,50001-100000
tfv1:001154,26J39,92731,coitonic.com,42,stratified uniform sample: 625 domains from each fixed rank band; Python random.Random(42),2026-08-20T12:17:41+00:00,50001-100000
tfv1:001155,26J39,92912,ednuva.com,42,stratified uniform sample: 625 domains from each fixed rank band; Python random.Random(42),2026-08-20T12:17:41+00:00,50001-100000
tfv1:001156,26J39,93101,gelinler.az,42,stratified uniform sample: 625 domains from each fixed rank band; Python random.Random(42),2026-08-20T12:17:41+00:00,50001-100000
tfv1:001157,26J39,93138,gold-price-live.com,42,stratified uniform sample: 625 domains from each fixed rank band; Python random.Random(42),2026-08-20T12:17:41+00:00,50001-100000
tfv1:001158,26J39,93201,hiddenadda.com,42,stratified uniform sample: 625 domains from each fixed rank band; Python random.Random(42),2026-08-20T12:17:41+00:00,50001-100000
tfv1:001159,26J39,93250,idpaper.co.kr,42,stratified uniform sample: 625 domains from each fixed rank band; Python random.Random(42),2026-08-20T12:17:41+00:00,50001-100000
tfv1:001160,26J39,93282,indo126-v.com,42,stratified uniform sample: 625 domains from each fixed rank band; Python random.Random(42),2026-08-20T12:17:41+00:00,50001-100000
tfv1:001161,26J39,93332,javxhub.io,42,stratified uniform sample: 625 domains from each fixed rank band; Python random.Random(42),2026-08-20T12:17:41+00:00,50001-100000
tfv1:001162,26J39,93354,jkrevenue.nic.in,42,stratified uniform sample: 625 domains from each fixed rank band; Python random.Random(42),2026-08-20T12:17:41+00:00,50001-100000
tfv1:001163,26J39,93424,khanapara.com,42,stratified uniform sample: 625 domains from each fixed rank band; Python random.Random(42),2026-08-20T12:17:41+00:00,50001-100000
tfv1:001164,26J39,93496,leonevil.com,42,stratified uniform sample: 625 domains from each fixed rank band; Python random.Random(42),2026-08-20T12:17:41+00:00,50001-100000
tfv1:001165,26J39,93514,livegames.co.il,42,stratified uniform sample: 625 domains from each fixed rank band; Python random.Random(42),2026-08-20T12:17:41+00:00,50001-100000
tfv1:001166,26J39,93703,mp3j.me,42,stratified uniform sample: 625 domains from each fixed rank band; Python random.Random(42),2026-08-20T12:17:41+00:00,50001-100000
tfv1:001167,26J39,93791,nicedeer.net,42,stratified uniform sample: 625 domains from each fixed rank band; Python random.Random(42),2026-08-20T12:17:41+00:00,50001-100000
tfv1:001168,26J39,93874,p7prx5xn.com,42,stratified uniform sample: 625 domains from each fixed rank band; Python random.Random(42),2026-08-20T12:17:41+00:00,50001-100000
tfv1:001169,26J39,93918,pepco.es,42,stratified uniform sample: 625 domains from each fixed rank band; Python random.Random(42),2026-08-20T12:17:41+00:00,50001-100000
tfv1:001170,26J39,94059,quicketail.com,42,stratified uniform sample: 625 domains from each fixed rank band; Python random.Random(42),2026-08-20T12:17:41+00:00,50001-100000
tfv1:001171,26J39,94191,satta-king-fix-no.in,42,stratified uniform sample: 625 domains from each fixed rank band; Python random.Random(42),2026-08-20T12:17:41+00:00,50001-100000
tfv1:001172,26J39,94195,sattaindianmatka.com,42,stratified uniform sample: 625 domains from each fixed rank band; Python random.Random(42),2026-08-20T12:17:41+00:00,50001-100000
tfv1:001173,26J39,94391,suruma.in,42,stratified uniform sample: 625 domains from each fixed rank band; Python random.Random(42),2026-08-20T12:17:41+00:00,50001-100000
tfv1:001174,26J39,94408,szexfilmek.com,42,stratified uniform sample: 625 domains from each fixed rank band; Python random.Random(42),2026-08-20T12:17:41+00:00,50001-100000
tfv1:001175,26J39,94418,taiwan-sugar.net,42,stratified uniform sample: 625 domains from each fixed rank band; Python random.Random(42),2026-08-20T12:17:41+00:00,50001-100000
tfv1:001176,26J39,94621,viralnests.in,42,stratified uniform sample: 625 domains from each fixed rank band; Python random.Random(42),2026-08-20T12:17:41+00:00,50001-100000
tfv1:001177,26J39,94683,wildliker.com,42,stratified uniform sample: 625 domains from each fixed rank band; Python random.Random(42),2026-08-20T12:17:41+00:00,50001-100000
tfv1:001178,26J39,94770,yourvoicepanel.co.uk,42,stratified uniform sample: 625 domains from each fixed rank band; Python random.Random(42),2026-08-20T12:17:41+00:00,50001-100000
tfv1:001179,26J39,94844,xuexila.com,42,stratified uniform sample: 625 domains from each fixed rank band; Python random.Random(42),2026-08-20T12:17:41+00:00,50001-100000
tfv1:001180,26J39,94853,udd.cl,42,stratified uniform sample: 625 domains from each fixed rank band; Python random.Random(42),2026-08-20T12:17:41+00:00,50001-100000
tfv1:001181,26J39,94945,rtrs.tv,42,stratified uniform sample: 625 domains from each fixed rank band; Python random.Random(42),2026-08-20T12:17:41+00:00,50001-100000
tfv1:001182,26J39,94988,vkvideo.uk,42,stratified uniform sample: 625 domains from each fixed rank band; Python random.Random(42),2026-08-20T12:17:41+00:00,50001-100000
tfv1:001183,26J39,95049,g10498469755.co,42,stratified uniform sample: 625 domains from each fixed rank band; Python random.Random(42),2026-08-20T12:17:41+00:00,50001-100000
tfv1:001184,26J39,95134,sol.net,42,stratified uniform sample: 625 domains from each fixed rank band; Python random.Random(42),2026-08-20T12:17:41+00:00,50001-100000
tfv1:001185,26J39,95179,jingwxcx.com,42,stratified uniform sample: 625 domains from each fixed rank band; Python random.Random(42),2026-08-20T12:17:41+00:00,50001-100000
tfv1:001186,26J39,95231,sspcdn-a.net,42,stratified uniform sample: 625 domains from each fixed rank band; Python random.Random(42),2026-08-20T12:17:41+00:00,50001-100000
tfv1:001187,26J39,95241,danaher.com,42,stratified uniform sample: 625 domains from each fixed rank band; Python random.Random(42),2026-08-20T12:17:41+00:00,50001-100000
tfv1:001188,26J39,95260,ffalcon.cn,42,stratified uniform sample: 625 domains from each fixed rank band; Python random.Random(42),2026-08-20T12:17:41+00:00,50001-100000
tfv1:001189,26J39,95261,tokyo2020.org,42,stratified uniform sample: 625 domains from each fixed rank band; Python random.Random(42),2026-08-20T12:17:41+00:00,50001-100000
tfv1:001190,26J39,95337,backup.management,42,stratified uniform sample: 625 domains from each fixed rank band; Python random.Random(42),2026-08-20T12:17:41+00:00,50001-100000
tfv1:001191,26J39,95398,allplan.com,42,stratified uniform sample: 625 domains from each fixed rank band; Python random.Random(42),2026-08-20T12:17:41+00:00,50001-100000
tfv1:001192,26J39,95461,fminside.net,42,stratified uniform sample: 625 domains from each fixed rank band; Python random.Random(42),2026-08-20T12:17:41+00:00,50001-100000
tfv1:001193,26J39,95483,akeneo.com,42,stratified uniform sample: 625 domains from each fixed rank band; Python random.Random(42),2026-08-20T12:17:41+00:00,50001-100000
tfv1:001194,26J39,95692,breeam.com,42,stratified uniform sample: 625 domains from each fixed rank band; Python random.Random(42),2026-08-20T12:17:41+00:00,50001-100000
tfv1:001195,26J39,95706,schedulegalaxy.com,42,stratified uniform sample: 625 domains from each fixed rank band; Python random.Random(42),2026-08-20T12:17:41+00:00,50001-100000
tfv1:001196,26J39,95712,nrpa.org,42,stratified uniform sample: 625 domains from each fixed rank band; Python random.Random(42),2026-08-20T12:17:41+00:00,50001-100000
tfv1:001197,26J39,95761,leader-id.ru,42,stratified uniform sample: 625 domains from each fixed rank band; Python random.Random(42),2026-08-20T12:17:41+00:00,50001-100000
tfv1:001198,26J39,95828,fleetio.com,42,stratified uniform sample: 625 domains from each fixed rank band; Python random.Random(42),2026-08-20T12:17:41+00:00,50001-100000
tfv1:001199,26J39,95841,barebackbastards.com,42,stratified uniform sample: 625 domains from each fixed rank band; Python random.Random(42),2026-08-20T12:17:41+00:00,50001-100000
tfv1:001200,26J39,95858,sex-rezmoa.com,42,stratified uniform sample: 625 domains from each fixed rank band; Python random.Random(42),2026-08-20T12:17:41+00:00,50001-100000
tfv1:001201,26J39,95953,modohiyaku.com,42,stratified uniform sample: 625 domains from each fixed rank band; Python random.Random(42),2026-08-20T12:17:41+00:00,50001-100000
tfv1:001202,26J39,96063,slidegeeks.com,42,stratified uniform sample: 625 domains from each fixed rank band; Python random.Random(42),2026-08-20T12:17:41+00:00,50001-100000
tfv1:001203,26J39,96071,clorox.com,42,stratified uniform sample: 625 domains from each fixed rank band; Python random.Random(42),2026-08-20T12:17:41+00:00,50001-100000
tfv1:001204,26J39,96131,nafezly.com,42,stratified uniform sample: 625 domains from each fixed rank band; Python random.Random(42),2026-08-20T12:17:41+00:00,50001-100000
tfv1:001205,26J39,96218,ctrtraffic.com,42,stratified uniform sample: 625 domains from each fixed rank band; Python random.Random(42),2026-08-20T12:17:41+00:00,50001-100000
tfv1:001206,26J39,96230,ohioresidentdatabase.com,42,stratified uniform sample: 625 domains from each fixed rank band; Python random.Random(42),2026-08-20T12:17:41+00:00,50001-100000
tfv1:001207,26J39,96332,axonify.com,42,stratified uniform sample: 625 domains from each fixed rank band; Python random.Random(42),2026-08-20T12:17:41+00:00,50001-100000
tfv1:001208,26J39,96355,onerpm.link,42,stratified uniform sample: 625 domains from each fixed rank band; Python random.Random(42),2026-08-20T12:17:41+00:00,50001-100000
tfv1:001209,26J39,96401,blackbox.com,42,stratified uniform sample: 625 domains from each fixed rank band; Python random.Random(42),2026-08-20T12:17:41+00:00,50001-100000
tfv1:001210,26J39,96517,zinrelo.com,42,stratified uniform sample: 625 domains from each fixed rank band; Python random.Random(42),2026-08-20T12:17:41+00:00,50001-100000
tfv1:001211,26J39,96652,redway.ru,42,stratified uniform sample: 625 domains from each fixed rank band; Python random.Random(42),2026-08-20T12:17:41+00:00,50001-100000
tfv1:001212,26J39,96860,javidnaman.com,42,stratified uniform sample: 625 domains from each fixed rank band; Python random.Random(42),2026-08-20T12:17:41+00:00,50001-100000
tfv1:001213,26J39,96964,hbtvby.com,42,stratified uniform sample: 625 domains from each fixed rank band; Python random.Random(42),2026-08-20T12:17:41+00:00,50001-100000
tfv1:001214,26J39,97079,mergeab.uk,42,stratified uniform sample: 625 domains from each fixed rank band; Python random.Random(42),2026-08-20T12:17:41+00:00,50001-100000
tfv1:001215,26J39,97102,nationsreportcard.gov,42,stratified uniform sample: 625 domains from each fixed rank band; Python random.Random(42),2026-08-20T12:17:41+00:00,50001-100000
tfv1:001216,26J39,97191,tengrisport.kz,42,stratified uniform sample: 625 domains from each fixed rank band; Python random.Random(42),2026-08-20T12:17:41+00:00,50001-100000
tfv1:001217,26J39,97247,kaixin001.com,42,stratified uniform sample: 625 domains from each fixed rank band; Python random.Random(42),2026-08-20T12:17:41+00:00,50001-100000
tfv1:001218,26J39,97271,finestresullarte.info,42,stratified uniform sample: 625 domains from each fixed rank band; Python random.Random(42),2026-08-20T12:17:41+00:00,50001-100000
tfv1:001219,26J39,97347,entitydata.net.au,42,stratified uniform sample: 625 domains from each fixed rank band; Python random.Random(42),2026-08-20T12:17:41+00:00,50001-100000
tfv1:001220,26J39,97487,alean.ru,42,stratified uniform sample: 625 domains from each fixed rank band; Python random.Random(42),2026-08-20T12:17:41+00:00,50001-100000
tfv1:001221,26J39,97583,radioking.com,42,stratified uniform sample: 625 domains from each fixed rank band; Python random.Random(42),2026-08-20T12:17:41+00:00,50001-100000
tfv1:001222,26J39,97909,gouv.mc,42,stratified uniform sample: 625 domains from each fixed rank band; Python random.Random(42),2026-08-20T12:17:41+00:00,50001-100000
tfv1:001223,26J39,98091,beinarun.com,42,stratified uniform sample: 625 domains from each fixed rank band; Python random.Random(42),2026-08-20T12:17:41+00:00,50001-100000
tfv1:001224,26J39,98139,jobscout24.ch,42,stratified uniform sample: 625 domains from each fixed rank band; Python random.Random(42),2026-08-20T12:17:41+00:00,50001-100000
tfv1:001225,26J39,98406,vermax.com,42,stratified uniform sample: 625 domains from each fixed rank band; Python random.Random(42),2026-08-20T12:17:41+00:00,50001-100000
tfv1:001226,26J39,98503,gemini.edu,42,stratified uniform sample: 625 domains from each fixed rank band; Python random.Random(42),2026-08-20T12:17:41+00:00,50001-100000
tfv1:001227,26J39,98686,beatbot.com,42,stratified uniform sample: 625 domains from each fixed rank band; Python random.Random(42),2026-08-20T12:17:41+00:00,50001-100000
tfv1:001228,26J39,98803,shine.cn,42,stratified uniform sample: 625 domains from each fixed rank band; Python random.Random(42),2026-08-20T12:17:41+00:00,50001-100000
tfv1:001229,26J39,98805,bitcash.jp,42,stratified uniform sample: 625 domains from each fixed rank band; Python random.Random(42),2026-08-20T12:17:41+00:00,50001-100000
tfv1:001230,26J39,98836,usmc-mccs.org,42,stratified uniform sample: 625 domains from each fixed rank band; Python random.Random(42),2026-08-20T12:17:41+00:00,50001-100000
tfv1:001231,26J39,98886,divers-supply.com,42,stratified uniform sample: 625 domains from each fixed rank band; Python random.Random(42),2026-08-20T12:17:41+00:00,50001-100000
tfv1:001232,26J39,98910,xoilaccm.tv,42,stratified uniform sample: 625 domains from each fixed rank band; Python random.Random(42),2026-08-20T12:17:41+00:00,50001-100000
tfv1:001233,26J39,98941,kaartje2go.nl,42,stratified uniform sample: 625 domains from each fixed rank band; Python random.Random(42),2026-08-20T12:17:41+00:00,50001-100000
tfv1:001234,26J39,99017,darwin-online.org.uk,42,stratified uniform sample: 625 domains from each fixed rank band; Python random.Random(42),2026-08-20T12:17:41+00:00,50001-100000
tfv1:001235,26J39,99084,livetruematch.com,42,stratified uniform sample: 625 domains from each fixed rank band; Python random.Random(42),2026-08-20T12:17:41+00:00,50001-100000
tfv1:001236,26J39,99184,brandyourself.com,42,stratified uniform sample: 625 domains from each fixed rank band; Python random.Random(42),2026-08-20T12:17:41+00:00,50001-100000
tfv1:001237,26J39,99335,fiberx.co.in,42,stratified uniform sample: 625 domains from each fixed rank band; Python random.Random(42),2026-08-20T12:17:41+00:00,50001-100000
tfv1:001238,26J39,99430,highereddive.com,42,stratified uniform sample: 625 domains from each fixed rank band; Python random.Random(42),2026-08-20T12:17:41+00:00,50001-100000
tfv1:001239,26J39,99518,upm.edu.ph,42,stratified uniform sample: 625 domains from each fixed rank band; Python random.Random(42),2026-08-20T12:17:41+00:00,50001-100000
tfv1:001240,26J39,99563,wan.com,42,stratified uniform sample: 625 domains from each fixed rank band; Python random.Random(42),2026-08-20T12:17:41+00:00,50001-100000
tfv1:001241,26J39,99575,collabstr.com,42,stratified uniform sample: 625 domains from each fixed rank band; Python random.Random(42),2026-08-20T12:17:41+00:00,50001-100000
tfv1:001242,26J39,99688,usbanklocations.com,42,stratified uniform sample: 625 domains from each fixed rank band; Python random.Random(42),2026-08-20T12:17:41+00:00,50001-100000
tfv1:001243,26J39,99769,frf-ajf.ro,42,stratified uniform sample: 625 domains from each fixed rank band; Python random.Random(42),2026-08-20T12:17:41+00:00,50001-100000
tfv1:001244,26J39,99807,morellato.com,42,stratified uniform sample: 625 domains from each fixed rank band; Python random.Random(42),2026-08-20T12:17:41+00:00,50001-100000
tfv1:001245,26J39,99821,lancashire.gov.uk,42,stratified uniform sample: 625 domains from each fixed rank band; Python random.Random(42),2026-08-20T12:17:41+00:00,50001-100000
tfv1:001246,26J39,99832,workato-preview.app,42,stratified uniform sample: 625 domains from each fixed rank band; Python random.Random(42),2026-08-20T12:17:41+00:00,50001-100000
tfv1:001247,26J39,99841,themedialine.org,42,stratified uniform sample: 625 domains from each fixed rank band; Python random.Random(42),2026-08-20T12:17:41+00:00,50001-100000
tfv1:001248,26J39,99951,cyberfusion.nl,42,stratified uniform sample: 625 domains from each fixed rank band; Python random.Random(42),2026-08-20T12:17:41+00:00,50001-100000
tfv1:001249,26J39,99987,ltetadafiilus.com,42,stratified uniform sample: 625 domains from each fixed rank band; Python random.Random(42),2026-08-20T12:17:41+00:00,50001-100000
tfv1:001250,26J39,99996,xecce.com,42,stratified uniform sample: 625 domains from each fixed rank band; Python random.Random(42),2026-08-20T12:17:41+00:00,50001-100000
tfv1:001251,26J39,100411,rekord.com.pl,42,stratified uniform sample: 625 domains from each fixed rank band; Python random.Random(42),2026-08-20T12:17:41+00:00,100001-250000
tfv1:001252,26J39,100744,crackberry.com,42,stratified uniform sample: 625 domains from each fixed rank band; Python random.Random(42),2026-08-20T12:17:41+00:00,100001-250000
tfv1:001253,26J39,101377,szsltx.com,42,stratified uniform sample: 625 domains from each fixed rank band; Python random.Random(42),2026-08-20T12:17:41+00:00,100001-250000
tfv1:001254,26J39,101601,vincispins.com,42,stratified uniform sample: 625 domains from each fixed rank band; Python random.Random(42),2026-08-20T12:17:41+00:00,100001-250000
tfv1:001255,26J39,102016,167.in-addr.arpa,42,stratified uniform sample: 625 domains from each fixed rank band; Python random.Random(42),2026-08-20T12:17:41+00:00,100001-250000
tfv1:001256,26J39,102027,classifiedads.com,42,stratified uniform sample: 625 domains from each fixed rank band; Python random.Random(42),2026-08-20T12:17:41+00:00,100001-250000
tfv1:001257,26J39,103649,san-x.co.jp,42,stratified uniform sample: 625 domains from each fixed rank band; Python random.Random(42),2026-08-20T12:17:41+00:00,100001-250000
tfv1:001258,26J39,103896,agame.com,42,stratified uniform sample: 625 domains from each fixed rank band; Python random.Random(42),2026-08-20T12:17:41+00:00,100001-250000
tfv1:001259,26J39,104137,wias-berlin.de,42,stratified uniform sample: 625 domains from each fixed rank band; Python random.Random(42),2026-08-20T12:17:41+00:00,100001-250000
tfv1:001260,26J39,104258,poules.com,42,stratified uniform sample: 625 domains from each fixed rank band; Python random.Random(42),2026-08-20T12:17:41+00:00,100001-250000
tfv1:001261,26J39,104309,booksci.cn,42,stratified uniform sample: 625 domains from each fixed rank band; Python random.Random(42),2026-08-20T12:17:41+00:00,100001-250000
tfv1:001262,26J39,104780,fineapptech.com,42,stratified uniform sample: 625 domains from each fixed rank band; Python random.Random(42),2026-08-20T12:17:41+00:00,100001-250000
tfv1:001263,26J39,104913,20gigs.com,42,stratified uniform sample: 625 domains from each fixed rank band; Python random.Random(42),2026-08-20T12:17:41+00:00,100001-250000
tfv1:001264,26J39,104982,ses-network.net,42,stratified uniform sample: 625 domains from each fixed rank band; Python random.Random(42),2026-08-20T12:17:41+00:00,100001-250000
tfv1:001265,26J39,105331,pryntavo.xyz,42,stratified uniform sample: 625 domains from each fixed rank band; Python random.Random(42),2026-08-20T12:17:41+00:00,100001-250000
tfv1:001266,26J39,105468,astrotalk.in,42,stratified uniform sample: 625 domains from each fixed rank band; Python random.Random(42),2026-08-20T12:17:41+00:00,100001-250000
tfv1:001267,26J39,105599,engagereaders.net,42,stratified uniform sample: 625 domains from each fixed rank band; Python random.Random(42),2026-08-20T12:17:41+00:00,100001-250000
tfv1:001268,26J39,106561,avalonia.com,42,stratified uniform sample: 625 domains from each fixed rank band; Python random.Random(42),2026-08-20T12:17:41+00:00,100001-250000
tfv1:001269,26J39,106759,smsv.com.ar,42,stratified uniform sample: 625 domains from each fixed rank band; Python random.Random(42),2026-08-20T12:17:41+00:00,100001-250000
tfv1:001270,26J39,106883,ymkt0o6ebj.ru,42,stratified uniform sample: 625 domains from each fixed rank band; Python random.Random(42),2026-08-20T12:17:41+00:00,100001-250000
tfv1:001271,26J39,106992,3pkf5m0gd.com,42,stratified uniform sample: 625 domains from each fixed rank band; Python random.Random(42),2026-08-20T12:17:41+00:00,100001-250000
tfv1:001272,26J39,107390,1eobuchg.com,42,stratified uniform sample: 625 domains from each fixed rank band; Python random.Random(42),2026-08-20T12:17:41+00:00,100001-250000
tfv1:001273,26J39,107590,flvto.onl,42,stratified uniform sample: 625 domains from each fixed rank band; Python random.Random(42),2026-08-20T12:17:41+00:00,100001-250000
tfv1:001274,26J39,108037,vlbook247.co,42,stratified uniform sample: 625 domains from each fixed rank band; Python random.Random(42),2026-08-20T12:17:41+00:00,100001-250000
tfv1:001275,26J39,108166,wm.ru,42,stratified uniform sample: 625 domains from each fixed rank band; Python random.Random(42),2026-08-20T12:17:41+00:00,100001-250000
tfv1:001276,26J39,108577,aefinfo.fr,42,stratified uniform sample: 625 domains from each fixed rank band; Python random.Random(42),2026-08-20T12:17:41+00:00,100001-250000
tfv1:001277,26J39,109600,qmjth2940637fafa.com,42,stratified uniform sample: 625 domains from each fixed rank band; Python random.Random(42),2026-08-20T12:17:41+00:00,100001-250000
tfv1:001278,26J39,109696,lemoyne.edu,42,stratified uniform sample: 625 domains from each fixed rank band; Python random.Random(42),2026-08-20T12:17:41+00:00,100001-250000
tfv1:001279,26J39,109755,leads.su,42,stratified uniform sample: 625 domains from each fixed rank band; Python random.Random(42),2026-08-20T12:17:41+00:00,100001-250000
tfv1:001280,26J39,109859,cidadania.gov.br,42,stratified uniform sample: 625 domains from each fixed rank band; Python random.Random(42),2026-08-20T12:17:41+00:00,100001-250000
tfv1:001281,26J39,109896,fingerprint.com,42,stratified uniform sample: 625 domains from each fixed rank band; Python random.Random(42),2026-08-20T12:17:41+00:00,100001-250000
tfv1:001282,26J39,110041,bbfc.co.uk,42,stratified uniform sample: 625 domains from each fixed rank band; Python random.Random(42),2026-08-20T12:17:41+00:00,100001-250000
tfv1:001283,26J39,110261,reestr-pki.ru,42,stratified uniform sample: 625 domains from each fixed rank band; Python random.Random(42),2026-08-20T12:17:41+00:00,100001-250000
tfv1:001284,26J39,110754,enterticket.es,42,stratified uniform sample: 625 domains from each fixed rank band; Python random.Random(42),2026-08-20T12:17:41+00:00,100001-250000
tfv1:001285,26J39,110986,uic.org,42,stratified uniform sample: 625 domains from each fixed rank band; Python random.Random(42),2026-08-20T12:17:41+00:00,100001-250000
tfv1:001286,26J39,111090,3xchina.net,42,stratified uniform sample: 625 domains from each fixed rank band; Python random.Random(42),2026-08-20T12:17:41+00:00,100001-250000
tfv1:001287,26J39,111368,thebusinessdesk.com,42,stratified uniform sample: 625 domains from each fixed rank band; Python random.Random(42),2026-08-20T12:17:41+00:00,100001-250000
tfv1:001288,26J39,111413,ipsl.fr,42,stratified uniform sample: 625 domains from each fixed rank band; Python random.Random(42),2026-08-20T12:17:41+00:00,100001-250000
tfv1:001289,26J39,111454,whkf.net,42,stratified uniform sample: 625 domains from each fixed rank band; Python random.Random(42),2026-08-20T12:17:41+00:00,100001-250000
tfv1:001290,26J39,111484,sst.dk,42,stratified uniform sample: 625 domains from each fixed rank band; Python random.Random(42),2026-08-20T12:17:41+00:00,100001-250000
tfv1:001291,26J39,111623,generadordeprecios.info,42,stratified uniform sample: 625 domains from each fixed rank band; Python random.Random(42),2026-08-20T12:17:41+00:00,100001-250000
tfv1:001292,26J39,111888,epg.pw,42,stratified uniform sample: 625 domains from each fixed rank band; Python random.Random(42),2026-08-20T12:17:41+00:00,100001-250000
tfv1:001293,26J39,111906,evereve.com,42,stratified uniform sample: 625 domains from each fixed rank band; Python random.Random(42),2026-08-20T12:17:41+00:00,100001-250000
tfv1:001294,26J39,112518,rummy-stars.com,42,stratified uniform sample: 625 domains from each fixed rank band; Python random.Random(42),2026-08-20T12:17:41+00:00,100001-250000
tfv1:001295,26J39,112532,sinai.net.co,42,stratified uniform sample: 625 domains from each fixed rank band; Python random.Random(42),2026-08-20T12:17:41+00:00,100001-250000
tfv1:001296,26J39,113045,grainajz.com,42,stratified uniform sample: 625 domains from each fixed rank band; Python random.Random(42),2026-08-20T12:17:41+00:00,100001-250000
tfv1:001297,26J39,113259,connect.de,42,stratified uniform sample: 625 domains from each fixed rank band; Python random.Random(42),2026-08-20T12:17:41+00:00,100001-250000
tfv1:001298,26J39,113487,alliancebernstein.com,42,stratified uniform sample: 625 domains from each fixed rank band; Python random.Random(42),2026-08-20T12:17:41+00:00,100001-250000
tfv1:001299,26J39,113679,booktavern.com,42,stratified uniform sample: 625 domains from each fixed rank band; Python random.Random(42),2026-08-20T12:17:41+00:00,100001-250000
tfv1:001300,26J39,113728,ihscp.com,42,stratified uniform sample: 625 domains from each fixed rank band; Python random.Random(42),2026-08-20T12:17:41+00:00,100001-250000
tfv1:001301,26J39,113737,accesscomm.ca,42,stratified uniform sample: 625 domains from each fixed rank band; Python random.Random(42),2026-08-20T12:17:41+00:00,100001-250000
tfv1:001302,26J39,113792,mccdn.me,42,stratified uniform sample: 625 domains from each fixed rank band; Python random.Random(42),2026-08-20T12:17:41+00:00,100001-250000
tfv1:001303,26J39,113961,dolomitisuperski.com,42,stratified uniform sample: 625 domains from each fixed rank band; Python random.Random(42),2026-08-20T12:17:41+00:00,100001-250000
tfv1:001304,26J39,114361,fonecta.fi,42,stratified uniform sample: 625 domains from each fixed rank band; Python random.Random(42),2026-08-20T12:17:41+00:00,100001-250000
tfv1:001305,26J39,114726,easistent.com,42,stratified uniform sample: 625 domains from each fixed rank band; Python random.Random(42),2026-08-20T12:17:41+00:00,100001-250000
tfv1:001306,26J39,114914,typenetwork.com,42,stratified uniform sample: 625 domains from each fixed rank band; Python random.Random(42),2026-08-20T12:17:41+00:00,100001-250000
tfv1:001307,26J39,115724,ppipe.net,42,stratified uniform sample: 625 domains from each fixed rank band; Python random.Random(42),2026-08-20T12:17:41+00:00,100001-250000
tfv1:001308,26J39,115873,bisag-n.gov.in,42,stratified uniform sample: 625 domains from each fixed rank band; Python random.Random(42),2026-08-20T12:17:41+00:00,100001-250000
tfv1:001309,26J39,115946,bitbin.it,42,stratified uniform sample: 625 domains from each fixed rank band; Python random.Random(42),2026-08-20T12:17:41+00:00,100001-250000
tfv1:001310,26J39,116220,ient.fr,42,stratified uniform sample: 625 domains from each fixed rank band; Python random.Random(42),2026-08-20T12:17:41+00:00,100001-250000
tfv1:001311,26J39,116465,racik198b.xn--6frz82g,42,stratified uniform sample: 625 domains from each fixed rank band; Python random.Random(42),2026-08-20T12:17:41+00:00,100001-250000
tfv1:001312,26J39,116542,telemeet.online,42,stratified uniform sample: 625 domains from each fixed rank band; Python random.Random(42),2026-08-20T12:17:41+00:00,100001-250000
tfv1:001313,26J39,116572,uye-terongbet.site,42,stratified uniform sample: 625 domains from each fixed rank band; Python random.Random(42),2026-08-20T12:17:41+00:00,100001-250000
tfv1:001314,26J39,116662,twgdns.com,42,stratified uniform sample: 625 domains from each fixed rank band; Python random.Random(42),2026-08-20T12:17:41+00:00,100001-250000
tfv1:001315,26J39,117219,basefarm.net,42,stratified uniform sample: 625 domains from each fixed rank band; Python random.Random(42),2026-08-20T12:17:41+00:00,100001-250000
tfv1:001316,26J39,117279,alpharatio.cc,42,stratified uniform sample: 625 domains from each fixed rank band; Python random.Random(42),2026-08-20T12:17:41+00:00,100001-250000
tfv1:001317,26J39,117599,providus.rs,42,stratified uniform sample: 625 domains from each fixed rank band; Python random.Random(42),2026-08-20T12:17:41+00:00,100001-250000
tfv1:001318,26J39,117711,ion-as.nl,42,stratified uniform sample: 625 domains from each fixed rank band; Python random.Random(42),2026-08-20T12:17:41+00:00,100001-250000
tfv1:001319,26J39,117742,pyridostigmine0x7.com,42,stratified uniform sample: 625 domains from each fixed rank band; Python random.Random(42),2026-08-20T12:17:41+00:00,100001-250000
tfv1:001320,26J39,117901,algorand.co,42,stratified uniform sample: 625 domains from each fixed rank band; Python random.Random(42),2026-08-20T12:17:41+00:00,100001-250000
tfv1:001321,26J39,117986,knet.ca,42,stratified uniform sample: 625 domains from each fixed rank band; Python random.Random(42),2026-08-20T12:17:41+00:00,100001-250000
tfv1:001322,26J39,118242,woolworthsgroup.com.au,42,stratified uniform sample: 625 domains from each fixed rank band; Python random.Random(42),2026-08-20T12:17:41+00:00,100001-250000
tfv1:001323,26J39,118895,ch-aviation.com,42,stratified uniform sample: 625 domains from each fixed rank band; Python random.Random(42),2026-08-20T12:17:41+00:00,100001-250000
tfv1:001324,26J39,119266,revivephotopro.com,42,stratified uniform sample: 625 domains from each fixed rank band; Python random.Random(42),2026-08-20T12:17:41+00:00,100001-250000
tfv1:001325,26J39,119449,anychars.fun,42,stratified uniform sample: 625 domains from each fixed rank band; Python random.Random(42),2026-08-20T12:17:41+00:00,100001-250000
tfv1:001326,26J39,119740,acheckerviet.xyz,42,stratified uniform sample: 625 domains from each fixed rank band; Python random.Random(42),2026-08-20T12:17:41+00:00,100001-250000
tfv1:001327,26J39,119754,alexisgrunt.com,42,stratified uniform sample: 625 domains from each fixed rank band; Python random.Random(42),2026-08-20T12:17:41+00:00,100001-250000
tfv1:001328,26J39,120023,etofilm.com,42,stratified uniform sample: 625 domains from each fixed rank band; Python random.Random(42),2026-08-20T12:17:41+00:00,100001-250000
tfv1:001329,26J39,120115,grandpashabet8203.com,42,stratified uniform sample: 625 domains from each fixed rank band; Python random.Random(42),2026-08-20T12:17:41+00:00,100001-250000
tfv1:001330,26J39,120229,kilau4dasli.org,42,stratified uniform sample: 625 domains from each fixed rank band; Python random.Random(42),2026-08-20T12:17:41+00:00,100001-250000
tfv1:001331,26J39,120412,mp4izle.com,42,stratified uniform sample: 625 domains from each fixed rank band; Python random.Random(42),2026-08-20T12:17:41+00:00,100001-250000
tfv1:001332,26J39,120617,rophim10.app,42,stratified uniform sample: 625 domains from each fixed rank band; Python random.Random(42),2026-08-20T12:17:41+00:00,100001-250000
tfv1:001333,26J39,120769,teslatoto344.com,42,stratified uniform sample: 625 domains from each fixed rank band; Python random.Random(42),2026-08-20T12:17:41+00:00,100001-250000
tfv1:001334,26J39,121179,hotporntubes.com,42,stratified uniform sample: 625 domains from each fixed rank band; Python random.Random(42),2026-08-20T12:17:41+00:00,100001-250000
tfv1:001335,26J39,121366,cl-system.jp,42,stratified uniform sample: 625 domains from each fixed rank band; Python random.Random(42),2026-08-20T12:17:41+00:00,100001-250000
tfv1:001336,26J39,121387,officiallondontheatre.com,42,stratified uniform sample: 625 domains from each fixed rank band; Python random.Random(42),2026-08-20T12:17:41+00:00,100001-250000
tfv1:001337,26J39,121393,w3fizxl65eud8-jau3o.so,42,stratified uniform sample: 625 domains from each fixed rank band; Python random.Random(42),2026-08-20T12:17:41+00:00,100001-250000
tfv1:001338,26J39,121988,kmuh.org.tw,42,stratified uniform sample: 625 domains from each fixed rank band; Python random.Random(42),2026-08-20T12:17:41+00:00,100001-250000
tfv1:001339,26J39,122107,sendwave.com,42,stratified uniform sample: 625 domains from each fixed rank band; Python random.Random(42),2026-08-20T12:17:41+00:00,100001-250000
tfv1:001340,26J39,122209,diy-artclub.com,42,stratified uniform sample: 625 domains from each fixed rank band; Python random.Random(42),2026-08-20T12:17:41+00:00,100001-250000
tfv1:001341,26J39,122271,visitthecapitol.gov,42,stratified uniform sample: 625 domains from each fixed rank band; Python random.Random(42),2026-08-20T12:17:41+00:00,100001-250000
tfv1:001342,26J39,122378,isbn.nu,42,stratified uniform sample: 625 domains from each fixed rank band; Python random.Random(42),2026-08-20T12:17:41+00:00,100001-250000
tfv1:001343,26J39,122444,szbldt.com,42,stratified uniform sample: 625 domains from each fixed rank band; Python random.Random(42),2026-08-20T12:17:41+00:00,100001-250000
tfv1:001344,26J39,123103,urait.ru,42,stratified uniform sample: 625 domains from each fixed rank band; Python random.Random(42),2026-08-20T12:17:41+00:00,100001-250000
tfv1:001345,26J39,123628,socom.mil,42,stratified uniform sample: 625 domains from each fixed rank band; Python random.Random(42),2026-08-20T12:17:41+00:00,100001-250000
tfv1:001346,26J39,123671,partizan.global,42,stratified uniform sample: 625 domains from each fixed rank band; Python random.Random(42),2026-08-20T12:17:41+00:00,100001-250000
tfv1:001347,26J39,123673,hnagroup.com,42,stratified uniform sample: 625 domains from each fixed rank band; Python random.Random(42),2026-08-20T12:17:41+00:00,100001-250000
tfv1:001348,26J39,123915,jctrans.com,42,stratified uniform sample: 625 domains from each fixed rank band; Python random.Random(42),2026-08-20T12:17:41+00:00,100001-250000
tfv1:001349,26J39,124032,ocadu.ca,42,stratified uniform sample: 625 domains from each fixed rank band; Python random.Random(42),2026-08-20T12:17:41+00:00,100001-250000
tfv1:001350,26J39,124043,moluch.ru,42,stratified uniform sample: 625 domains from each fixed rank band; Python random.Random(42),2026-08-20T12:17:41+00:00,100001-250000
tfv1:001351,26J39,124054,tq12532.com,42,stratified uniform sample: 625 domains from each fixed rank band; Python random.Random(42),2026-08-20T12:17:41+00:00,100001-250000
tfv1:001352,26J39,124440,spar.co.za,42,stratified uniform sample: 625 domains from each fixed rank band; Python random.Random(42),2026-08-20T12:17:41+00:00,100001-250000
tfv1:001353,26J39,124499,bilbao.eus,42,stratified uniform sample: 625 domains from each fixed rank band; Python random.Random(42),2026-08-20T12:17:41+00:00,100001-250000
tfv1:001354,26J39,124775,rebyte.me,42,stratified uniform sample: 625 domains from each fixed rank band; Python random.Random(42),2026-08-20T12:17:41+00:00,100001-250000
tfv1:001355,26J39,124927,smart-sense.org,42,stratified uniform sample: 625 domains from each fixed rank band; Python random.Random(42),2026-08-20T12:17:41+00:00,100001-250000
tfv1:001356,26J39,125314,identitymanagementcenter.com,42,stratified uniform sample: 625 domains from each fixed rank band; Python random.Random(42),2026-08-20T12:17:41+00:00,100001-250000
tfv1:001357,26J39,125479,canonrumors.com,42,stratified uniform sample: 625 domains from each fixed rank band; Python random.Random(42),2026-08-20T12:17:41+00:00,100001-250000
tfv1:001358,26J39,125958,alpsview.com,42,stratified uniform sample: 625 domains from each fixed rank band; Python random.Random(42),2026-08-20T12:17:41+00:00,100001-250000
tfv1:001359,26J39,125975,heraklion.gr,42,stratified uniform sample: 625 domains from each fixed rank band; Python random.Random(42),2026-08-20T12:17:41+00:00,100001-250000
tfv1:001360,26J39,126000,northside.com,42,stratified uniform sample: 625 domains from each fixed rank band; Python random.Random(42),2026-08-20T12:17:41+00:00,100001-250000
tfv1:001361,26J39,126046,rerrkvifj.com,42,stratified uniform sample: 625 domains from each fixed rank band; Python random.Random(42),2026-08-20T12:17:41+00:00,100001-250000
tfv1:001362,26J39,126514,hostingindustries.nl,42,stratified uniform sample: 625 domains from each fixed rank band; Python random.Random(42),2026-08-20T12:17:41+00:00,100001-250000
tfv1:001363,26J39,126894,szccm.com,42,stratified uniform sample: 625 domains from each fixed rank band; Python random.Random(42),2026-08-20T12:17:41+00:00,100001-250000
tfv1:001364,26J39,126950,basistheory.com,42,stratified uniform sample: 625 domains from each fixed rank band; Python random.Random(42),2026-08-20T12:17:41+00:00,100001-250000
tfv1:001365,26J39,127133,cdmmc.org,42,stratified uniform sample: 625 domains from each fixed rank band; Python random.Random(42),2026-08-20T12:17:41+00:00,100001-250000
tfv1:001366,26J39,127159,jimcarreyonline.com,42,stratified uniform sample: 625 domains from each fixed rank band; Python random.Random(42),2026-08-20T12:17:41+00:00,100001-250000
tfv1:001367,26J39,127175,avaamo.com,42,stratified uniform sample: 625 domains from each fixed rank band; Python random.Random(42),2026-08-20T12:17:41+00:00,100001-250000
tfv1:001368,26J39,127752,ntuity.io,42,stratified uniform sample: 625 domains from each fixed rank band; Python random.Random(42),2026-08-20T12:17:41+00:00,100001-250000
tfv1:001369,26J39,128302,escentual.com,42,stratified uniform sample: 625 domains from each fixed rank band; Python random.Random(42),2026-08-20T12:17:41+00:00,100001-250000
tfv1:001370,26J39,128369,graphy.com,42,stratified uniform sample: 625 domains from each fixed rank band; Python random.Random(42),2026-08-20T12:17:41+00:00,100001-250000
tfv1:001371,26J39,128403,basenet.nl,42,stratified uniform sample: 625 domains from each fixed rank band; Python random.Random(42),2026-08-20T12:17:41+00:00,100001-250000
tfv1:001372,26J39,128588,cardeasexml.com,42,stratified uniform sample: 625 domains from each fixed rank band; Python random.Random(42),2026-08-20T12:17:41+00:00,100001-250000
tfv1:001373,26J39,128817,canalesfurniture.com,42,stratified uniform sample: 625 domains from each fixed rank band; Python random.Random(42),2026-08-20T12:17:41+00:00,100001-250000
tfv1:001374,26J39,129061,000domains.com,42,stratified uniform sample: 625 domains from each fixed rank band; Python random.Random(42),2026-08-20T12:17:41+00:00,100001-250000
tfv1:001375,26J39,129070,senraise.com,42,stratified uniform sample: 625 domains from each fixed rank band; Python random.Random(42),2026-08-20T12:17:41+00:00,100001-250000
tfv1:001376,26J39,129147,gundamit.com,42,stratified uniform sample: 625 domains from each fixed rank band; Python random.Random(42),2026-08-20T12:17:41+00:00,100001-250000
tfv1:001377,26J39,129793,acientirani-uor4.ir,42,stratified uniform sample: 625 domains from each fixed rank band; Python random.Random(42),2026-08-20T12:17:41+00:00,100001-250000
tfv1:001378,26J39,129837,acres.com,42,stratified uniform sample: 625 domains from each fixed rank band; Python random.Random(42),2026-08-20T12:17:41+00:00,100001-250000
tfv1:001379,26J39,129892,webhostingireland.eu,42,stratified uniform sample: 625 domains from each fixed rank band; Python random.Random(42),2026-08-20T12:17:41+00:00,100001-250000
tfv1:001380,26J39,129993,law.asia,42,stratified uniform sample: 625 domains from each fixed rank band; Python random.Random(42),2026-08-20T12:17:41+00:00,100001-250000
tfv1:001381,26J39,130117,ns2.gob.cl,42,stratified uniform sample: 625 domains from each fixed rank band; Python random.Random(42),2026-08-20T12:17:41+00:00,100001-250000
tfv1:001382,26J39,130192,initjj.com,42,stratified uniform sample: 625 domains from each fixed rank band; Python random.Random(42),2026-08-20T12:17:41+00:00,100001-250000
tfv1:001383,26J39,130193,rspamd.net,42,stratified uniform sample: 625 domains from each fixed rank band; Python random.Random(42),2026-08-20T12:17:41+00:00,100001-250000
tfv1:001384,26J39,130441,pandawhole.com,42,stratified uniform sample: 625 domains from each fixed rank band; Python random.Random(42),2026-08-20T12:17:41+00:00,100001-250000
tfv1:001385,26J39,130586,libn.com,42,stratified uniform sample: 625 domains from each fixed rank band; Python random.Random(42),2026-08-20T12:17:41+00:00,100001-250000
tfv1:001386,26J39,131454,mybuddy.ai,42,stratified uniform sample: 625 domains from each fixed rank band; Python random.Random(42),2026-08-20T12:17:41+00:00,100001-250000
tfv1:001387,26J39,131942,keenswh.com,42,stratified uniform sample: 625 domains from each fixed rank band; Python random.Random(42),2026-08-20T12:17:41+00:00,100001-250000
tfv1:001388,26J39,132024,route66auctions.com,42,stratified uniform sample: 625 domains from each fixed rank band; Python random.Random(42),2026-08-20T12:17:41+00:00,100001-250000
tfv1:001389,26J39,132043,awsdns-cn-32.cn,42,stratified uniform sample: 625 domains from each fixed rank band; Python random.Random(42),2026-08-20T12:17:41+00:00,100001-250000
tfv1:001390,26J39,132399,amdocs-dbs.com,42,stratified uniform sample: 625 domains from each fixed rank band; Python random.Random(42),2026-08-20T12:17:41+00:00,100001-250000
tfv1:001391,26J39,132631,ayaosgb.com,42,stratified uniform sample: 625 domains from each fixed rank band; Python random.Random(42),2026-08-20T12:17:41+00:00,100001-250000
tfv1:001392,26J39,132684,auburntigers.com,42,stratified uniform sample: 625 domains from each fixed rank band; Python random.Random(42),2026-08-20T12:17:41+00:00,100001-250000
tfv1:001393,26J39,133011,tenement.org,42,stratified uniform sample: 625 domains from each fixed rank band; Python random.Random(42),2026-08-20T12:17:41+00:00,100001-250000
tfv1:001394,26J39,133081,worldwinner.com,42,stratified uniform sample: 625 domains from each fixed rank band; Python random.Random(42),2026-08-20T12:17:41+00:00,100001-250000
tfv1:001395,26J39,133229,kt1.io,42,stratified uniform sample: 625 domains from each fixed rank band; Python random.Random(42),2026-08-20T12:17:41+00:00,100001-250000
tfv1:001396,26J39,133501,multitronic.fi,42,stratified uniform sample: 625 domains from each fixed rank band; Python random.Random(42),2026-08-20T12:17:41+00:00,100001-250000
tfv1:001397,26J39,133804,helcel.net,42,stratified uniform sample: 625 domains from each fixed rank band; Python random.Random(42),2026-08-20T12:17:41+00:00,100001-250000
tfv1:001398,26J39,133866,svobodanews.ru,42,stratified uniform sample: 625 domains from each fixed rank band; Python random.Random(42),2026-08-20T12:17:41+00:00,100001-250000
tfv1:001399,26J39,134077,cco-nantes.org,42,stratified uniform sample: 625 domains from each fixed rank band; Python random.Random(42),2026-08-20T12:17:41+00:00,100001-250000
tfv1:001400,26J39,134109,bcicdn.com,42,stratified uniform sample: 625 domains from each fixed rank band; Python random.Random(42),2026-08-20T12:17:41+00:00,100001-250000
tfv1:001401,26J39,134354,duoke.com,42,stratified uniform sample: 625 domains from each fixed rank band; Python random.Random(42),2026-08-20T12:17:41+00:00,100001-250000
tfv1:001402,26J39,134449,doane.edu,42,stratified uniform sample: 625 domains from each fixed rank band; Python random.Random(42),2026-08-20T12:17:41+00:00,100001-250000
tfv1:001403,26J39,134552,shrsjsgc.com,42,stratified uniform sample: 625 domains from each fixed rank band; Python random.Random(42),2026-08-20T12:17:41+00:00,100001-250000
tfv1:001404,26J39,134645,n.nu,42,stratified uniform sample: 625 domains from each fixed rank band; Python random.Random(42),2026-08-20T12:17:41+00:00,100001-250000
tfv1:001405,26J39,134973,a3kvau184uea.com,42,stratified uniform sample: 625 domains from each fixed rank band; Python random.Random(42),2026-08-20T12:17:41+00:00,100001-250000
tfv1:001406,26J39,135351,snaptik.sbs,42,stratified uniform sample: 625 domains from each fixed rank band; Python random.Random(42),2026-08-20T12:17:41+00:00,100001-250000
tfv1:001407,26J39,135564,trkkn.com,42,stratified uniform sample: 625 domains from each fixed rank band; Python random.Random(42),2026-08-20T12:17:41+00:00,100001-250000
tfv1:001408,26J39,135976,freestart.plc.uk,42,stratified uniform sample: 625 domains from each fixed rank band; Python random.Random(42),2026-08-20T12:17:41+00:00,100001-250000
tfv1:001409,26J39,136062,adidas.fi,42,stratified uniform sample: 625 domains from each fixed rank band; Python random.Random(42),2026-08-20T12:17:41+00:00,100001-250000
tfv1:001410,26J39,136071,fisheriessupply.com,42,stratified uniform sample: 625 domains from each fixed rank band; Python random.Random(42),2026-08-20T12:17:41+00:00,100001-250000
tfv1:001411,26J39,136281,brightsg.com,42,stratified uniform sample: 625 domains from each fixed rank band; Python random.Random(42),2026-08-20T12:17:41+00:00,100001-250000
tfv1:001412,26J39,136384,citis.ru,42,stratified uniform sample: 625 domains from each fixed rank band; Python random.Random(42),2026-08-20T12:17:41+00:00,100001-250000
tfv1:001413,26J39,136642,passion.com,42,stratified uniform sample: 625 domains from each fixed rank band; Python random.Random(42),2026-08-20T12:17:41+00:00,100001-250000
tfv1:001414,26J39,136899,beppegrillo.it,42,stratified uniform sample: 625 domains from each fixed rank band; Python random.Random(42),2026-08-20T12:17:41+00:00,100001-250000
tfv1:001415,26J39,137075,tipp24.de,42,stratified uniform sample: 625 domains from each fixed rank band; Python random.Random(42),2026-08-20T12:17:41+00:00,100001-250000
tfv1:001416,26J39,137192,qubed.ai,42,stratified uniform sample: 625 domains from each fixed rank band; Python random.Random(42),2026-08-20T12:17:41+00:00,100001-250000
tfv1:001417,26J39,137553,rehabs.com,42,stratified uniform sample: 625 domains from each fixed rank band; Python random.Random(42),2026-08-20T12:17:41+00:00,100001-250000
tfv1:001418,26J39,137638,cdngwc.club,42,stratified uniform sample: 625 domains from each fixed rank band; Python random.Random(42),2026-08-20T12:17:41+00:00,100001-250000
tfv1:001419,26J39,137930,nishitetsu.co.jp,42,stratified uniform sample: 625 domains from each fixed rank band; Python random.Random(42),2026-08-20T12:17:41+00:00,100001-250000
tfv1:001420,26J39,138286,nipponham.co.jp,42,stratified uniform sample: 625 domains from each fixed rank band; Python random.Random(42),2026-08-20T12:17:41+00:00,100001-250000
tfv1:001421,26J39,138390,dewr.gov.au,42,stratified uniform sample: 625 domains from each fixed rank band; Python random.Random(42),2026-08-20T12:17:41+00:00,100001-250000
tfv1:001422,26J39,138627,selectel.org,42,stratified uniform sample: 625 domains from each fixed rank band; Python random.Random(42),2026-08-20T12:17:41+00:00,100001-250000
tfv1:001423,26J39,138681,capacities.io,42,stratified uniform sample: 625 domains from each fixed rank band; Python random.Random(42),2026-08-20T12:17:41+00:00,100001-250000
tfv1:001424,26J39,138717,radioitalia.it,42,stratified uniform sample: 625 domains from each fixed rank band; Python random.Random(42),2026-08-20T12:17:41+00:00,100001-250000
tfv1:001425,26J39,138885,s7host.net,42,stratified uniform sample: 625 domains from each fixed rank band; Python random.Random(42),2026-08-20T12:17:41+00:00,100001-250000
tfv1:001426,26J39,139196,vyprodejpovleceni.cz,42,stratified uniform sample: 625 domains from each fixed rank band; Python random.Random(42),2026-08-20T12:17:41+00:00,100001-250000
tfv1:001427,26J39,139420,flaconi-platform.net,42,stratified uniform sample: 625 domains from each fixed rank band; Python random.Random(42),2026-08-20T12:17:41+00:00,100001-250000
tfv1:001428,26J39,139548,inode.at,42,stratified uniform sample: 625 domains from each fixed rank band; Python random.Random(42),2026-08-20T12:17:41+00:00,100001-250000
tfv1:001429,26J39,139573,safelinkwireless.com,42,stratified uniform sample: 625 domains from each fixed rank band; Python random.Random(42),2026-08-20T12:17:41+00:00,100001-250000
tfv1:001430,26J39,140014,mindovermoney.com,42,stratified uniform sample: 625 domains from each fixed rank band; Python random.Random(42),2026-08-20T12:17:41+00:00,100001-250000
tfv1:001431,26J39,140074,kyoceradocumentsolutions.com,42,stratified uniform sample: 625 domains from each fixed rank band; Python random.Random(42),2026-08-20T12:17:41+00:00,100001-250000
tfv1:001432,26J39,140437,roketsan.com.tr,42,stratified uniform sample: 625 domains from each fixed rank band; Python random.Random(42),2026-08-20T12:17:41+00:00,100001-250000
tfv1:001433,26J39,140508,808ontv1.com,42,stratified uniform sample: 625 domains from each fixed rank band; Python random.Random(42),2026-08-20T12:17:41+00:00,100001-250000
tfv1:001434,26J39,140562,acuvity.ai,42,stratified uniform sample: 625 domains from each fixed rank band; Python random.Random(42),2026-08-20T12:17:41+00:00,100001-250000
tfv1:001435,26J39,140618,amag.ch,42,stratified uniform sample: 625 domains from each fixed rank band; Python random.Random(42),2026-08-20T12:17:41+00:00,100001-250000
tfv1:001436,26J39,140785,ballonixplay.com,42,stratified uniform sample: 625 domains from each fixed rank band; Python random.Random(42),2026-08-20T12:17:41+00:00,100001-250000
tfv1:001437,26J39,141264,dutchreview.com,42,stratified uniform sample: 625 domains from each fixed rank band; Python random.Random(42),2026-08-20T12:17:41+00:00,100001-250000
tfv1:001438,26J39,141265,meteor-turystyka.pl,42,stratified uniform sample: 625 domains from each fixed rank band; Python random.Random(42),2026-08-20T12:17:41+00:00,100001-250000
tfv1:001439,26J39,141615,ahievran.edu.tr,42,stratified uniform sample: 625 domains from each fixed rank band; Python random.Random(42),2026-08-20T12:17:41+00:00,100001-250000
tfv1:001440,26J39,142025,callawaygolfpreowned.com,42,stratified uniform sample: 625 domains from each fixed rank band; Python random.Random(42),2026-08-20T12:17:41+00:00,100001-250000
tfv1:001441,26J39,142483,chiangraitimes.com,42,stratified uniform sample: 625 domains from each fixed rank band; Python random.Random(42),2026-08-20T12:17:41+00:00,100001-250000
tfv1:001442,26J39,142533,botsrv2.com,42,stratified uniform sample: 625 domains from each fixed rank band; Python random.Random(42),2026-08-20T12:17:41+00:00,100001-250000
tfv1:001443,26J39,143135,llguanglisf.com,42,stratified uniform sample: 625 domains from each fixed rank band; Python random.Random(42),2026-08-20T12:17:41+00:00,100001-250000
tfv1:001444,26J39,143396,smartrg.ca,42,stratified uniform sample: 625 domains from each fixed rank band; Python random.Random(42),2026-08-20T12:17:41+00:00,100001-250000
tfv1:001445,26J39,144075,ratingbet.com,42,stratified uniform sample: 625 domains from each fixed rank band; Python random.Random(42),2026-08-20T12:17:41+00:00,100001-250000
tfv1:001446,26J39,145056,watchtowr.com,42,stratified uniform sample: 625 domains from each fixed rank band; Python random.Random(42),2026-08-20T12:17:41+00:00,100001-250000
tfv1:001447,26J39,145236,redcams-free.com,42,stratified uniform sample: 625 domains from each fixed rank band; Python random.Random(42),2026-08-20T12:17:41+00:00,100001-250000
tfv1:001448,26J39,145482,michaellamarr.com,42,stratified uniform sample: 625 domains from each fixed rank band; Python random.Random(42),2026-08-20T12:17:41+00:00,100001-250000
tfv1:001449,26J39,145678,cgscholar.com,42,stratified uniform sample: 625 domains from each fixed rank band; Python random.Random(42),2026-08-20T12:17:41+00:00,100001-250000
tfv1:001450,26J39,145744,theworldfolio.com,42,stratified uniform sample: 625 domains from each fixed rank band; Python random.Random(42),2026-08-20T12:17:41+00:00,100001-250000
tfv1:001451,26J39,145899,digiopinion.com,42,stratified uniform sample: 625 domains from each fixed rank band; Python random.Random(42),2026-08-20T12:17:41+00:00,100001-250000
tfv1:001452,26J39,146043,yourhealthfile.com,42,stratified uniform sample: 625 domains from each fixed rank band; Python random.Random(42),2026-08-20T12:17:41+00:00,100001-250000
tfv1:001453,26J39,146058,coredao.org,42,stratified uniform sample: 625 domains from each fixed rank band; Python random.Random(42),2026-08-20T12:17:41+00:00,100001-250000
tfv1:001454,26J39,146438,outback.com.br,42,stratified uniform sample: 625 domains from each fixed rank band; Python random.Random(42),2026-08-20T12:17:41+00:00,100001-250000
tfv1:001455,26J39,147255,uicore.co,42,stratified uniform sample: 625 domains from each fixed rank band; Python random.Random(42),2026-08-20T12:17:41+00:00,100001-250000
tfv1:001456,26J39,147295,cba24n.com.ar,42,stratified uniform sample: 625 domains from each fixed rank band; Python random.Random(42),2026-08-20T12:17:41+00:00,100001-250000
tfv1:001457,26J39,147408,corph.ru,42,stratified uniform sample: 625 domains from each fixed rank band; Python random.Random(42),2026-08-20T12:17:41+00:00,100001-250000
tfv1:001458,26J39,147555,indymedia.org.uk,42,stratified uniform sample: 625 domains from each fixed rank band; Python random.Random(42),2026-08-20T12:17:41+00:00,100001-250000
tfv1:001459,26J39,147784,exahost.ru,42,stratified uniform sample: 625 domains from each fixed rank band; Python random.Random(42),2026-08-20T12:17:41+00:00,100001-250000
tfv1:001460,26J39,148974,passwordstore.org,42,stratified uniform sample: 625 domains from each fixed rank band; Python random.Random(42),2026-08-20T12:17:41+00:00,100001-250000
tfv1:001461,26J39,149104,domenomania.eu,42,stratified uniform sample: 625 domains from each fixed rank band; Python random.Random(42),2026-08-20T12:17:41+00:00,100001-250000
tfv1:001462,26J39,149346,aboutamazon.in,42,stratified uniform sample: 625 domains from each fixed rank band; Python random.Random(42),2026-08-20T12:17:41+00:00,100001-250000
tfv1:001463,26J39,149758,gzhxg.cn,42,stratified uniform sample: 625 domains from each fixed rank band; Python random.Random(42),2026-08-20T12:17:41+00:00,100001-250000
tfv1:001464,26J39,150097,jaguarforums.com,42,stratified uniform sample: 625 domains from each fixed rank band; Python random.Random(42),2026-08-20T12:17:41+00:00,100001-250000
tfv1:001465,26J39,150334,theoceanac.com,42,stratified uniform sample: 625 domains from each fixed rank band; Python random.Random(42),2026-08-20T12:17:41+00:00,100001-250000
tfv1:001466,26J39,150831,steadyhealth.com,42,stratified uniform sample: 625 domains from each fixed rank band; Python random.Random(42),2026-08-20T12:17:41+00:00,100001-250000
tfv1:001467,26J39,150861,businesspromotioninc.com,42,stratified uniform sample: 625 domains from each fixed rank band; Python random.Random(42),2026-08-20T12:17:41+00:00,100001-250000
tfv1:001468,26J39,151714,recapture.io,42,stratified uniform sample: 625 domains from each fixed rank band; Python random.Random(42),2026-08-20T12:17:41+00:00,100001-250000
tfv1:001469,26J39,152290,ancpi.ro,42,stratified uniform sample: 625 domains from each fixed rank band; Python random.Random(42),2026-08-20T12:17:41+00:00,100001-250000
tfv1:001470,26J39,152350,free-power-point-templates.com,42,stratified uniform sample: 625 domains from each fixed rank band; Python random.Random(42),2026-08-20T12:17:41+00:00,100001-250000
tfv1:001471,26J39,152638,eufymake.com,42,stratified uniform sample: 625 domains from each fixed rank band; Python random.Random(42),2026-08-20T12:17:41+00:00,100001-250000
tfv1:001472,26J39,152846,my1003app.com,42,stratified uniform sample: 625 domains from each fixed rank band; Python random.Random(42),2026-08-20T12:17:41+00:00,100001-250000
tfv1:001473,26J39,153589,awsdns-eusc-33.de,42,stratified uniform sample: 625 domains from each fixed rank band; Python random.Random(42),2026-08-20T12:17:41+00:00,100001-250000
tfv1:001474,26J39,153794,click-tt.de,42,stratified uniform sample: 625 domains from each fixed rank band; Python random.Random(42),2026-08-20T12:17:41+00:00,100001-250000
tfv1:001475,26J39,154306,ztupic.com,42,stratified uniform sample: 625 domains from each fixed rank band; Python random.Random(42),2026-08-20T12:17:41+00:00,100001-250000
tfv1:001476,26J39,155374,pizzahut.ca,42,stratified uniform sample: 625 domains from each fixed rank band; Python random.Random(42),2026-08-20T12:17:41+00:00,100001-250000
tfv1:001477,26J39,155603,nic.gratis,42,stratified uniform sample: 625 domains from each fixed rank band; Python random.Random(42),2026-08-20T12:17:41+00:00,100001-250000
tfv1:001478,26J39,155769,telecom-paris.fr,42,stratified uniform sample: 625 domains from each fixed rank band; Python random.Random(42),2026-08-20T12:17:41+00:00,100001-250000
tfv1:001479,26J39,156150,pismin.com,42,stratified uniform sample: 625 domains from each fixed rank band; Python random.Random(42),2026-08-20T12:17:41+00:00,100001-250000
tfv1:001480,26J39,156368,davidlloyd.co.uk,42,stratified uniform sample: 625 domains from each fixed rank band; Python random.Random(42),2026-08-20T12:17:41+00:00,100001-250000
tfv1:001481,26J39,156396,easycolour.cn,42,stratified uniform sample: 625 domains from each fixed rank band; Python random.Random(42),2026-08-20T12:17:41+00:00,100001-250000
tfv1:001482,26J39,156511,erasmusplus.fr,42,stratified uniform sample: 625 domains from each fixed rank band; Python random.Random(42),2026-08-20T12:17:41+00:00,100001-250000
tfv1:001483,26J39,156533,netxinvestor.com,42,stratified uniform sample: 625 domains from each fixed rank band; Python random.Random(42),2026-08-20T12:17:41+00:00,100001-250000
tfv1:001484,26J39,156611,stape.de,42,stratified uniform sample: 625 domains from each fixed rank band; Python random.Random(42),2026-08-20T12:17:41+00:00,100001-250000
tfv1:001485,26J39,156956,premium.exchange,42,stratified uniform sample: 625 domains from each fixed rank band; Python random.Random(42),2026-08-20T12:17:41+00:00,100001-250000
tfv1:001486,26J39,157808,kidsoutandabout.com,42,stratified uniform sample: 625 domains from each fixed rank band; Python random.Random(42),2026-08-20T12:17:41+00:00,100001-250000
tfv1:001487,26J39,158031,roanoke.edu,42,stratified uniform sample: 625 domains from each fixed rank band; Python random.Random(42),2026-08-20T12:17:41+00:00,100001-250000
tfv1:001488,26J39,158078,lawhub.org,42,stratified uniform sample: 625 domains from each fixed rank band; Python random.Random(42),2026-08-20T12:17:41+00:00,100001-250000
tfv1:001489,26J39,158084,socdo.com,42,stratified uniform sample: 625 domains from each fixed rank band; Python random.Random(42),2026-08-20T12:17:41+00:00,100001-250000
tfv1:001490,26J39,158206,paulschwartzdds.com,42,stratified uniform sample: 625 domains from each fixed rank band; Python random.Random(42),2026-08-20T12:17:41+00:00,100001-250000
tfv1:001491,26J39,158785,alabouledepain.fr,42,stratified uniform sample: 625 domains from each fixed rank band; Python random.Random(42),2026-08-20T12:17:41+00:00,100001-250000
tfv1:001492,26J39,158862,kihapp.com,42,stratified uniform sample: 625 domains from each fixed rank band; Python random.Random(42),2026-08-20T12:17:41+00:00,100001-250000
tfv1:001493,26J39,159144,flashfire.site,42,stratified uniform sample: 625 domains from each fixed rank band; Python random.Random(42),2026-08-20T12:17:41+00:00,100001-250000
tfv1:001494,26J39,159287,ph-freiburg.de,42,stratified uniform sample: 625 domains from each fixed rank band; Python random.Random(42),2026-08-20T12:17:41+00:00,100001-250000
tfv1:001495,26J39,159387,bretagnetelecom.fr,42,stratified uniform sample: 625 domains from each fixed rank band; Python random.Random(42),2026-08-20T12:17:41+00:00,100001-250000
tfv1:001496,26J39,159899,beautyplussalon.com,42,stratified uniform sample: 625 domains from each fixed rank band; Python random.Random(42),2026-08-20T12:17:41+00:00,100001-250000
tfv1:001497,26J39,160323,hypurrscan.io,42,stratified uniform sample: 625 domains from each fixed rank band; Python random.Random(42),2026-08-20T12:17:41+00:00,100001-250000
tfv1:001498,26J39,161080,birissine.com,42,stratified uniform sample: 625 domains from each fixed rank band; Python random.Random(42),2026-08-20T12:17:41+00:00,100001-250000
tfv1:001499,26J39,161296,l444.io,42,stratified uniform sample: 625 domains from each fixed rank band; Python random.Random(42),2026-08-20T12:17:41+00:00,100001-250000
tfv1:001500,26J39,161343,mpogacoridn.site,42,stratified uniform sample: 625 domains from each fixed rank band; Python random.Random(42),2026-08-20T12:17:41+00:00,100001-250000
tfv1:001501,26J39,161552,vidfiles.site,42,stratified uniform sample: 625 domains from each fixed rank band; Python random.Random(42),2026-08-20T12:17:41+00:00,100001-250000
tfv1:001502,26J39,161808,bank.lv,42,stratified uniform sample: 625 domains from each fixed rank band; Python random.Random(42),2026-08-20T12:17:41+00:00,100001-250000
tfv1:001503,26J39,161896,eurons.ro,42,stratified uniform sample: 625 domains from each fixed rank band; Python random.Random(42),2026-08-20T12:17:41+00:00,100001-250000
tfv1:001504,26J39,161937,x-cdn-x.com,42,stratified uniform sample: 625 domains from each fixed rank band; Python random.Random(42),2026-08-20T12:17:41+00:00,100001-250000
tfv1:001505,26J39,162268,wvtourism.com,42,stratified uniform sample: 625 domains from each fixed rank band; Python random.Random(42),2026-08-20T12:17:41+00:00,100001-250000
tfv1:001506,26J39,162296,maisonetstyles.com,42,stratified uniform sample: 625 domains from each fixed rank band; Python random.Random(42),2026-08-20T12:17:41+00:00,100001-250000
tfv1:001507,26J39,162373,dali0432.com,42,stratified uniform sample: 625 domains from each fixed rank band; Python random.Random(42),2026-08-20T12:17:41+00:00,100001-250000
tfv1:001508,26J39,162506,tylerhub.com,42,stratified uniform sample: 625 domains from each fixed rank band; Python random.Random(42),2026-08-20T12:17:41+00:00,100001-250000
tfv1:001509,26J39,162697,1000km.by,42,stratified uniform sample: 625 domains from each fixed rank band; Python random.Random(42),2026-08-20T12:17:41+00:00,100001-250000
tfv1:001510,26J39,163063,activesoft.com.br,42,stratified uniform sample: 625 domains from each fixed rank band; Python random.Random(42),2026-08-20T12:17:41+00:00,100001-250000
tfv1:001511,26J39,163210,konicaminolta.us,42,stratified uniform sample: 625 domains from each fixed rank band; Python random.Random(42),2026-08-20T12:17:41+00:00,100001-250000
tfv1:001512,26J39,163423,protiming.fr,42,stratified uniform sample: 625 domains from each fixed rank band; Python random.Random(42),2026-08-20T12:17:41+00:00,100001-250000
tfv1:001513,26J39,163784,mintishop.pl,42,stratified uniform sample: 625 domains from each fixed rank band; Python random.Random(42),2026-08-20T12:17:41+00:00,100001-250000
tfv1:001514,26J39,163851,justmpeg.com,42,stratified uniform sample: 625 domains from each fixed rank band; Python random.Random(42),2026-08-20T12:17:41+00:00,100001-250000
tfv1:001515,26J39,164945,chr.gov.ph,42,stratified uniform sample: 625 domains from each fixed rank band; Python random.Random(42),2026-08-20T12:17:41+00:00,100001-250000
tfv1:001516,26J39,165537,gramps-project.org,42,stratified uniform sample: 625 domains from each fixed rank band; Python random.Random(42),2026-08-20T12:17:41+00:00,100001-250000
tfv1:001517,26J39,165708,rg.org,42,stratified uniform sample: 625 domains from each fixed rank band; Python random.Random(42),2026-08-20T12:17:41+00:00,100001-250000
tfv1:001518,26J39,166060,typefully.com,42,stratified uniform sample: 625 domains from each fixed rank band; Python random.Random(42),2026-08-20T12:17:41+00:00,100001-250000
tfv1:001519,26J39,166405,opinionlab.com,42,stratified uniform sample: 625 domains from each fixed rank band; Python random.Random(42),2026-08-20T12:17:41+00:00,100001-250000
tfv1:001520,26J39,166493,spacelan.ne.jp,42,stratified uniform sample: 625 domains from each fixed rank band; Python random.Random(42),2026-08-20T12:17:41+00:00,100001-250000
tfv1:001521,26J39,166818,flowlu.com,42,stratified uniform sample: 625 domains from each fixed rank band; Python random.Random(42),2026-08-20T12:17:41+00:00,100001-250000
tfv1:001522,26J39,166983,regsystem.net,42,stratified uniform sample: 625 domains from each fixed rank band; Python random.Random(42),2026-08-20T12:17:41+00:00,100001-250000
tfv1:001523,26J39,167089,paragraphsbookstore.com,42,stratified uniform sample: 625 domains from each fixed rank band; Python random.Random(42),2026-08-20T12:17:41+00:00,100001-250000
tfv1:001524,26J39,167101,hotspace.net.au,42,stratified uniform sample: 625 domains from each fixed rank band; Python random.Random(42),2026-08-20T12:17:41+00:00,100001-250000
tfv1:001525,26J39,167364,mfua.ru,42,stratified uniform sample: 625 domains from each fixed rank band; Python random.Random(42),2026-08-20T12:17:41+00:00,100001-250000
tfv1:001526,26J39,168725,31stk.ru,42,stratified uniform sample: 625 domains from each fixed rank band; Python random.Random(42),2026-08-20T12:17:41+00:00,100001-250000
tfv1:001527,26J39,169327,cbdb.cz,42,stratified uniform sample: 625 domains from each fixed rank band; Python random.Random(42),2026-08-20T12:17:41+00:00,100001-250000
tfv1:001528,26J39,169565,shxixile.com,42,stratified uniform sample: 625 domains from each fixed rank band; Python random.Random(42),2026-08-20T12:17:41+00:00,100001-250000
tfv1:001529,26J39,170110,tabernaclegames.com.au,42,stratified uniform sample: 625 domains from each fixed rank band; Python random.Random(42),2026-08-20T12:17:41+00:00,100001-250000
tfv1:001530,26J39,171331,weltderfertigung.de,42,stratified uniform sample: 625 domains from each fixed rank band; Python random.Random(42),2026-08-20T12:17:41+00:00,100001-250000
tfv1:001531,26J39,171442,dolomitenstadt.at,42,stratified uniform sample: 625 domains from each fixed rank band; Python random.Random(42),2026-08-20T12:17:41+00:00,100001-250000
tfv1:001532,26J39,171511,oldenmihael.icu,42,stratified uniform sample: 625 domains from each fixed rank band; Python random.Random(42),2026-08-20T12:17:41+00:00,100001-250000
tfv1:001533,26J39,171610,denverzoo.org,42,stratified uniform sample: 625 domains from each fixed rank band; Python random.Random(42),2026-08-20T12:17:41+00:00,100001-250000
tfv1:001534,26J39,171623,amateurchat.xxx,42,stratified uniform sample: 625 domains from each fixed rank band; Python random.Random(42),2026-08-20T12:17:41+00:00,100001-250000
tfv1:001535,26J39,171637,craniusmed.com,42,stratified uniform sample: 625 domains from each fixed rank band; Python random.Random(42),2026-08-20T12:17:41+00:00,100001-250000
tfv1:001536,26J39,172005,refinemirror.com,42,stratified uniform sample: 625 domains from each fixed rank band; Python random.Random(42),2026-08-20T12:17:41+00:00,100001-250000
tfv1:001537,26J39,172094,hatz.com,42,stratified uniform sample: 625 domains from each fixed rank band; Python random.Random(42),2026-08-20T12:17:41+00:00,100001-250000
tfv1:001538,26J39,172321,filestore.to,42,stratified uniform sample: 625 domains from each fixed rank band; Python random.Random(42),2026-08-20T12:17:41+00:00,100001-250000
tfv1:001539,26J39,172686,dnsbox.de,42,stratified uniform sample: 625 domains from each fixed rank band; Python random.Random(42),2026-08-20T12:17:41+00:00,100001-250000
tfv1:001540,26J39,173025,skinbetter.com,42,stratified uniform sample: 625 domains from each fixed rank band; Python random.Random(42),2026-08-20T12:17:41+00:00,100001-250000
tfv1:001541,26J39,173333,fourstarapartments.com,42,stratified uniform sample: 625 domains from each fixed rank band; Python random.Random(42),2026-08-20T12:17:41+00:00,100001-250000
tfv1:001542,26J39,173865,pyuio.com,42,stratified uniform sample: 625 domains from each fixed rank band; Python random.Random(42),2026-08-20T12:17:41+00:00,100001-250000
tfv1:001543,26J39,174159,viewpoint.ca,42,stratified uniform sample: 625 domains from each fixed rank band; Python random.Random(42),2026-08-20T12:17:41+00:00,100001-250000
tfv1:001544,26J39,174252,iplayerhls.com,42,stratified uniform sample: 625 domains from each fixed rank band; Python random.Random(42),2026-08-20T12:17:41+00:00,100001-250000
tfv1:001545,26J39,174488,radio5.com.pl,42,stratified uniform sample: 625 domains from each fixed rank band; Python random.Random(42),2026-08-20T12:17:41+00:00,100001-250000
tfv1:001546,26J39,174693,armsport.am,42,stratified uniform sample: 625 domains from each fixed rank band; Python random.Random(42),2026-08-20T12:17:41+00:00,100001-250000
tfv1:001547,26J39,174728,ar-raniry.ac.id,42,stratified uniform sample: 625 domains from each fixed rank band; Python random.Random(42),2026-08-20T12:17:41+00:00,100001-250000
tfv1:001548,26J39,175003,mediacollege.com,42,stratified uniform sample: 625 domains from each fixed rank band; Python random.Random(42),2026-08-20T12:17:41+00:00,100001-250000
tfv1:001549,26J39,175204,hawaiipacifichealth.org,42,stratified uniform sample: 625 domains from each fixed rank band; Python random.Random(42),2026-08-20T12:17:41+00:00,100001-250000
tfv1:001550,26J39,175256,ale-hop.org,42,stratified uniform sample: 625 domains from each fixed rank band; Python random.Random(42),2026-08-20T12:17:41+00:00,100001-250000
tfv1:001551,26J39,175401,giga-hamburg.de,42,stratified uniform sample: 625 domains from each fixed rank band; Python random.Random(42),2026-08-20T12:17:41+00:00,100001-250000
tfv1:001552,26J39,175525,ujn.gov.rs,42,stratified uniform sample: 625 domains from each fixed rank band; Python random.Random(42),2026-08-20T12:17:41+00:00,100001-250000
tfv1:001553,26J39,175877,prd-prsn.com,42,stratified uniform sample: 625 domains from each fixed rank band; Python random.Random(42),2026-08-20T12:17:41+00:00,100001-250000
tfv1:001554,26J39,175895,qxciw.com,42,stratified uniform sample: 625 domains from each fixed rank band; Python random.Random(42),2026-08-20T12:17:41+00:00,100001-250000
tfv1:001555,26J39,176356,dolphinim.com,42,stratified uniform sample: 625 domains from each fixed rank band; Python random.Random(42),2026-08-20T12:17:41+00:00,100001-250000
tfv1:001556,26J39,176925,tages.ru,42,stratified uniform sample: 625 domains from each fixed rank band; Python random.Random(42),2026-08-20T12:17:41+00:00,100001-250000
tfv1:001557,26J39,177306,pronosticoextendido.net,42,stratified uniform sample: 625 domains from each fixed rank band; Python random.Random(42),2026-08-20T12:17:41+00:00,100001-250000
tfv1:001558,26J39,177362,thgeyer.com,42,stratified uniform sample: 625 domains from each fixed rank band; Python random.Random(42),2026-08-20T12:17:41+00:00,100001-250000
tfv1:001559,26J39,177370,up.ac.th,42,stratified uniform sample: 625 domains from each fixed rank band; Python random.Random(42),2026-08-20T12:17:41+00:00,100001-250000
tfv1:001560,26J39,177541,ekstralys.no,42,stratified uniform sample: 625 domains from each fixed rank band; Python random.Random(42),2026-08-20T12:17:41+00:00,100001-250000
tfv1:001561,26J39,178945,geneatrees.net,42,stratified uniform sample: 625 domains from each fixed rank band; Python random.Random(42),2026-08-20T12:17:41+00:00,100001-250000
tfv1:001562,26J39,179016,nossopalestra.com.br,42,stratified uniform sample: 625 domains from each fixed rank band; Python random.Random(42),2026-08-20T12:17:41+00:00,100001-250000
tfv1:001563,26J39,179071,produttivo.com.br,42,stratified uniform sample: 625 domains from each fixed rank band; Python random.Random(42),2026-08-20T12:17:41+00:00,100001-250000
tfv1:001564,26J39,179218,exodustravels.com,42,stratified uniform sample: 625 domains from each fixed rank band; Python random.Random(42),2026-08-20T12:17:41+00:00,100001-250000
tfv1:001565,26J39,179383,offermate.us,42,stratified uniform sample: 625 domains from each fixed rank band; Python random.Random(42),2026-08-20T12:17:41+00:00,100001-250000
tfv1:001566,26J39,179788,totolink.net,42,stratified uniform sample: 625 domains from each fixed rank band; Python random.Random(42),2026-08-20T12:17:41+00:00,100001-250000
tfv1:001567,26J39,180851,1988top1.com,42,stratified uniform sample: 625 domains from each fixed rank band; Python random.Random(42),2026-08-20T12:17:41+00:00,100001-250000
tfv1:001568,26J39,180968,cosmicjs.com,42,stratified uniform sample: 625 domains from each fixed rank band; Python random.Random(42),2026-08-20T12:17:41+00:00,100001-250000
tfv1:001569,26J39,180999,holdet.dk,42,stratified uniform sample: 625 domains from each fixed rank band; Python random.Random(42),2026-08-20T12:17:41+00:00,100001-250000
tfv1:001570,26J39,181126,servizipubblicaamministrazione.it,42,stratified uniform sample: 625 domains from each fixed rank band; Python random.Random(42),2026-08-20T12:17:41+00:00,100001-250000
tfv1:001571,26J39,181156,bloytleeue.net,42,stratified uniform sample: 625 domains from each fixed rank band; Python random.Random(42),2026-08-20T12:17:41+00:00,100001-250000
tfv1:001572,26J39,181285,tamasha.com,42,stratified uniform sample: 625 domains from each fixed rank band; Python random.Random(42),2026-08-20T12:17:41+00:00,100001-250000
tfv1:001573,26J39,181326,travelks.com,42,stratified uniform sample: 625 domains from each fixed rank band; Python random.Random(42),2026-08-20T12:17:41+00:00,100001-250000
tfv1:001574,26J39,181337,calciozz.it,42,stratified uniform sample: 625 domains from each fixed rank band; Python random.Random(42),2026-08-20T12:17:41+00:00,100001-250000
tfv1:001575,26J39,181372,dsh.icu,42,stratified uniform sample: 625 domains from each fixed rank band; Python random.Random(42),2026-08-20T12:17:41+00:00,100001-250000
tfv1:001576,26J39,181694,bulnews.bg,42,stratified uniform sample: 625 domains from each fixed rank band; Python random.Random(42),2026-08-20T12:17:41+00:00,100001-250000
tfv1:001577,26J39,181907,y2jar.cc,42,stratified uniform sample: 625 domains from each fixed rank band; Python random.Random(42),2026-08-20T12:17:41+00:00,100001-250000
tfv1:001578,26J39,181927,trustedcomputinggroup.org,42,stratified uniform sample: 625 domains from each fixed rank band; Python random.Random(42),2026-08-20T12:17:41+00:00,100001-250000
tfv1:001579,26J39,181933,ticketsforgood.co.uk,42,stratified uniform sample: 625 domains from each fixed rank band; Python random.Random(42),2026-08-20T12:17:41+00:00,100001-250000
tfv1:001580,26J39,182067,xiaomistore.pt,42,stratified uniform sample: 625 domains from each fixed rank band; Python random.Random(42),2026-08-20T12:17:41+00:00,100001-250000
tfv1:001581,26J39,182732,anyxan.com,42,stratified uniform sample: 625 domains from each fixed rank band; Python random.Random(42),2026-08-20T12:17:41+00:00,100001-250000
tfv1:001582,26J39,182874,viessmann.com,42,stratified uniform sample: 625 domains from each fixed rank band; Python random.Random(42),2026-08-20T12:17:41+00:00,100001-250000
tfv1:001583,26J39,183542,cleverdot.com,42,stratified uniform sample: 625 domains from each fixed rank band; Python random.Random(42),2026-08-20T12:17:41+00:00,100001-250000
tfv1:001584,26J39,184287,medicalyp.com,42,stratified uniform sample: 625 domains from each fixed rank band; Python random.Random(42),2026-08-20T12:17:41+00:00,100001-250000
tfv1:001585,26J39,184440,freelance.com,42,stratified uniform sample: 625 domains from each fixed rank band; Python random.Random(42),2026-08-20T12:17:41+00:00,100001-250000
tfv1:001586,26J39,184728,eupgroup.net,42,stratified uniform sample: 625 domains from each fixed rank band; Python random.Random(42),2026-08-20T12:17:41+00:00,100001-250000
tfv1:001587,26J39,184875,dewasyscrm.com,42,stratified uniform sample: 625 domains from each fixed rank band; Python random.Random(42),2026-08-20T12:17:41+00:00,100001-250000
tfv1:001588,26J39,185036,trimbleplatform.com,42,stratified uniform sample: 625 domains from each fixed rank band; Python random.Random(42),2026-08-20T12:17:41+00:00,100001-250000
tfv1:001589,26J39,185137,storefront7.co.za,42,stratified uniform sample: 625 domains from each fixed rank band; Python random.Random(42),2026-08-20T12:17:41+00:00,100001-250000
tfv1:001590,26J39,185246,naspers.com,42,stratified uniform sample: 625 domains from each fixed rank band; Python random.Random(42),2026-08-20T12:17:41+00:00,100001-250000
tfv1:001591,26J39,185648,sektedoujin.cc,42,stratified uniform sample: 625 domains from each fixed rank band; Python random.Random(42),2026-08-20T12:17:41+00:00,100001-250000
tfv1:001592,26J39,185985,biblioteche.cloud,42,stratified uniform sample: 625 domains from each fixed rank band; Python random.Random(42),2026-08-20T12:17:41+00:00,100001-250000
tfv1:001593,26J39,186016,jupicasino.net,42,stratified uniform sample: 625 domains from each fixed rank band; Python random.Random(42),2026-08-20T12:17:41+00:00,100001-250000
tfv1:001594,26J39,186109,friesian.com,42,stratified uniform sample: 625 domains from each fixed rank band; Python random.Random(42),2026-08-20T12:17:41+00:00,100001-250000
tfv1:001595,26J39,186130,000nethost.com,42,stratified uniform sample: 625 domains from each fixed rank band; Python random.Random(42),2026-08-20T12:17:41+00:00,100001-250000
tfv1:001596,26J39,186415,krosno112.pl,42,stratified uniform sample: 625 domains from each fixed rank band; Python random.Random(42),2026-08-20T12:17:41+00:00,100001-250000
tfv1:001597,26J39,186427,drugbank.ca,42,stratified uniform sample: 625 domains from each fixed rank band; Python random.Random(42),2026-08-20T12:17:41+00:00,100001-250000
tfv1:001598,26J39,187013,juskys.de,42,stratified uniform sample: 625 domains from each fixed rank band; Python random.Random(42),2026-08-20T12:17:41+00:00,100001-250000
tfv1:001599,26J39,187168,lidl.com.cy,42,stratified uniform sample: 625 domains from each fixed rank band; Python random.Random(42),2026-08-20T12:17:41+00:00,100001-250000
tfv1:001600,26J39,187312,crypto.jobs,42,stratified uniform sample: 625 domains from each fixed rank band; Python random.Random(42),2026-08-20T12:17:41+00:00,100001-250000
tfv1:001601,26J39,187389,tanesco.co.tz,42,stratified uniform sample: 625 domains from each fixed rank band; Python random.Random(42),2026-08-20T12:17:41+00:00,100001-250000
tfv1:001602,26J39,187428,heyflow.cloud,42,stratified uniform sample: 625 domains from each fixed rank band; Python random.Random(42),2026-08-20T12:17:41+00:00,100001-250000
tfv1:001603,26J39,187727,lanaco.com,42,stratified uniform sample: 625 domains from each fixed rank band; Python random.Random(42),2026-08-20T12:17:41+00:00,100001-250000
tfv1:001604,26J39,187895,concern.net,42,stratified uniform sample: 625 domains from each fixed rank band; Python random.Random(42),2026-08-20T12:17:41+00:00,100001-250000
tfv1:001605,26J39,188281,sciflow.net,42,stratified uniform sample: 625 domains from each fixed rank band; Python random.Random(42),2026-08-20T12:17:41+00:00,100001-250000
tfv1:001606,26J39,188701,daouidc.com,42,stratified uniform sample: 625 domains from each fixed rank band; Python random.Random(42),2026-08-20T12:17:41+00:00,100001-250000
tfv1:001607,26J39,188749,burgerprofiel.be,42,stratified uniform sample: 625 domains from each fixed rank band; Python random.Random(42),2026-08-20T12:17:41+00:00,100001-250000
tfv1:001608,26J39,188793,afspraakjes.be,42,stratified uniform sample: 625 domains from each fixed rank band; Python random.Random(42),2026-08-20T12:17:41+00:00,100001-250000
tfv1:001609,26J39,188849,compugeeks.net,42,stratified uniform sample: 625 domains from each fixed rank band; Python random.Random(42),2026-08-20T12:17:41+00:00,100001-250000
tfv1:001610,26J39,188877,jcdecaux.com,42,stratified uniform sample: 625 domains from each fixed rank band; Python random.Random(42),2026-08-20T12:17:41+00:00,100001-250000
tfv1:001611,26J39,189002,stratologia.gr,42,stratified uniform sample: 625 domains from each fixed rank band; Python random.Random(42),2026-08-20T12:17:41+00:00,100001-250000
tfv1:001612,26J39,189083,sidechef.com,42,stratified uniform sample: 625 domains from each fixed rank band; Python random.Random(42),2026-08-20T12:17:41+00:00,100001-250000
tfv1:001613,26J39,189364,aol.jp,42,stratified uniform sample: 625 domains from each fixed rank band; Python random.Random(42),2026-08-20T12:17:41+00:00,100001-250000
tfv1:001614,26J39,189584,cctvsv.com,42,stratified uniform sample: 625 domains from each fixed rank band; Python random.Random(42),2026-08-20T12:17:41+00:00,100001-250000
tfv1:001615,26J39,190031,perivoz.ru,42,stratified uniform sample: 625 domains from each fixed rank band; Python random.Random(42),2026-08-20T12:17:41+00:00,100001-250000
tfv1:001616,26J39,190388,nwc.com.sa,42,stratified uniform sample: 625 domains from each fixed rank band; Python random.Random(42),2026-08-20T12:17:41+00:00,100001-250000
tfv1:001617,26J39,190485,barahla.net,42,stratified uniform sample: 625 domains from each fixed rank band; Python random.Random(42),2026-08-20T12:17:41+00:00,100001-250000
tfv1:001618,26J39,191587,ftbucket.info,42,stratified uniform sample: 625 domains from each fixed rank band; Python random.Random(42),2026-08-20T12:17:41+00:00,100001-250000
tfv1:001619,26J39,191642,c21.ca,42,stratified uniform sample: 625 domains from each fixed rank band; Python random.Random(42),2026-08-20T12:17:41+00:00,100001-250000
tfv1:001620,26J39,191704,sandwichconscientiousroadside.com,42,stratified uniform sample: 625 domains from each fixed rank band; Python random.Random(42),2026-08-20T12:17:41+00:00,100001-250000
tfv1:001621,26J39,191781,arkadin.com,42,stratified uniform sample: 625 domains from each fixed rank band; Python random.Random(42),2026-08-20T12:17:41+00:00,100001-250000
tfv1:001622,26J39,192019,christine-laure.fr,42,stratified uniform sample: 625 domains from each fixed rank band; Python random.Random(42),2026-08-20T12:17:41+00:00,100001-250000
tfv1:001623,26J39,192039,cantabilshop.com,42,stratified uniform sample: 625 domains from each fixed rank band; Python random.Random(42),2026-08-20T12:17:41+00:00,100001-250000
tfv1:001624,26J39,192182,moon-win.org,42,stratified uniform sample: 625 domains from each fixed rank band; Python random.Random(42),2026-08-20T12:17:41+00:00,100001-250000
tfv1:001625,26J39,192260,elive.ie,42,stratified uniform sample: 625 domains from each fixed rank band; Python random.Random(42),2026-08-20T12:17:41+00:00,100001-250000
tfv1:001626,26J39,192354,glendaleaz.com,42,stratified uniform sample: 625 domains from each fixed rank band; Python random.Random(42),2026-08-20T12:17:41+00:00,100001-250000
tfv1:001627,26J39,192489,single-baltic-lady.com,42,stratified uniform sample: 625 domains from each fixed rank band; Python random.Random(42),2026-08-20T12:17:41+00:00,100001-250000
tfv1:001628,26J39,192694,glowcose.io,42,stratified uniform sample: 625 domains from each fixed rank band; Python random.Random(42),2026-08-20T12:17:41+00:00,100001-250000
tfv1:001629,26J39,192843,auditmypc.com,42,stratified uniform sample: 625 domains from each fixed rank band; Python random.Random(42),2026-08-20T12:17:41+00:00,100001-250000
tfv1:001630,26J39,193579,tetu.com,42,stratified uniform sample: 625 domains from each fixed rank band; Python random.Random(42),2026-08-20T12:17:41+00:00,100001-250000
tfv1:001631,26J39,193611,leta.lv,42,stratified uniform sample: 625 domains from each fixed rank band; Python random.Random(42),2026-08-20T12:17:41+00:00,100001-250000
tfv1:001632,26J39,193912,pornnorth.com,42,stratified uniform sample: 625 domains from each fixed rank band; Python random.Random(42),2026-08-20T12:17:41+00:00,100001-250000
tfv1:001633,26J39,194025,wegenenverkeer.be,42,stratified uniform sample: 625 domains from each fixed rank band; Python random.Random(42),2026-08-20T12:17:41+00:00,100001-250000
tfv1:001634,26J39,194531,mobo.news,42,stratified uniform sample: 625 domains from each fixed rank band; Python random.Random(42),2026-08-20T12:17:41+00:00,100001-250000
tfv1:001635,26J39,194852,umweltinstitut.org,42,stratified uniform sample: 625 domains from each fixed rank band; Python random.Random(42),2026-08-20T12:17:41+00:00,100001-250000
tfv1:001636,26J39,194858,hi-fi.ru,42,stratified uniform sample: 625 domains from each fixed rank band; Python random.Random(42),2026-08-20T12:17:41+00:00,100001-250000
tfv1:001637,26J39,194907,asitisnutrition.com,42,stratified uniform sample: 625 domains from each fixed rank band; Python random.Random(42),2026-08-20T12:17:41+00:00,100001-250000
tfv1:001638,26J39,195053,sportpulseapiz.com,42,stratified uniform sample: 625 domains from each fixed rank band; Python random.Random(42),2026-08-20T12:17:41+00:00,100001-250000
tfv1:001639,26J39,195076,hostlix.pl,42,stratified uniform sample: 625 domains from each fixed rank band; Python random.Random(42),2026-08-20T12:17:41+00:00,100001-250000
tfv1:001640,26J39,195394,bigshoe.london,42,stratified uniform sample: 625 domains from each fixed rank band; Python random.Random(42),2026-08-20T12:17:41+00:00,100001-250000
tfv1:001641,26J39,195499,samsungscl.com,42,stratified uniform sample: 625 domains from each fixed rank band; Python random.Random(42),2026-08-20T12:17:41+00:00,100001-250000
tfv1:001642,26J39,195647,phbet.info,42,stratified uniform sample: 625 domains from each fixed rank band; Python random.Random(42),2026-08-20T12:17:41+00:00,100001-250000
tfv1:001643,26J39,195886,saicmotor.com,42,stratified uniform sample: 625 domains from each fixed rank band; Python random.Random(42),2026-08-20T12:17:41+00:00,100001-250000
tfv1:001644,26J39,195908,8ung.at,42,stratified uniform sample: 625 domains from each fixed rank band; Python random.Random(42),2026-08-20T12:17:41+00:00,100001-250000
tfv1:001645,26J39,196295,wizard.com.br,42,stratified uniform sample: 625 domains from each fixed rank band; Python random.Random(42),2026-08-20T12:17:41+00:00,100001-250000
tfv1:001646,26J39,196354,punchadoro.com,42,stratified uniform sample: 625 domains from each fixed rank band; Python random.Random(42),2026-08-20T12:17:41+00:00,100001-250000
tfv1:001647,26J39,196428,cdrom.com,42,stratified uniform sample: 625 domains from each fixed rank band; Python random.Random(42),2026-08-20T12:17:41+00:00,100001-250000
tfv1:001648,26J39,196475,roxiestreams.su,42,stratified uniform sample: 625 domains from each fixed rank band; Python random.Random(42),2026-08-20T12:17:41+00:00,100001-250000
tfv1:001649,26J39,196623,jwmatch.com,42,stratified uniform sample: 625 domains from each fixed rank band; Python random.Random(42),2026-08-20T12:17:41+00:00,100001-250000
tfv1:001650,26J39,196663,clrn.org,42,stratified uniform sample: 625 domains from each fixed rank band; Python random.Random(42),2026-08-20T12:17:41+00:00,100001-250000
tfv1:001651,26J39,197008,jog.fm,42,stratified uniform sample: 625 domains from each fixed rank band; Python random.Random(42),2026-08-20T12:17:41+00:00,100001-250000
tfv1:001652,26J39,197133,kontramarka.ua,42,stratified uniform sample: 625 domains from each fixed rank band; Python random.Random(42),2026-08-20T12:17:41+00:00,100001-250000
tfv1:001653,26J39,197259,deployapp.space,42,stratified uniform sample: 625 domains from each fixed rank band; Python random.Random(42),2026-08-20T12:17:41+00:00,100001-250000
tfv1:001654,26J39,197312,shopfurniturestars.com,42,stratified uniform sample: 625 domains from each fixed rank band; Python random.Random(42),2026-08-20T12:17:41+00:00,100001-250000
tfv1:001655,26J39,197380,ncloud.site,42,stratified uniform sample: 625 domains from each fixed rank band; Python random.Random(42),2026-08-20T12:17:41+00:00,100001-250000
tfv1:001656,26J39,197688,xboxlive.cn,42,stratified uniform sample: 625 domains from each fixed rank band; Python random.Random(42),2026-08-20T12:17:41+00:00,100001-250000
tfv1:001657,26J39,197741,adapundi.com,42,stratified uniform sample: 625 domains from each fixed rank band; Python random.Random(42),2026-08-20T12:17:41+00:00,100001-250000
tfv1:001658,26J39,197859,nadlancenter.co.il,42,stratified uniform sample: 625 domains from each fixed rank band; Python random.Random(42),2026-08-20T12:17:41+00:00,100001-250000
tfv1:001659,26J39,198032,vidivid.ru,42,stratified uniform sample: 625 domains from each fixed rank band; Python random.Random(42),2026-08-20T12:17:41+00:00,100001-250000
tfv1:001660,26J39,198121,webb-database.com,42,stratified uniform sample: 625 domains from each fixed rank band; Python random.Random(42),2026-08-20T12:17:41+00:00,100001-250000
tfv1:001661,26J39,198282,raiffeisen.ro,42,stratified uniform sample: 625 domains from each fixed rank band; Python random.Random(42),2026-08-20T12:17:41+00:00,100001-250000
tfv1:001662,26J39,198618,svenskafans.com,42,stratified uniform sample: 625 domains from each fixed rank band; Python random.Random(42),2026-08-20T12:17:41+00:00,100001-250000
tfv1:001663,26J39,198745,asn-news.ru,42,stratified uniform sample: 625 domains from each fixed rank band; Python random.Random(42),2026-08-20T12:17:41+00:00,100001-250000
tfv1:001664,26J39,198755,randomwordgenerator.com,42,stratified uniform sample: 625 domains from each fixed rank band; Python random.Random(42),2026-08-20T12:17:41+00:00,100001-250000
tfv1:001665,26J39,199670,amtamembers.com,42,stratified uniform sample: 625 domains from each fixed rank band; Python random.Random(42),2026-08-20T12:17:41+00:00,100001-250000
tfv1:001666,26J39,199852,buzzsight.co,42,stratified uniform sample: 625 domains from each fixed rank band; Python random.Random(42),2026-08-20T12:17:41+00:00,100001-250000
tfv1:001667,26J39,199884,ahstu.edu.cn,42,stratified uniform sample: 625 domains from each fixed rank band; Python random.Random(42),2026-08-20T12:17:41+00:00,100001-250000
tfv1:001668,26J39,200106,euroimportmoto.com,42,stratified uniform sample: 625 domains from each fixed rank band; Python random.Random(42),2026-08-20T12:17:41+00:00,100001-250000
tfv1:001669,26J39,200790,sane.org.uk,42,stratified uniform sample: 625 domains from each fixed rank band; Python random.Random(42),2026-08-20T12:17:41+00:00,100001-250000
tfv1:001670,26J39,201232,kolejowyportal.pl,42,stratified uniform sample: 625 domains from each fixed rank band; Python random.Random(42),2026-08-20T12:17:41+00:00,100001-250000
tfv1:001671,26J39,201336,midhudsondata.com,42,stratified uniform sample: 625 domains from each fixed rank band; Python random.Random(42),2026-08-20T12:17:41+00:00,100001-250000
tfv1:001672,26J39,201357,yiqiziku.com,42,stratified uniform sample: 625 domains from each fixed rank band; Python random.Random(42),2026-08-20T12:17:41+00:00,100001-250000
tfv1:001673,26J39,201419,summilux.net,42,stratified uniform sample: 625 domains from each fixed rank band; Python random.Random(42),2026-08-20T12:17:41+00:00,100001-250000
tfv1:001674,26J39,201559,levenger.com,42,stratified uniform sample: 625 domains from each fixed rank band; Python random.Random(42),2026-08-20T12:17:41+00:00,100001-250000
tfv1:001675,26J39,201882,glonv.com,42,stratified uniform sample: 625 domains from each fixed rank band; Python random.Random(42),2026-08-20T12:17:41+00:00,100001-250000
tfv1:001676,26J39,202356,bymichiby.com,42,stratified uniform sample: 625 domains from each fixed rank band; Python random.Random(42),2026-08-20T12:17:41+00:00,100001-250000
tfv1:001677,26J39,202750,thekrogerco.com,42,stratified uniform sample: 625 domains from each fixed rank band; Python random.Random(42),2026-08-20T12:17:41+00:00,100001-250000
tfv1:001678,26J39,203436,ucumberlands.edu,42,stratified uniform sample: 625 domains from each fixed rank band; Python random.Random(42),2026-08-20T12:17:41+00:00,100001-250000
tfv1:001679,26J39,203616,2roomz.com,42,stratified uniform sample: 625 domains from each fixed rank band; Python random.Random(42),2026-08-20T12:17:41+00:00,100001-250000
tfv1:001680,26J39,203748,servware.org,42,stratified uniform sample: 625 domains from each fixed rank band; Python random.Random(42),2026-08-20T12:17:41+00:00,100001-250000
tfv1:001681,26J39,203929,7321673.com,42,stratified uniform sample: 625 domains from each fixed rank band; Python random.Random(42),2026-08-20T12:17:41+00:00,100001-250000
tfv1:001682,26J39,204090,allnet.co.in,42,stratified uniform sample: 625 domains from each fixed rank band; Python random.Random(42),2026-08-20T12:17:41+00:00,100001-250000
tfv1:001683,26J39,204180,superbheating.com,42,stratified uniform sample: 625 domains from each fixed rank band; Python random.Random(42),2026-08-20T12:17:41+00:00,100001-250000
tfv1:001684,26J39,204370,hdkore1.com,42,stratified uniform sample: 625 domains from each fixed rank band; Python random.Random(42),2026-08-20T12:17:41+00:00,100001-250000
tfv1:001685,26J39,204393,bytespiders.com,42,stratified uniform sample: 625 domains from each fixed rank band; Python random.Random(42),2026-08-20T12:17:41+00:00,100001-250000
tfv1:001686,26J39,204525,areadevelopment.com,42,stratified uniform sample: 625 domains from each fixed rank band; Python random.Random(42),2026-08-20T12:17:41+00:00,100001-250000
tfv1:001687,26J39,204864,webglobedns.com,42,stratified uniform sample: 625 domains from each fixed rank band; Python random.Random(42),2026-08-20T12:17:41+00:00,100001-250000
tfv1:001688,26J39,204976,lojameumantosagrado.com,42,stratified uniform sample: 625 domains from each fixed rank band; Python random.Random(42),2026-08-20T12:17:41+00:00,100001-250000
tfv1:001689,26J39,205064,pcb.com.pk,42,stratified uniform sample: 625 domains from each fixed rank band; Python random.Random(42),2026-08-20T12:17:41+00:00,100001-250000
tfv1:001690,26J39,205282,89p89p.com,42,stratified uniform sample: 625 domains from each fixed rank band; Python random.Random(42),2026-08-20T12:17:41+00:00,100001-250000
tfv1:001691,26J39,206018,altronics.com.au,42,stratified uniform sample: 625 domains from each fixed rank band; Python random.Random(42),2026-08-20T12:17:41+00:00,100001-250000
tfv1:001692,26J39,206177,socialinplace.com,42,stratified uniform sample: 625 domains from each fixed rank band; Python random.Random(42),2026-08-20T12:17:41+00:00,100001-250000
tfv1:001693,26J39,206986,climatewatchdata.org,42,stratified uniform sample: 625 domains from each fixed rank band; Python random.Random(42),2026-08-20T12:17:41+00:00,100001-250000
tfv1:001694,26J39,207033,become-it.nl,42,stratified uniform sample: 625 domains from each fixed rank band; Python random.Random(42),2026-08-20T12:17:41+00:00,100001-250000
tfv1:001695,26J39,207157,belbet.by,42,stratified uniform sample: 625 domains from each fixed rank band; Python random.Random(42),2026-08-20T12:17:41+00:00,100001-250000
tfv1:001696,26J39,207692,forwomeninscience.com,42,stratified uniform sample: 625 domains from each fixed rank band; Python random.Random(42),2026-08-20T12:17:41+00:00,100001-250000
tfv1:001697,26J39,207705,maisondevacances.fr,42,stratified uniform sample: 625 domains from each fixed rank band; Python random.Random(42),2026-08-20T12:17:41+00:00,100001-250000
tfv1:001698,26J39,208479,hellojob.az,42,stratified uniform sample: 625 domains from each fixed rank band; Python random.Random(42),2026-08-20T12:17:41+00:00,100001-250000
tfv1:001699,26J39,208576,dachu.co,42,stratified uniform sample: 625 domains from each fixed rank band; Python random.Random(42),2026-08-20T12:17:41+00:00,100001-250000
tfv1:001700,26J39,208760,1in.am,42,stratified uniform sample: 625 domains from each fixed rank band; Python random.Random(42),2026-08-20T12:17:41+00:00,100001-250000
tfv1:001701,26J39,208763,donnermusic.com,42,stratified uniform sample: 625 domains from each fixed rank band; Python random.Random(42),2026-08-20T12:17:41+00:00,100001-250000
tfv1:001702,26J39,208922,openvela.com,42,stratified uniform sample: 625 domains from each fixed rank band; Python random.Random(42),2026-08-20T12:17:41+00:00,100001-250000
tfv1:001703,26J39,209050,ellevationeducation.com,42,stratified uniform sample: 625 domains from each fixed rank band; Python random.Random(42),2026-08-20T12:17:41+00:00,100001-250000
tfv1:001704,26J39,209201,spacial.com,42,stratified uniform sample: 625 domains from each fixed rank band; Python random.Random(42),2026-08-20T12:17:41+00:00,100001-250000
tfv1:001705,26J39,209496,pztuning24.de,42,stratified uniform sample: 625 domains from each fixed rank band; Python random.Random(42),2026-08-20T12:17:41+00:00,100001-250000
tfv1:001706,26J39,209750,clclubs.com,42,stratified uniform sample: 625 domains from each fixed rank band; Python random.Random(42),2026-08-20T12:17:41+00:00,100001-250000
tfv1:001707,26J39,209872,ecansol.net,42,stratified uniform sample: 625 domains from each fixed rank band; Python random.Random(42),2026-08-20T12:17:41+00:00,100001-250000
tfv1:001708,26J39,210055,grimaldiholding.it,42,stratified uniform sample: 625 domains from each fixed rank band; Python random.Random(42),2026-08-20T12:17:41+00:00,100001-250000
tfv1:001709,26J39,210057,ironfx.com,42,stratified uniform sample: 625 domains from each fixed rank band; Python random.Random(42),2026-08-20T12:17:41+00:00,100001-250000
tfv1:001710,26J39,210353,sagarmoveclick.com,42,stratified uniform sample: 625 domains from each fixed rank band; Python random.Random(42),2026-08-20T12:17:41+00:00,100001-250000
tfv1:001711,26J39,210871,bokep234.club,42,stratified uniform sample: 625 domains from each fixed rank band; Python random.Random(42),2026-08-20T12:17:41+00:00,100001-250000
tfv1:001712,26J39,210954,sloterman-nl.com,42,stratified uniform sample: 625 domains from each fixed rank band; Python random.Random(42),2026-08-20T12:17:41+00:00,100001-250000
tfv1:001713,26J39,210994,bridgewinners.com,42,stratified uniform sample: 625 domains from each fixed rank band; Python random.Random(42),2026-08-20T12:17:41+00:00,100001-250000
tfv1:001714,26J39,211153,assertivasolucoes.com.br,42,stratified uniform sample: 625 domains from each fixed rank band; Python random.Random(42),2026-08-20T12:17:41+00:00,100001-250000
tfv1:001715,26J39,211746,ttl.fi,42,stratified uniform sample: 625 domains from each fixed rank band; Python random.Random(42),2026-08-20T12:17:41+00:00,100001-250000
tfv1:001716,26J39,211874,lustfocus.net,42,stratified uniform sample: 625 domains from each fixed rank band; Python random.Random(42),2026-08-20T12:17:41+00:00,100001-250000
tfv1:001717,26J39,212490,hairneva.com,42,stratified uniform sample: 625 domains from each fixed rank band; Python random.Random(42),2026-08-20T12:17:41+00:00,100001-250000
tfv1:001718,26J39,212523,colab.ws,42,stratified uniform sample: 625 domains from each fixed rank band; Python random.Random(42),2026-08-20T12:17:41+00:00,100001-250000
tfv1:001719,26J39,212535,sycor.eu,42,stratified uniform sample: 625 domains from each fixed rank band; Python random.Random(42),2026-08-20T12:17:41+00:00,100001-250000
tfv1:001720,26J39,212700,virtualpbx.net,42,stratified uniform sample: 625 domains from each fixed rank band; Python random.Random(42),2026-08-20T12:17:41+00:00,100001-250000
tfv1:001721,26J39,212741,prv.se,42,stratified uniform sample: 625 domains from each fixed rank band; Python random.Random(42),2026-08-20T12:17:41+00:00,100001-250000
tfv1:001722,26J39,212775,webceo.com,42,stratified uniform sample: 625 domains from each fixed rank band; Python random.Random(42),2026-08-20T12:17:41+00:00,100001-250000
tfv1:001723,26J39,212894,waimaosass.icu,42,stratified uniform sample: 625 domains from each fixed rank band; Python random.Random(42),2026-08-20T12:17:41+00:00,100001-250000
tfv1:001724,26J39,213214,9kxpakek.com,42,stratified uniform sample: 625 domains from each fixed rank band; Python random.Random(42),2026-08-20T12:17:41+00:00,100001-250000
tfv1:001725,26J39,214210,derbestatter.at,42,stratified uniform sample: 625 domains from each fixed rank band; Python random.Random(42),2026-08-20T12:17:41+00:00,100001-250000
tfv1:001726,26J39,214353,e-smart.care,42,stratified uniform sample: 625 domains from each fixed rank band; Python random.Random(42),2026-08-20T12:17:41+00:00,100001-250000
tfv1:001727,26J39,214482,enmongroup.com,42,stratified uniform sample: 625 domains from each fixed rank band; Python random.Random(42),2026-08-20T12:17:41+00:00,100001-250000
tfv1:001728,26J39,214545,ev.or.kr,42,stratified uniform sample: 625 domains from each fixed rank band; Python random.Random(42),2026-08-20T12:17:41+00:00,100001-250000
tfv1:001729,26J39,214681,flashventes.com,42,stratified uniform sample: 625 domains from each fixed rank band; Python random.Random(42),2026-08-20T12:17:41+00:00,100001-250000
tfv1:001730,26J39,214734,freeshib.in,42,stratified uniform sample: 625 domains from each fixed rank band; Python random.Random(42),2026-08-20T12:17:41+00:00,100001-250000
tfv1:001731,26J39,214756,furumado.jp,42,stratified uniform sample: 625 domains from each fixed rank band; Python random.Random(42),2026-08-20T12:17:41+00:00,100001-250000
tfv1:001732,26J39,215192,inbaza.uz,42,stratified uniform sample: 625 domains from each fixed rank band; Python random.Random(42),2026-08-20T12:17:41+00:00,100001-250000
tfv1:001733,26J39,215275,ix7game.org,42,stratified uniform sample: 625 domains from each fixed rank band; Python random.Random(42),2026-08-20T12:17:41+00:00,100001-250000
tfv1:001734,26J39,215282,jadoocinema.net,42,stratified uniform sample: 625 domains from each fixed rank band; Python random.Random(42),2026-08-20T12:17:41+00:00,100001-250000
tfv1:001735,26J39,215500,kilometrounoaereos.com.ar,42,stratified uniform sample: 625 domains from each fixed rank band; Python random.Random(42),2026-08-20T12:17:41+00:00,100001-250000
tfv1:001736,26J39,215880,match44.vip,42,stratified uniform sample: 625 domains from each fixed rank band; Python random.Random(42),2026-08-20T12:17:41+00:00,100001-250000
tfv1:001737,26J39,215923,mediabat.com,42,stratified uniform sample: 625 domains from each fixed rank band; Python random.Random(42),2026-08-20T12:17:41+00:00,100001-250000
tfv1:001738,26J39,216160,myfund.pl,42,stratified uniform sample: 625 domains from each fixed rank band; Python random.Random(42),2026-08-20T12:17:41+00:00,100001-250000
tfv1:001739,26J39,216231,nclsil.in,42,stratified uniform sample: 625 domains from each fixed rank band; Python random.Random(42),2026-08-20T12:17:41+00:00,100001-250000
tfv1:001740,26J39,216278,niania.pl,42,stratified uniform sample: 625 domains from each fixed rank band; Python random.Random(42),2026-08-20T12:17:41+00:00,100001-250000
tfv1:001741,26J39,216445,onthon.com,42,stratified uniform sample: 625 domains from each fixed rank band; Python random.Random(42),2026-08-20T12:17:41+00:00,100001-250000
tfv1:001742,26J39,216575,payment-yamatofinancial.jp,42,stratified uniform sample: 625 domains from each fixed rank band; Python random.Random(42),2026-08-20T12:17:41+00:00,100001-250000
tfv1:001743,26J39,217513,superkembar.site,42,stratified uniform sample: 625 domains from each fixed rank band; Python random.Random(42),2026-08-20T12:17:41+00:00,100001-250000
tfv1:001744,26J39,217599,tanomailplus.com,42,stratified uniform sample: 625 domains from each fixed rank band; Python random.Random(42),2026-08-20T12:17:41+00:00,100001-250000
tfv1:001745,26J39,217678,tgsrtclogistics.co.in,42,stratified uniform sample: 625 domains from each fixed rank band; Python random.Random(42),2026-08-20T12:17:41+00:00,100001-250000
tfv1:001746,26J39,217684,thb44.vip,42,stratified uniform sample: 625 domains from each fixed rank band; Python random.Random(42),2026-08-20T12:17:41+00:00,100001-250000
tfv1:001747,26J39,217787,transports.gov.mr,42,stratified uniform sample: 625 domains from each fixed rank band; Python random.Random(42),2026-08-20T12:17:41+00:00,100001-250000
tfv1:001748,26J39,217895,umaximo.com,42,stratified uniform sample: 625 domains from each fixed rank band; Python random.Random(42),2026-08-20T12:17:41+00:00,100001-250000
tfv1:001749,26J39,218102,wbtconline.in,42,stratified uniform sample: 625 domains from each fixed rank band; Python random.Random(42),2026-08-20T12:17:41+00:00,100001-250000
tfv1:001750,26J39,218261,xtotohengheng.com,42,stratified uniform sample: 625 domains from each fixed rank band; Python random.Random(42),2026-08-20T12:17:41+00:00,100001-250000
tfv1:001751,26J39,218373,zenlishtoeic.vn,42,stratified uniform sample: 625 domains from each fixed rank band; Python random.Random(42),2026-08-20T12:17:41+00:00,100001-250000
tfv1:001752,26J39,218467,mondial.paris,42,stratified uniform sample: 625 domains from each fixed rank band; Python random.Random(42),2026-08-20T12:17:41+00:00,100001-250000
tfv1:001753,26J39,218491,ipdroid.net,42,stratified uniform sample: 625 domains from each fixed rank band; Python random.Random(42),2026-08-20T12:17:41+00:00,100001-250000
tfv1:001754,26J39,218883,southsidewreckers.com,42,stratified uniform sample: 625 domains from each fixed rank band; Python random.Random(42),2026-08-20T12:17:41+00:00,100001-250000
tfv1:001755,26J39,218920,czcb.com.cn,42,stratified uniform sample: 625 domains from each fixed rank band; Python random.Random(42),2026-08-20T12:17:41+00:00,100001-250000
tfv1:001756,26J39,218921,loveradvisor.org,42,stratified uniform sample: 625 domains from each fixed rank band; Python random.Random(42),2026-08-20T12:17:41+00:00,100001-250000
tfv1:001757,26J39,218939,pangoly.com,42,stratified uniform sample: 625 domains from each fixed rank band; Python random.Random(42),2026-08-20T12:17:41+00:00,100001-250000
tfv1:001758,26J39,219202,freenet.com.ua,42,stratified uniform sample: 625 domains from each fixed rank band; Python random.Random(42),2026-08-20T12:17:41+00:00,100001-250000
tfv1:001759,26J39,219220,suzukioutboardteam.com,42,stratified uniform sample: 625 domains from each fixed rank band; Python random.Random(42),2026-08-20T12:17:41+00:00,100001-250000
tfv1:001760,26J39,219830,cambox.eu,42,stratified uniform sample: 625 domains from each fixed rank band; Python random.Random(42),2026-08-20T12:17:41+00:00,100001-250000
tfv1:001761,26J39,219978,shici9.com,42,stratified uniform sample: 625 domains from each fixed rank band; Python random.Random(42),2026-08-20T12:17:41+00:00,100001-250000
tfv1:001762,26J39,220074,verlagruhr.de,42,stratified uniform sample: 625 domains from each fixed rank band; Python random.Random(42),2026-08-20T12:17:41+00:00,100001-250000
tfv1:001763,26J39,220522,jkdesa.com,42,stratified uniform sample: 625 domains from each fixed rank band; Python random.Random(42),2026-08-20T12:17:41+00:00,100001-250000
tfv1:001764,26J39,220612,z0ne.dev,42,stratified uniform sample: 625 domains from each fixed rank band; Python random.Random(42),2026-08-20T12:17:41+00:00,100001-250000
tfv1:001765,26J39,221027,htv.vn,42,stratified uniform sample: 625 domains from each fixed rank band; Python random.Random(42),2026-08-20T12:17:41+00:00,100001-250000
tfv1:001766,26J39,221044,fabfilter.com,42,stratified uniform sample: 625 domains from each fixed rank band; Python random.Random(42),2026-08-20T12:17:41+00:00,100001-250000
tfv1:001767,26J39,221298,totogroup.ru,42,stratified uniform sample: 625 domains from each fixed rank band; Python random.Random(42),2026-08-20T12:17:41+00:00,100001-250000
tfv1:001768,26J39,221623,vinchi.ru,42,stratified uniform sample: 625 domains from each fixed rank band; Python random.Random(42),2026-08-20T12:17:41+00:00,100001-250000
tfv1:001769,26J39,221705,oaxaca.gob.mx,42,stratified uniform sample: 625 domains from each fixed rank band; Python random.Random(42),2026-08-20T12:17:41+00:00,100001-250000
tfv1:001770,26J39,221799,simplyprint.io,42,stratified uniform sample: 625 domains from each fixed rank band; Python random.Random(42),2026-08-20T12:17:41+00:00,100001-250000
tfv1:001771,26J39,222771,xmdomino.com,42,stratified uniform sample: 625 domains from each fixed rank band; Python random.Random(42),2026-08-20T12:17:41+00:00,100001-250000
tfv1:001772,26J39,222925,yalinclothing.com,42,stratified uniform sample: 625 domains from each fixed rank band; Python random.Random(42),2026-08-20T12:17:41+00:00,100001-250000
tfv1:001773,26J39,222950,turk.estate,42,stratified uniform sample: 625 domains from each fixed rank band; Python random.Random(42),2026-08-20T12:17:41+00:00,100001-250000
tfv1:001774,26J39,222975,cittel.ru,42,stratified uniform sample: 625 domains from each fixed rank band; Python random.Random(42),2026-08-20T12:17:41+00:00,100001-250000
tfv1:001775,26J39,223244,fromgeek.com,42,stratified uniform sample: 625 domains from each fixed rank band; Python random.Random(42),2026-08-20T12:17:41+00:00,100001-250000
tfv1:001776,26J39,223595,sa38.ru,42,stratified uniform sample: 625 domains from each fixed rank band; Python random.Random(42),2026-08-20T12:17:41+00:00,100001-250000
tfv1:001777,26J39,223852,hitpromo.net,42,stratified uniform sample: 625 domains from each fixed rank band; Python random.Random(42),2026-08-20T12:17:41+00:00,100001-250000
tfv1:001778,26J39,224099,icdcprague.org,42,stratified uniform sample: 625 domains from each fixed rank band; Python random.Random(42),2026-08-20T12:17:41+00:00,100001-250000
tfv1:001779,26J39,224327,sunvalley.com,42,stratified uniform sample: 625 domains from each fixed rank band; Python random.Random(42),2026-08-20T12:17:41+00:00,100001-250000
tfv1:001780,26J39,224684,fdfdata.fr,42,stratified uniform sample: 625 domains from each fixed rank band; Python random.Random(42),2026-08-20T12:17:41+00:00,100001-250000
tfv1:001781,26J39,224846,asklent.com,42,stratified uniform sample: 625 domains from each fixed rank band; Python random.Random(42),2026-08-20T12:17:41+00:00,100001-250000
tfv1:001782,26J39,225445,spareto.fi,42,stratified uniform sample: 625 domains from each fixed rank band; Python random.Random(42),2026-08-20T12:17:41+00:00,100001-250000
tfv1:001783,26J39,225563,infinitytv.it,42,stratified uniform sample: 625 domains from each fixed rank band; Python random.Random(42),2026-08-20T12:17:41+00:00,100001-250000
tfv1:001784,26J39,225984,clio-online.net,42,stratified uniform sample: 625 domains from each fixed rank band; Python random.Random(42),2026-08-20T12:17:41+00:00,100001-250000
tfv1:001785,26J39,226314,scambioetico.org,42,stratified uniform sample: 625 domains from each fixed rank band; Python random.Random(42),2026-08-20T12:17:41+00:00,100001-250000
tfv1:001786,26J39,226404,merida.sk,42,stratified uniform sample: 625 domains from each fixed rank band; Python random.Random(42),2026-08-20T12:17:41+00:00,100001-250000
tfv1:001787,26J39,227314,ozhairandbeauty.com,42,stratified uniform sample: 625 domains from each fixed rank band; Python random.Random(42),2026-08-20T12:17:41+00:00,100001-250000
tfv1:001788,26J39,227474,flic.io,42,stratified uniform sample: 625 domains from each fixed rank band; Python random.Random(42),2026-08-20T12:17:41+00:00,100001-250000
tfv1:001789,26J39,227568,zenhosting.com.au,42,stratified uniform sample: 625 domains from each fixed rank band; Python random.Random(42),2026-08-20T12:17:41+00:00,100001-250000
tfv1:001790,26J39,228280,tisi.jp,42,stratified uniform sample: 625 domains from each fixed rank band; Python random.Random(42),2026-08-20T12:17:41+00:00,100001-250000
tfv1:001791,26J39,228522,thezephyr.com,42,stratified uniform sample: 625 domains from each fixed rank band; Python random.Random(42),2026-08-20T12:17:41+00:00,100001-250000
tfv1:001792,26J39,229139,vnsgu.ac.in,42,stratified uniform sample: 625 domains from each fixed rank band; Python random.Random(42),2026-08-20T12:17:41+00:00,100001-250000
tfv1:001793,26J39,229530,princeseating.furniture,42,stratified uniform sample: 625 domains from each fixed rank band; Python random.Random(42),2026-08-20T12:17:41+00:00,100001-250000
tfv1:001794,26J39,230077,sistersncloth.com,42,stratified uniform sample: 625 domains from each fixed rank band; Python random.Random(42),2026-08-20T12:17:41+00:00,100001-250000
tfv1:001795,26J39,230387,schwarzreport.org,42,stratified uniform sample: 625 domains from each fixed rank band; Python random.Random(42),2026-08-20T12:17:41+00:00,100001-250000
tfv1:001796,26J39,230423,axial.net,42,stratified uniform sample: 625 domains from each fixed rank band; Python random.Random(42),2026-08-20T12:17:41+00:00,100001-250000
tfv1:001797,26J39,231028,kuaizhika.cn,42,stratified uniform sample: 625 domains from each fixed rank band; Python random.Random(42),2026-08-20T12:17:41+00:00,100001-250000
tfv1:001798,26J39,231141,remaxtexas.com,42,stratified uniform sample: 625 domains from each fixed rank band; Python random.Random(42),2026-08-20T12:17:41+00:00,100001-250000
tfv1:001799,26J39,231431,infoquest.co.th,42,stratified uniform sample: 625 domains from each fixed rank band; Python random.Random(42),2026-08-20T12:17:41+00:00,100001-250000
tfv1:001800,26J39,231543,tizu.ru,42,stratified uniform sample: 625 domains from each fixed rank band; Python random.Random(42),2026-08-20T12:17:41+00:00,100001-250000
tfv1:001801,26J39,231599,stopwar.org.uk,42,stratified uniform sample: 625 domains from each fixed rank band; Python random.Random(42),2026-08-20T12:17:41+00:00,100001-250000
tfv1:001802,26J39,231834,zuyd.nl,42,stratified uniform sample: 625 domains from each fixed rank band; Python random.Random(42),2026-08-20T12:17:41+00:00,100001-250000
tfv1:001803,26J39,232079,anime.com,42,stratified uniform sample: 625 domains from each fixed rank band; Python random.Random(42),2026-08-20T12:17:41+00:00,100001-250000
tfv1:001804,26J39,232265,ckee.ru,42,stratified uniform sample: 625 domains from each fixed rank band; Python random.Random(42),2026-08-20T12:17:41+00:00,100001-250000
tfv1:001805,26J39,232528,torrent-empire.me,42,stratified uniform sample: 625 domains from each fixed rank band; Python random.Random(42),2026-08-20T12:17:41+00:00,100001-250000
tfv1:001806,26J39,232925,organic-cdn.net,42,stratified uniform sample: 625 domains from each fixed rank band; Python random.Random(42),2026-08-20T12:17:41+00:00,100001-250000
tfv1:001807,26J39,232993,aic.ru,42,stratified uniform sample: 625 domains from each fixed rank band; Python random.Random(42),2026-08-20T12:17:41+00:00,100001-250000
tfv1:001808,26J39,232996,auclassifieds.com.au,42,stratified uniform sample: 625 domains from each fixed rank band; Python random.Random(42),2026-08-20T12:17:41+00:00,100001-250000
tfv1:001809,26J39,233016,globalreject.com,42,stratified uniform sample: 625 domains from each fixed rank band; Python random.Random(42),2026-08-20T12:17:41+00:00,100001-250000
tfv1:001810,26J39,233071,60.in-addr.arpa,42,stratified uniform sample: 625 domains from each fixed rank band; Python random.Random(42),2026-08-20T12:17:41+00:00,100001-250000
tfv1:001811,26J39,233088,lutontoday.co.uk,42,stratified uniform sample: 625 domains from each fixed rank band; Python random.Random(42),2026-08-20T12:17:41+00:00,100001-250000
tfv1:001812,26J39,233298,captainbookmark.com,42,stratified uniform sample: 625 domains from each fixed rank band; Python random.Random(42),2026-08-20T12:17:41+00:00,100001-250000
tfv1:001813,26J39,233681,unmannedsystemstechnology.com,42,stratified uniform sample: 625 domains from each fixed rank band; Python random.Random(42),2026-08-20T12:17:41+00:00,100001-250000
tfv1:001814,26J39,233821,senffshopping.com.br,42,stratified uniform sample: 625 domains from each fixed rank band; Python random.Random(42),2026-08-20T12:17:41+00:00,100001-250000
tfv1:001815,26J39,234309,app-deutschebank.com,42,stratified uniform sample: 625 domains from each fixed rank band; Python random.Random(42),2026-08-20T12:17:41+00:00,100001-250000
tfv1:001816,26J39,234543,mjhst.com,42,stratified uniform sample: 625 domains from each fixed rank band; Python random.Random(42),2026-08-20T12:17:41+00:00,100001-250000
tfv1:001817,26J39,234573,sensualmarketplace.com,42,stratified uniform sample: 625 domains from each fixed rank band; Python random.Random(42),2026-08-20T12:17:41+00:00,100001-250000
tfv1:001818,26J39,235103,hrcloud.com,42,stratified uniform sample: 625 domains from each fixed rank band; Python random.Random(42),2026-08-20T12:17:41+00:00,100001-250000
tfv1:001819,26J39,235105,sitemercado.com.br,42,stratified uniform sample: 625 domains from each fixed rank band; Python random.Random(42),2026-08-20T12:17:41+00:00,100001-250000
tfv1:001820,26J39,235243,dyd.gov.bd,42,stratified uniform sample: 625 domains from each fixed rank band; Python random.Random(42),2026-08-20T12:17:41+00:00,100001-250000
tfv1:001821,26J39,236696,komikcast.cc,42,stratified uniform sample: 625 domains from each fixed rank band; Python random.Random(42),2026-08-20T12:17:41+00:00,100001-250000
tfv1:001822,26J39,237036,musebyclios.com,42,stratified uniform sample: 625 domains from each fixed rank band; Python random.Random(42),2026-08-20T12:17:41+00:00,100001-250000
tfv1:001823,26J39,237229,spdpa.vip,42,stratified uniform sample: 625 domains from each fixed rank band; Python random.Random(42),2026-08-20T12:17:41+00:00,100001-250000
tfv1:001824,26J39,237354,stevemorse.org,42,stratified uniform sample: 625 domains from each fixed rank band; Python random.Random(42),2026-08-20T12:17:41+00:00,100001-250000
tfv1:001825,26J39,237382,victorops.com,42,stratified uniform sample: 625 domains from each fixed rank band; Python random.Random(42),2026-08-20T12:17:41+00:00,100001-250000
tfv1:001826,26J39,237904,6504.casino,42,stratified uniform sample: 625 domains from each fixed rank band; Python random.Random(42),2026-08-20T12:17:41+00:00,100001-250000
tfv1:001827,26J39,237911,stressduell.com,42,stratified uniform sample: 625 domains from each fixed rank band; Python random.Random(42),2026-08-20T12:17:41+00:00,100001-250000
tfv1:001828,26J39,237991,neogames.com,42,stratified uniform sample: 625 domains from each fixed rank band; Python random.Random(42),2026-08-20T12:17:41+00:00,100001-250000
tfv1:001829,26J39,238028,bhinneka.com,42,stratified uniform sample: 625 domains from each fixed rank band; Python random.Random(42),2026-08-20T12:17:41+00:00,100001-250000
tfv1:001830,26J39,238133,vatandoost.site,42,stratified uniform sample: 625 domains from each fixed rank band; Python random.Random(42),2026-08-20T12:17:41+00:00,100001-250000
tfv1:001831,26J39,238271,finsfurniture.com,42,stratified uniform sample: 625 domains from each fixed rank band; Python random.Random(42),2026-08-20T12:17:41+00:00,100001-250000
tfv1:001832,26J39,238353,oceancloudapi.com,42,stratified uniform sample: 625 domains from each fixed rank band; Python random.Random(42),2026-08-20T12:17:41+00:00,100001-250000
tfv1:001833,26J39,239063,bocichina.com,42,stratified uniform sample: 625 domains from each fixed rank band; Python random.Random(42),2026-08-20T12:17:41+00:00,100001-250000
tfv1:001834,26J39,239083,bluemediagroup.cn,42,stratified uniform sample: 625 domains from each fixed rank band; Python random.Random(42),2026-08-20T12:17:41+00:00,100001-250000
tfv1:001835,26J39,239095,hypertek.net,42,stratified uniform sample: 625 domains from each fixed rank band; Python random.Random(42),2026-08-20T12:17:41+00:00,100001-250000
tfv1:001836,26J39,239160,eip.gg,42,stratified uniform sample: 625 domains from each fixed rank band; Python random.Random(42),2026-08-20T12:17:41+00:00,100001-250000
tfv1:001837,26J39,239614,countrybookshelf.com,42,stratified uniform sample: 625 domains from each fixed rank band; Python random.Random(42),2026-08-20T12:17:41+00:00,100001-250000
tfv1:001838,26J39,239988,finance-heros.fr,42,stratified uniform sample: 625 domains from each fixed rank band; Python random.Random(42),2026-08-20T12:17:41+00:00,100001-250000
tfv1:001839,26J39,240524,invivamedya.com,42,stratified uniform sample: 625 domains from each fixed rank band; Python random.Random(42),2026-08-20T12:17:41+00:00,100001-250000
tfv1:001840,26J39,240660,improvenet.com,42,stratified uniform sample: 625 domains from each fixed rank band; Python random.Random(42),2026-08-20T12:17:41+00:00,100001-250000
tfv1:001841,26J39,240915,fromvalerieskitchen.com,42,stratified uniform sample: 625 domains from each fixed rank band; Python random.Random(42),2026-08-20T12:17:41+00:00,100001-250000
tfv1:001842,26J39,241403,sab.bz,42,stratified uniform sample: 625 domains from each fixed rank band; Python random.Random(42),2026-08-20T12:17:41+00:00,100001-250000
tfv1:001843,26J39,241498,smarttelecom.net.br,42,stratified uniform sample: 625 domains from each fixed rank band; Python random.Random(42),2026-08-20T12:17:41+00:00,100001-250000
tfv1:001844,26J39,241609,2zoo.com,42,stratified uniform sample: 625 domains from each fixed rank band; Python random.Random(42),2026-08-20T12:17:41+00:00,100001-250000
tfv1:001845,26J39,241615,tot.co.th,42,stratified uniform sample: 625 domains from each fixed rank band; Python random.Random(42),2026-08-20T12:17:41+00:00,100001-250000
tfv1:001846,26J39,242353,supererdocs.com,42,stratified uniform sample: 625 domains from each fixed rank band; Python random.Random(42),2026-08-20T12:17:41+00:00,100001-250000
tfv1:001847,26J39,242628,spacecom.cc,42,stratified uniform sample: 625 domains from each fixed rank band; Python random.Random(42),2026-08-20T12:17:41+00:00,100001-250000
tfv1:001848,26J39,242729,unrulywash.com,42,stratified uniform sample: 625 domains from each fixed rank band; Python random.Random(42),2026-08-20T12:17:41+00:00,100001-250000
tfv1:001849,26J39,243135,activitysuperstore.com,42,stratified uniform sample: 625 domains from each fixed rank band; Python random.Random(42),2026-08-20T12:17:41+00:00,100001-250000
tfv1:001850,26J39,243749,prqcyqtmyd.com,42,stratified uniform sample: 625 domains from each fixed rank band; Python random.Random(42),2026-08-20T12:17:41+00:00,100001-250000
tfv1:001851,26J39,243866,babydeals.be,42,stratified uniform sample: 625 domains from each fixed rank band; Python random.Random(42),2026-08-20T12:17:41+00:00,100001-250000
tfv1:001852,26J39,244530,schoolfi.net,42,stratified uniform sample: 625 domains from each fixed rank band; Python random.Random(42),2026-08-20T12:17:41+00:00,100001-250000
tfv1:001853,26J39,245268,edgen.tech,42,stratified uniform sample: 625 domains from each fixed rank band; Python random.Random(42),2026-08-20T12:17:41+00:00,100001-250000
tfv1:001854,26J39,245283,fairfaxva.gov,42,stratified uniform sample: 625 domains from each fixed rank band; Python random.Random(42),2026-08-20T12:17:41+00:00,100001-250000
tfv1:001855,26J39,245311,adacreisen.de,42,stratified uniform sample: 625 domains from each fixed rank band; Python random.Random(42),2026-08-20T12:17:41+00:00,100001-250000
tfv1:001856,26J39,245370,for-ns.pro,42,stratified uniform sample: 625 domains from each fixed rank band; Python random.Random(42),2026-08-20T12:17:41+00:00,100001-250000
tfv1:001857,26J39,245822,honeatola.org,42,stratified uniform sample: 625 domains from each fixed rank band; Python random.Random(42),2026-08-20T12:17:41+00:00,100001-250000
tfv1:001858,26J39,245850,vegadns.vn,42,stratified uniform sample: 625 domains from each fixed rank band; Python random.Random(42),2026-08-20T12:17:41+00:00,100001-250000
tfv1:001859,26J39,245946,ub.edu.ar,42,stratified uniform sample: 625 domains from each fixed rank band; Python random.Random(42),2026-08-20T12:17:41+00:00,100001-250000
tfv1:001860,26J39,246097,dpmsonline.co.uk,42,stratified uniform sample: 625 domains from each fixed rank band; Python random.Random(42),2026-08-20T12:17:41+00:00,100001-250000
tfv1:001861,26J39,246267,recovery.gov,42,stratified uniform sample: 625 domains from each fixed rank band; Python random.Random(42),2026-08-20T12:17:41+00:00,100001-250000
tfv1:001862,26J39,246467,sfenvironment.org,42,stratified uniform sample: 625 domains from each fixed rank band; Python random.Random(42),2026-08-20T12:17:41+00:00,100001-250000
tfv1:001863,26J39,246519,tvid.vu,42,stratified uniform sample: 625 domains from each fixed rank band; Python random.Random(42),2026-08-20T12:17:41+00:00,100001-250000
tfv1:001864,26J39,247054,s7airlines.com,42,stratified uniform sample: 625 domains from each fixed rank band; Python random.Random(42),2026-08-20T12:17:41+00:00,100001-250000
tfv1:001865,26J39,247170,vets4pets.com,42,stratified uniform sample: 625 domains from each fixed rank band; Python random.Random(42),2026-08-20T12:17:41+00:00,100001-250000
tfv1:001866,26J39,247217,oppictures.com,42,stratified uniform sample: 625 domains from each fixed rank band; Python random.Random(42),2026-08-20T12:17:41+00:00,100001-250000
tfv1:001867,26J39,247242,awsdns-us-gov-62.net,42,stratified uniform sample: 625 domains from each fixed rank band; Python random.Random(42),2026-08-20T12:17:41+00:00,100001-250000
tfv1:001868,26J39,247780,water.ie,42,stratified uniform sample: 625 domains from each fixed rank band; Python random.Random(42),2026-08-20T12:17:41+00:00,100001-250000
tfv1:001869,26J39,247979,423down.com,42,stratified uniform sample: 625 domains from each fixed rank band; Python random.Random(42),2026-08-20T12:17:41+00:00,100001-250000
tfv1:001870,26J39,248001,minionlab.ai,42,stratified uniform sample: 625 domains from each fixed rank band; Python random.Random(42),2026-08-20T12:17:41+00:00,100001-250000
tfv1:001871,26J39,248458,pornogramxxx.com,42,stratified uniform sample: 625 domains from each fixed rank band; Python random.Random(42),2026-08-20T12:17:41+00:00,100001-250000
tfv1:001872,26J39,248792,resmedjournal.com,42,stratified uniform sample: 625 domains from each fixed rank band; Python random.Random(42),2026-08-20T12:17:41+00:00,100001-250000
tfv1:001873,26J39,249533,wharfttidc.com,42,stratified uniform sample: 625 domains from each fixed rank band; Python random.Random(42),2026-08-20T12:17:41+00:00,100001-250000
tfv1:001874,26J39,249597,pornmovieslove.com,42,stratified uniform sample: 625 domains from each fixed rank band; Python random.Random(42),2026-08-20T12:17:41+00:00,100001-250000
tfv1:001875,26J39,249857,darkmoney.ws,42,stratified uniform sample: 625 domains from each fixed rank band; Python random.Random(42),2026-08-20T12:17:41+00:00,100001-250000
tfv1:001876,26J39,252144,argentinaout.com,42,stratified uniform sample: 625 domains from each fixed rank band; Python random.Random(42),2026-08-20T12:17:41+00:00,250001-500000
tfv1:001877,26J39,254362,teerank.io,42,stratified uniform sample: 625 domains from each fixed rank band; Python random.Random(42),2026-08-20T12:17:41+00:00,250001-500000
tfv1:001878,26J39,254965,cashpay.bz,42,stratified uniform sample: 625 domains from each fixed rank band; Python random.Random(42),2026-08-20T12:17:41+00:00,250001-500000
tfv1:001879,26J39,256076,muhsems.ac.in,42,stratified uniform sample: 625 domains from each fixed rank band; Python random.Random(42),2026-08-20T12:17:41+00:00,250001-500000
tfv1:001880,26J39,256794,talaatmoustafa.com,42,stratified uniform sample: 625 domains from each fixed rank band; Python random.Random(42),2026-08-20T12:17:41+00:00,250001-500000
tfv1:001881,26J39,256891,trendeducar.com.br,42,stratified uniform sample: 625 domains from each fixed rank band; Python random.Random(42),2026-08-20T12:17:41+00:00,250001-500000
tfv1:001882,26J39,256986,v8m2a6r.com,42,stratified uniform sample: 625 domains from each fixed rank band; Python random.Random(42),2026-08-20T12:17:41+00:00,250001-500000
tfv1:001883,26J39,257438,externalcoop.com,42,stratified uniform sample: 625 domains from each fixed rank band; Python random.Random(42),2026-08-20T12:17:41+00:00,250001-500000
tfv1:001884,26J39,257940,screensteps.com,42,stratified uniform sample: 625 domains from each fixed rank band; Python random.Random(42),2026-08-20T12:17:41+00:00,250001-500000
tfv1:001885,26J39,258164,stockmarketsreview.com,42,stratified uniform sample: 625 domains from each fixed rank band; Python random.Random(42),2026-08-20T12:17:41+00:00,250001-500000
tfv1:001886,26J39,258277,ibis-gear.com,42,stratified uniform sample: 625 domains from each fixed rank band; Python random.Random(42),2026-08-20T12:17:41+00:00,250001-500000
tfv1:001887,26J39,258490,spotonmaine.com,42,stratified uniform sample: 625 domains from each fixed rank band; Python random.Random(42),2026-08-20T12:17:41+00:00,250001-500000
tfv1:001888,26J39,259123,dainikamadershomoy.com,42,stratified uniform sample: 625 domains from each fixed rank band; Python random.Random(42),2026-08-20T12:17:41+00:00,250001-500000
tfv1:001889,26J39,260202,saa.org,42,stratified uniform sample: 625 domains from each fixed rank band; Python random.Random(42),2026-08-20T12:17:41+00:00,250001-500000
tfv1:001890,26J39,260553,convergencetraining.com,42,stratified uniform sample: 625 domains from each fixed rank band; Python random.Random(42),2026-08-20T12:17:41+00:00,250001-500000
tfv1:001891,26J39,260799,homecompany-moebel.com,42,stratified uniform sample: 625 domains from each fixed rank band; Python random.Random(42),2026-08-20T12:17:41+00:00,250001-500000
tfv1:001892,26J39,261028,renalandurologynews.com,42,stratified uniform sample: 625 domains from each fixed rank band; Python random.Random(42),2026-08-20T12:17:41+00:00,250001-500000
tfv1:001893,26J39,261104,shopdecor.com,42,stratified uniform sample: 625 domains from each fixed rank band; Python random.Random(42),2026-08-20T12:17:41+00:00,250001-500000
tfv1:001894,26J39,261861,tiu.ac.jp,42,stratified uniform sample: 625 domains from each fixed rank band; Python random.Random(42),2026-08-20T12:17:41+00:00,250001-500000
tfv1:001895,26J39,261877,freefire-name.com,42,stratified uniform sample: 625 domains from each fixed rank band; Python random.Random(42),2026-08-20T12:17:41+00:00,250001-500000
tfv1:001896,26J39,261918,maldef.org,42,stratified uniform sample: 625 domains from each fixed rank band; Python random.Random(42),2026-08-20T12:17:41+00:00,250001-500000
tfv1:001897,26J39,262756,simcast.com,42,stratified uniform sample: 625 domains from each fixed rank band; Python random.Random(42),2026-08-20T12:17:41+00:00,250001-500000
tfv1:001898,26J39,263249,spreadshirt.es,42,stratified uniform sample: 625 domains from each fixed rank band; Python random.Random(42),2026-08-20T12:17:41+00:00,250001-500000
tfv1:001899,26J39,263266,skuzeshoes.com,42,stratified uniform sample: 625 domains from each fixed rank band; Python random.Random(42),2026-08-20T12:17:41+00:00,250001-500000
tfv1:001900,26J39,263308,flipup.ru,42,stratified uniform sample: 625 domains from each fixed rank band; Python random.Random(42),2026-08-20T12:17:41+00:00,250001-500000
tfv1:001901,26J39,263411,cowboy.com,42,stratified uniform sample: 625 domains from each fixed rank band; Python random.Random(42),2026-08-20T12:17:41+00:00,250001-500000
tfv1:001902,26J39,263463,kdbookonline.com,42,stratified uniform sample: 625 domains from each fixed rank band; Python random.Random(42),2026-08-20T12:17:41+00:00,250001-500000
tfv1:001903,26J39,263761,ipblocker.io,42,stratified uniform sample: 625 domains from each fixed rank band; Python random.Random(42),2026-08-20T12:17:41+00:00,250001-500000
tfv1:001904,26J39,264527,starlamp.su,42,stratified uniform sample: 625 domains from each fixed rank band; Python random.Random(42),2026-08-20T12:17:41+00:00,250001-500000
tfv1:001905,26J39,265037,blackblogs.org,42,stratified uniform sample: 625 domains from each fixed rank band; Python random.Random(42),2026-08-20T12:17:41+00:00,250001-500000
tfv1:001906,26J39,265706,mawp.us,42,stratified uniform sample: 625 domains from each fixed rank band; Python random.Random(42),2026-08-20T12:17:41+00:00,250001-500000
tfv1:001907,26J39,266327,miliarbetsite.online,42,stratified uniform sample: 625 domains from each fixed rank band; Python random.Random(42),2026-08-20T12:17:41+00:00,250001-500000
tfv1:001908,26J39,267024,mpskills.gov.in,42,stratified uniform sample: 625 domains from each fixed rank band; Python random.Random(42),2026-08-20T12:17:41+00:00,250001-500000
tfv1:001909,26J39,267236,jobprogress.com,42,stratified uniform sample: 625 domains from each fixed rank band; Python random.Random(42),2026-08-20T12:17:41+00:00,250001-500000
tfv1:001910,26J39,267625,orioyujh.com,42,stratified uniform sample: 625 domains from each fixed rank band; Python random.Random(42),2026-08-20T12:17:41+00:00,250001-500000
tfv1:001911,26J39,269130,swireproperties.com,42,stratified uniform sample: 625 domains from each fixed rank band; Python random.Random(42),2026-08-20T12:17:41+00:00,250001-500000
tfv1:001912,26J39,269276,whypay.info,42,stratified uniform sample: 625 domains from each fixed rank band; Python random.Random(42),2026-08-20T12:17:41+00:00,250001-500000
tfv1:001913,26J39,269334,tirroor.win,42,stratified uniform sample: 625 domains from each fixed rank band; Python random.Random(42),2026-08-20T12:17:41+00:00,250001-500000
tfv1:001914,26J39,269413,breclav.eu,42,stratified uniform sample: 625 domains from each fixed rank band; Python random.Random(42),2026-08-20T12:17:41+00:00,250001-500000
tfv1:001915,26J39,269442,mysticstamp.com,42,stratified uniform sample: 625 domains from each fixed rank band; Python random.Random(42),2026-08-20T12:17:41+00:00,250001-500000
tfv1:001916,26J39,269672,set-pro.net,42,stratified uniform sample: 625 domains from each fixed rank band; Python random.Random(42),2026-08-20T12:17:41+00:00,250001-500000
tfv1:001917,26J39,270156,woowa.in,42,stratified uniform sample: 625 domains from each fixed rank band; Python random.Random(42),2026-08-20T12:17:41+00:00,250001-500000
tfv1:001918,26J39,270673,fungame777idn.com,42,stratified uniform sample: 625 domains from each fixed rank band; Python random.Random(42),2026-08-20T12:17:41+00:00,250001-500000
tfv1:001919,26J39,270691,hrs-boc.com,42,stratified uniform sample: 625 domains from each fixed rank band; Python random.Random(42),2026-08-20T12:17:41+00:00,250001-500000
tfv1:001920,26J39,270718,komengtotop.com,42,stratified uniform sample: 625 domains from each fixed rank band; Python random.Random(42),2026-08-20T12:17:41+00:00,250001-500000
tfv1:001921,26J39,270990,komunita.cz,42,stratified uniform sample: 625 domains from each fixed rank band; Python random.Random(42),2026-08-20T12:17:41+00:00,250001-500000
tfv1:001922,26J39,271293,uptreeid.com,42,stratified uniform sample: 625 domains from each fixed rank band; Python random.Random(42),2026-08-20T12:17:41+00:00,250001-500000
tfv1:001923,26J39,271657,gaten.info,42,stratified uniform sample: 625 domains from each fixed rank band; Python random.Random(42),2026-08-20T12:17:41+00:00,250001-500000
tfv1:001924,26J39,272601,rockbrookcamera.com,42,stratified uniform sample: 625 domains from each fixed rank band; Python random.Random(42),2026-08-20T12:17:41+00:00,250001-500000
tfv1:001925,26J39,273014,minzdravrso.ru,42,stratified uniform sample: 625 domains from each fixed rank band; Python random.Random(42),2026-08-20T12:17:41+00:00,250001-500000
tfv1:001926,26J39,273606,doeda-rfud.xyz,42,stratified uniform sample: 625 domains from each fixed rank band; Python random.Random(42),2026-08-20T12:17:41+00:00,250001-500000
tfv1:001927,26J39,274492,rajacabe88berkah.space,42,stratified uniform sample: 625 domains from each fixed rank band; Python random.Random(42),2026-08-20T12:17:41+00:00,250001-500000
tfv1:001928,26J39,275345,customer.tui,42,stratified uniform sample: 625 domains from each fixed rank band; Python random.Random(42),2026-08-20T12:17:41+00:00,250001-500000
tfv1:001929,26J39,275379,hooliredir.com,42,stratified uniform sample: 625 domains from each fixed rank band; Python random.Random(42),2026-08-20T12:17:41+00:00,250001-500000
tfv1:001930,26J39,276267,nd-cdn.us,42,stratified uniform sample: 625 domains from each fixed rank band; Python random.Random(42),2026-08-20T12:17:41+00:00,250001-500000
tfv1:001931,26J39,276896,tryg.dk,42,stratified uniform sample: 625 domains from each fixed rank band; Python random.Random(42),2026-08-20T12:17:41+00:00,250001-500000
tfv1:001932,26J39,277836,avnode.net,42,stratified uniform sample: 625 domains from each fixed rank band; Python random.Random(42),2026-08-20T12:17:41+00:00,250001-500000
tfv1:001933,26J39,278180,speedqueen.com,42,stratified uniform sample: 625 domains from each fixed rank band; Python random.Random(42),2026-08-20T12:17:41+00:00,250001-500000
tfv1:001934,26J39,278634,agaclar.net,42,stratified uniform sample: 625 domains from each fixed rank band; Python random.Random(42),2026-08-20T12:17:41+00:00,250001-500000
tfv1:001935,26J39,278733,aidungeon.io,42,stratified uniform sample: 625 domains from each fixed rank band; Python random.Random(42),2026-08-20T12:17:41+00:00,250001-500000
tfv1:001936,26J39,278809,xtradernet.co.uk,42,stratified uniform sample: 625 domains from each fixed rank band; Python random.Random(42),2026-08-20T12:17:41+00:00,250001-500000
tfv1:001937,26J39,279740,cairo.pl,42,stratified uniform sample: 625 domains from each fixed rank band; Python random.Random(42),2026-08-20T12:17:41+00:00,250001-500000
tfv1:001938,26J39,280871,ddos58.com,42,stratified uniform sample: 625 domains from each fixed rank band; Python random.Random(42),2026-08-20T12:17:41+00:00,250001-500000
tfv1:001939,26J39,281146,dein-sportauspuff.de,42,stratified uniform sample: 625 domains from each fixed rank band; Python random.Random(42),2026-08-20T12:17:41+00:00,250001-500000
tfv1:001940,26J39,281815,stockbridgecommunitynews.com,42,stratified uniform sample: 625 domains from each fixed rank band; Python random.Random(42),2026-08-20T12:17:41+00:00,250001-500000
tfv1:001941,26J39,281949,exceedcard.com,42,stratified uniform sample: 625 domains from each fixed rank band; Python random.Random(42),2026-08-20T12:17:41+00:00,250001-500000
tfv1:001942,26J39,282119,nvgazeta.ru,42,stratified uniform sample: 625 domains from each fixed rank band; Python random.Random(42),2026-08-20T12:17:41+00:00,250001-500000
tfv1:001943,26J39,282149,mtg-arenacodes.com,42,stratified uniform sample: 625 domains from each fixed rank band; Python random.Random(42),2026-08-20T12:17:41+00:00,250001-500000
tfv1:001944,26J39,282549,bebangcaromel.com,42,stratified uniform sample: 625 domains from each fixed rank band; Python random.Random(42),2026-08-20T12:17:41+00:00,250001-500000
tfv1:001945,26J39,282813,connectit.gr,42,stratified uniform sample: 625 domains from each fixed rank band; Python random.Random(42),2026-08-20T12:17:41+00:00,250001-500000
tfv1:001946,26J39,282854,mega-riches.se,42,stratified uniform sample: 625 domains from each fixed rank band; Python random.Random(42),2026-08-20T12:17:41+00:00,250001-500000
tfv1:001947,26J39,283091,wineinsiders.com,42,stratified uniform sample: 625 domains from each fixed rank band; Python random.Random(42),2026-08-20T12:17:41+00:00,250001-500000
tfv1:001948,26J39,283643,one.be,42,stratified uniform sample: 625 domains from each fixed rank band; Python random.Random(42),2026-08-20T12:17:41+00:00,250001-500000
tfv1:001949,26J39,283729,idsyncmxedge.com,42,stratified uniform sample: 625 domains from each fixed rank band; Python random.Random(42),2026-08-20T12:17:41+00:00,250001-500000
tfv1:001950,26J39,283826,slitm.net,42,stratified uniform sample: 625 domains from each fixed rank band; Python random.Random(42),2026-08-20T12:17:41+00:00,250001-500000
tfv1:001951,26J39,284019,shifro-team.site,42,stratified uniform sample: 625 domains from each fixed rank band; Python random.Random(42),2026-08-20T12:17:41+00:00,250001-500000
tfv1:001952,26J39,284280,aveanna.net,42,stratified uniform sample: 625 domains from each fixed rank band; Python random.Random(42),2026-08-20T12:17:41+00:00,250001-500000
tfv1:001953,26J39,285111,webcambelle.com,42,stratified uniform sample: 625 domains from each fixed rank band; Python random.Random(42),2026-08-20T12:17:41+00:00,250001-500000
tfv1:001954,26J39,285581,cartolibreriabbecedario.com,42,stratified uniform sample: 625 domains from each fixed rank band; Python random.Random(42),2026-08-20T12:17:41+00:00,250001-500000
tfv1:001955,26J39,285924,anyonegoes-dev.com,42,stratified uniform sample: 625 domains from each fixed rank band; Python random.Random(42),2026-08-20T12:17:41+00:00,250001-500000
tfv1:001956,26J39,285986,regina.ca,42,stratified uniform sample: 625 domains from each fixed rank band; Python random.Random(42),2026-08-20T12:17:41+00:00,250001-500000
tfv1:001957,26J39,286096,red.org,42,stratified uniform sample: 625 domains from each fixed rank band; Python random.Random(42),2026-08-20T12:17:41+00:00,250001-500000
tfv1:001958,26J39,286198,aptx.cm,42,stratified uniform sample: 625 domains from each fixed rank band; Python random.Random(42),2026-08-20T12:17:41+00:00,250001-500000
tfv1:001959,26J39,286406,brothersoutlet.com,42,stratified uniform sample: 625 domains from each fixed rank band; Python random.Random(42),2026-08-20T12:17:41+00:00,250001-500000
tfv1:001960,26J39,286643,utahtravelcenter.com,42,stratified uniform sample: 625 domains from each fixed rank band; Python random.Random(42),2026-08-20T12:17:41+00:00,250001-500000
tfv1:001961,26J39,286931,hotfriblogpromotion.shop,42,stratified uniform sample: 625 domains from each fixed rank band; Python random.Random(42),2026-08-20T12:17:41+00:00,250001-500000
tfv1:001962,26J39,287429,zoovet.ru,42,stratified uniform sample: 625 domains from each fixed rank band; Python random.Random(42),2026-08-20T12:17:41+00:00,250001-500000
tfv1:001963,26J39,287662,archyworldys.com,42,stratified uniform sample: 625 domains from each fixed rank band; Python random.Random(42),2026-08-20T12:17:41+00:00,250001-500000
tfv1:001964,26J39,287819,kobert.dev,42,stratified uniform sample: 625 domains from each fixed rank band; Python random.Random(42),2026-08-20T12:17:41+00:00,250001-500000
tfv1:001965,26J39,288398,newark-sherwooddc.gov.uk,42,stratified uniform sample: 625 domains from each fixed rank band; Python random.Random(42),2026-08-20T12:17:41+00:00,250001-500000
tfv1:001966,26J39,288739,chartedsea.com,42,stratified uniform sample: 625 domains from each fixed rank band; Python random.Random(42),2026-08-20T12:17:41+00:00,250001-500000
tfv1:001967,26J39,289044,agcbio.com,42,stratified uniform sample: 625 domains from each fixed rank band; Python random.Random(42),2026-08-20T12:17:41+00:00,250001-500000
tfv1:001968,26J39,289697,finfur.net,42,stratified uniform sample: 625 domains from each fixed rank band; Python random.Random(42),2026-08-20T12:17:41+00:00,250001-500000
tfv1:001969,26J39,290113,mda.gov.my,42,stratified uniform sample: 625 domains from each fixed rank band; Python random.Random(42),2026-08-20T12:17:41+00:00,250001-500000
tfv1:001970,26J39,290223,bamada.net,42,stratified uniform sample: 625 domains from each fixed rank band; Python random.Random(42),2026-08-20T12:17:41+00:00,250001-500000
tfv1:001971,26J39,290422,drift.cool,42,stratified uniform sample: 625 domains from each fixed rank band; Python random.Random(42),2026-08-20T12:17:41+00:00,250001-500000
tfv1:001972,26J39,291290,fishersci.es,42,stratified uniform sample: 625 domains from each fixed rank band; Python random.Random(42),2026-08-20T12:17:41+00:00,250001-500000
tfv1:001973,26J39,291440,cinemastar.ru,42,stratified uniform sample: 625 domains from each fixed rank band; Python random.Random(42),2026-08-20T12:17:41+00:00,250001-500000
tfv1:001974,26J39,291771,blog44bar.shop,42,stratified uniform sample: 625 domains from each fixed rank band; Python random.Random(42),2026-08-20T12:17:41+00:00,250001-500000
tfv1:001975,26J39,291865,tenga.co.jp,42,stratified uniform sample: 625 domains from each fixed rank band; Python random.Random(42),2026-08-20T12:17:41+00:00,250001-500000
tfv1:001976,26J39,291940,etap.com,42,stratified uniform sample: 625 domains from each fixed rank band; Python random.Random(42),2026-08-20T12:17:41+00:00,250001-500000
tfv1:001977,26J39,292459,core-x.ch,42,stratified uniform sample: 625 domains from each fixed rank band; Python random.Random(42),2026-08-20T12:17:41+00:00,250001-500000
tfv1:001978,26J39,292599,unimus.net,42,stratified uniform sample: 625 domains from each fixed rank band; Python random.Random(42),2026-08-20T12:17:41+00:00,250001-500000
tfv1:001979,26J39,293164,zlutagcontentpromotion.shop,42,stratified uniform sample: 625 domains from each fixed rank band; Python random.Random(42),2026-08-20T12:17:41+00:00,250001-500000
tfv1:001980,26J39,293685,gszy.edu.cn,42,stratified uniform sample: 625 domains from each fixed rank band; Python random.Random(42),2026-08-20T12:17:41+00:00,250001-500000
tfv1:001981,26J39,294207,nr18.space,42,stratified uniform sample: 625 domains from each fixed rank band; Python random.Random(42),2026-08-20T12:17:41+00:00,250001-500000
tfv1:001982,26J39,294699,mantawcontentpromotion.shop,42,stratified uniform sample: 625 domains from each fixed rank band; Python random.Random(42),2026-08-20T12:17:41+00:00,250001-500000
tfv1:001983,26J39,294880,allriodejaneirohotels.com,42,stratified uniform sample: 625 domains from each fixed rank band; Python random.Random(42),2026-08-20T12:17:41+00:00,250001-500000
tfv1:001984,26J39,295261,fnco.it,42,stratified uniform sample: 625 domains from each fixed rank band; Python random.Random(42),2026-08-20T12:17:41+00:00,250001-500000
tfv1:001985,26J39,295399,ce.com.au,42,stratified uniform sample: 625 domains from each fixed rank band; Python random.Random(42),2026-08-20T12:17:41+00:00,250001-500000
tfv1:001986,26J39,295637,avernis.eu,42,stratified uniform sample: 625 domains from each fixed rank band; Python random.Random(42),2026-08-20T12:17:41+00:00,250001-500000
tfv1:001987,26J39,297306,buyfilteronline.com,42,stratified uniform sample: 625 domains from each fixed rank band; Python random.Random(42),2026-08-20T12:17:41+00:00,250001-500000
tfv1:001988,26J39,297701,echelon.nl,42,stratified uniform sample: 625 domains from each fixed rank band; Python random.Random(42),2026-08-20T12:17:41+00:00,250001-500000
tfv1:001989,26J39,298772,teleprensa.com,42,stratified uniform sample: 625 domains from each fixed rank band; Python random.Random(42),2026-08-20T12:17:41+00:00,250001-500000
tfv1:001990,26J39,299764,eshuizong.com,42,stratified uniform sample: 625 domains from each fixed rank band; Python random.Random(42),2026-08-20T12:17:41+00:00,250001-500000
tfv1:001991,26J39,300013,pmumobile.fr,42,stratified uniform sample: 625 domains from each fixed rank band; Python random.Random(42),2026-08-20T12:17:41+00:00,250001-500000
tfv1:001992,26J39,300401,diario-red.com,42,stratified uniform sample: 625 domains from each fixed rank band; Python random.Random(42),2026-08-20T12:17:41+00:00,250001-500000
tfv1:001993,26J39,301028,cigarasylum.com,42,stratified uniform sample: 625 domains from each fixed rank band; Python random.Random(42),2026-08-20T12:17:41+00:00,250001-500000
tfv1:001994,26J39,301460,baggallini.com,42,stratified uniform sample: 625 domains from each fixed rank band; Python random.Random(42),2026-08-20T12:17:41+00:00,250001-500000
tfv1:001995,26J39,302182,ngx.bet,42,stratified uniform sample: 625 domains from each fixed rank band; Python random.Random(42),2026-08-20T12:17:41+00:00,250001-500000
tfv1:001996,26J39,302476,blizzardgames.cn,42,stratified uniform sample: 625 domains from each fixed rank band; Python random.Random(42),2026-08-20T12:17:41+00:00,250001-500000
tfv1:001997,26J39,302686,thespraysource.com,42,stratified uniform sample: 625 domains from each fixed rank band; Python random.Random(42),2026-08-20T12:17:41+00:00,250001-500000
tfv1:001998,26J39,302971,linkhk.com,42,stratified uniform sample: 625 domains from each fixed rank band; Python random.Random(42),2026-08-20T12:17:41+00:00,250001-500000
tfv1:001999,26J39,303449,cooltra.com,42,stratified uniform sample: 625 domains from each fixed rank band; Python random.Random(42),2026-08-20T12:17:41+00:00,250001-500000
tfv1:002000,26J39,303484,entiebank.com.tw,42,stratified uniform sample: 625 domains from each fixed rank band; Python random.Random(42),2026-08-20T12:17:41+00:00,250001-500000
tfv1:002001,26J39,304337,doz13.ru,42,stratified uniform sample: 625 domains from each fixed rank band; Python random.Random(42),2026-08-20T12:17:41+00:00,250001-500000
tfv1:002002,26J39,304354,koreainvestment.ac,42,stratified uniform sample: 625 domains from each fixed rank band; Python random.Random(42),2026-08-20T12:17:41+00:00,250001-500000
tfv1:002003,26J39,305263,pobreflixtv.show,42,stratified uniform sample: 625 domains from each fixed rank band; Python random.Random(42),2026-08-20T12:17:41+00:00,250001-500000
tfv1:002004,26J39,306096,japanesegarden.org,42,stratified uniform sample: 625 domains from each fixed rank band; Python random.Random(42),2026-08-20T12:17:41+00:00,250001-500000
tfv1:002005,26J39,306249,stake1069.com,42,stratified uniform sample: 625 domains from each fixed rank band; Python random.Random(42),2026-08-20T12:17:41+00:00,250001-500000
tfv1:002006,26J39,306399,ucm.sk,42,stratified uniform sample: 625 domains from each fixed rank band; Python random.Random(42),2026-08-20T12:17:41+00:00,250001-500000
tfv1:002007,26J39,308784,kcpmc.store,42,stratified uniform sample: 625 domains from each fixed rank band; Python random.Random(42),2026-08-20T12:17:41+00:00,250001-500000
tfv1:002008,26J39,308948,7818.casino,42,stratified uniform sample: 625 domains from each fixed rank band; Python random.Random(42),2026-08-20T12:17:41+00:00,250001-500000
tfv1:002009,26J39,309106,edoncn.com,42,stratified uniform sample: 625 domains from each fixed rank band; Python random.Random(42),2026-08-20T12:17:41+00:00,250001-500000
tfv1:002010,26J39,309159,neurofitcenter.com,42,stratified uniform sample: 625 domains from each fixed rank band; Python random.Random(42),2026-08-20T12:17:41+00:00,250001-500000
tfv1:002011,26J39,309650,figopetinsurance.com,42,stratified uniform sample: 625 domains from each fixed rank band; Python random.Random(42),2026-08-20T12:17:41+00:00,250001-500000
tfv1:002012,26J39,311037,sante.quebec,42,stratified uniform sample: 625 domains from each fixed rank band; Python random.Random(42),2026-08-20T12:17:41+00:00,250001-500000
tfv1:002013,26J39,311865,emojicheap.com,42,stratified uniform sample: 625 domains from each fixed rank band; Python random.Random(42),2026-08-20T12:17:41+00:00,250001-500000
tfv1:002014,26J39,312059,nstock.tw,42,stratified uniform sample: 625 domains from each fixed rank band; Python random.Random(42),2026-08-20T12:17:41+00:00,250001-500000
tfv1:002015,26J39,312727,city-fs.de,42,stratified uniform sample: 625 domains from each fixed rank band; Python random.Random(42),2026-08-20T12:17:41+00:00,250001-500000
tfv1:002016,26J39,313106,shopversona.com,42,stratified uniform sample: 625 domains from each fixed rank band; Python random.Random(42),2026-08-20T12:17:41+00:00,250001-500000
tfv1:002017,26J39,313371,dailyclout.io,42,stratified uniform sample: 625 domains from each fixed rank band; Python random.Random(42),2026-08-20T12:17:41+00:00,250001-500000
tfv1:002018,26J39,313491,wos.nl,42,stratified uniform sample: 625 domains from each fixed rank band; Python random.Random(42),2026-08-20T12:17:41+00:00,250001-500000
tfv1:002019,26J39,313559,fabrefactus.com,42,stratified uniform sample: 625 domains from each fixed rank band; Python random.Random(42),2026-08-20T12:17:41+00:00,250001-500000
tfv1:002020,26J39,314194,ptenergo.ru,42,stratified uniform sample: 625 domains from each fixed rank band; Python random.Random(42),2026-08-20T12:17:41+00:00,250001-500000
tfv1:002021,26J39,314624,aljyyosh.com,42,stratified uniform sample: 625 domains from each fixed rank band; Python random.Random(42),2026-08-20T12:17:41+00:00,250001-500000
tfv1:002022,26J39,314991,wbsceurope.org,42,stratified uniform sample: 625 domains from each fixed rank band; Python random.Random(42),2026-08-20T12:17:41+00:00,250001-500000
tfv1:002023,26J39,315083,studentsforlife.org,42,stratified uniform sample: 625 domains from each fixed rank band; Python random.Random(42),2026-08-20T12:17:41+00:00,250001-500000
tfv1:002024,26J39,315435,kemazot.ru,42,stratified uniform sample: 625 domains from each fixed rank band; Python random.Random(42),2026-08-20T12:17:41+00:00,250001-500000
tfv1:002025,26J39,315695,gourmetcaree.jp,42,stratified uniform sample: 625 domains from each fixed rank band; Python random.Random(42),2026-08-20T12:17:41+00:00,250001-500000
tfv1:002026,26J39,317226,taiwanopendata.com,42,stratified uniform sample: 625 domains from each fixed rank band; Python random.Random(42),2026-08-20T12:17:41+00:00,250001-500000
tfv1:002027,26J39,318234,ok7.casino,42,stratified uniform sample: 625 domains from each fixed rank band; Python random.Random(42),2026-08-20T12:17:41+00:00,250001-500000
tfv1:002028,26J39,318624,duksung.ac.kr,42,stratified uniform sample: 625 domains from each fixed rank band; Python random.Random(42),2026-08-20T12:17:41+00:00,250001-500000
tfv1:002029,26J39,319301,gamblinglinkspro.com,42,stratified uniform sample: 625 domains from each fixed rank band; Python random.Random(42),2026-08-20T12:17:41+00:00,250001-500000
tfv1:002030,26J39,319330,bn765.com,42,stratified uniform sample: 625 domains from each fixed rank band; Python random.Random(42),2026-08-20T12:17:41+00:00,250001-500000
tfv1:002031,26J39,319378,yoszi.com,42,stratified uniform sample: 625 domains from each fixed rank band; Python random.Random(42),2026-08-20T12:17:41+00:00,250001-500000
tfv1:002032,26J39,319608,inkakinada.com,42,stratified uniform sample: 625 domains from each fixed rank band; Python random.Random(42),2026-08-20T12:17:41+00:00,250001-500000
tfv1:002033,26J39,319920,kb-monita.ru,42,stratified uniform sample: 625 domains from each fixed rank band; Python random.Random(42),2026-08-20T12:17:41+00:00,250001-500000
tfv1:002034,26J39,320117,wingnet.com.tw,42,stratified uniform sample: 625 domains from each fixed rank band; Python random.Random(42),2026-08-20T12:17:41+00:00,250001-500000
tfv1:002035,26J39,321076,jxncsz.cn,42,stratified uniform sample: 625 domains from each fixed rank band; Python random.Random(42),2026-08-20T12:17:41+00:00,250001-500000
tfv1:002036,26J39,321204,ev.io,42,stratified uniform sample: 625 domains from each fixed rank band; Python random.Random(42),2026-08-20T12:17:41+00:00,250001-500000
tfv1:002037,26J39,321686,ferriesdelcaribe.com,42,stratified uniform sample: 625 domains from each fixed rank band; Python random.Random(42),2026-08-20T12:17:41+00:00,250001-500000
tfv1:002038,26J39,321946,sowell.fr,42,stratified uniform sample: 625 domains from each fixed rank band; Python random.Random(42),2026-08-20T12:17:41+00:00,250001-500000
tfv1:002039,26J39,321974,dnsdesk.com,42,stratified uniform sample: 625 domains from each fixed rank band; Python random.Random(42),2026-08-20T12:17:41+00:00,250001-500000
tfv1:002040,26J39,323057,rocketbbs.com,42,stratified uniform sample: 625 domains from each fixed rank band; Python random.Random(42),2026-08-20T12:17:41+00:00,250001-500000
tfv1:002041,26J39,323140,tonerkebab.fr,42,stratified uniform sample: 625 domains from each fixed rank band; Python random.Random(42),2026-08-20T12:17:41+00:00,250001-500000
tfv1:002042,26J39,323328,infinitecrafts.io,42,stratified uniform sample: 625 domains from each fixed rank band; Python random.Random(42),2026-08-20T12:17:41+00:00,250001-500000
tfv1:002043,26J39,323756,aquaticarts.com,42,stratified uniform sample: 625 domains from each fixed rank band; Python random.Random(42),2026-08-20T12:17:41+00:00,250001-500000
tfv1:002044,26J39,324462,natega-youm7.online,42,stratified uniform sample: 625 domains from each fixed rank band; Python random.Random(42),2026-08-20T12:17:41+00:00,250001-500000
tfv1:002045,26J39,324863,ca61civils.de,42,stratified uniform sample: 625 domains from each fixed rank band; Python random.Random(42),2026-08-20T12:17:41+00:00,250001-500000
tfv1:002046,26J39,324908,hologydenoughta.info,42,stratified uniform sample: 625 domains from each fixed rank band; Python random.Random(42),2026-08-20T12:17:41+00:00,250001-500000
tfv1:002047,26J39,325401,sygmanet.be,42,stratified uniform sample: 625 domains from each fixed rank band; Python random.Random(42),2026-08-20T12:17:41+00:00,250001-500000
tfv1:002048,26J39,325443,telmore.dk,42,stratified uniform sample: 625 domains from each fixed rank band; Python random.Random(42),2026-08-20T12:17:41+00:00,250001-500000
tfv1:002049,26J39,325656,doctor-tops.ru,42,stratified uniform sample: 625 domains from each fixed rank band; Python random.Random(42),2026-08-20T12:17:41+00:00,250001-500000
tfv1:002050,26J39,325761,snowrecords.com,42,stratified uniform sample: 625 domains from each fixed rank band; Python random.Random(42),2026-08-20T12:17:41+00:00,250001-500000
tfv1:002051,26J39,325936,ms-vacances.com,42,stratified uniform sample: 625 domains from each fixed rank band; Python random.Random(42),2026-08-20T12:17:41+00:00,250001-500000
tfv1:002052,26J39,326078,woodone.co.jp,42,stratified uniform sample: 625 domains from each fixed rank band; Python random.Random(42),2026-08-20T12:17:41+00:00,250001-500000
tfv1:002053,26J39,326117,new-discount.com,42,stratified uniform sample: 625 domains from each fixed rank band; Python random.Random(42),2026-08-20T12:17:41+00:00,250001-500000
tfv1:002054,26J39,326141,visasignaturehotels.com,42,stratified uniform sample: 625 domains from each fixed rank band; Python random.Random(42),2026-08-20T12:17:41+00:00,250001-500000
tfv1:002055,26J39,327010,aqualand.fr,42,stratified uniform sample: 625 domains from each fixed rank band; Python random.Random(42),2026-08-20T12:17:41+00:00,250001-500000
tfv1:002056,26J39,327501,altoplan.net,42,stratified uniform sample: 625 domains from each fixed rank band; Python random.Random(42),2026-08-20T12:17:41+00:00,250001-500000
tfv1:002057,26J39,327971,luxgroup.net,42,stratified uniform sample: 625 domains from each fixed rank band; Python random.Random(42),2026-08-20T12:17:41+00:00,250001-500000
tfv1:002058,26J39,328018,flcc.edu,42,stratified uniform sample: 625 domains from each fixed rank band; Python random.Random(42),2026-08-20T12:17:41+00:00,250001-500000
tfv1:002059,26J39,328250,tnova.fr,42,stratified uniform sample: 625 domains from each fixed rank band; Python random.Random(42),2026-08-20T12:17:41+00:00,250001-500000
tfv1:002060,26J39,328443,tvwiki39.net,42,stratified uniform sample: 625 domains from each fixed rank band; Python random.Random(42),2026-08-20T12:17:41+00:00,250001-500000
tfv1:002061,26J39,328589,cn3x.com.cn,42,stratified uniform sample: 625 domains from each fixed rank band; Python random.Random(42),2026-08-20T12:17:41+00:00,250001-500000
tfv1:002062,26J39,328632,cfhpc.cn,42,stratified uniform sample: 625 domains from each fixed rank band; Python random.Random(42),2026-08-20T12:17:41+00:00,250001-500000
tfv1:002063,26J39,329193,myavista.com,42,stratified uniform sample: 625 domains from each fixed rank band; Python random.Random(42),2026-08-20T12:17:41+00:00,250001-500000
tfv1:002064,26J39,329384,techcentral.ie,42,stratified uniform sample: 625 domains from each fixed rank band; Python random.Random(42),2026-08-20T12:17:41+00:00,250001-500000
tfv1:002065,26J39,329725,tradicia-k.ru,42,stratified uniform sample: 625 domains from each fixed rank band; Python random.Random(42),2026-08-20T12:17:41+00:00,250001-500000
tfv1:002066,26J39,330347,sunsimiao.org,42,stratified uniform sample: 625 domains from each fixed rank band; Python random.Random(42),2026-08-20T12:17:41+00:00,250001-500000
tfv1:002067,26J39,330656,vacationtracker.io,42,stratified uniform sample: 625 domains from each fixed rank band; Python random.Random(42),2026-08-20T12:17:41+00:00,250001-500000
tfv1:002068,26J39,330883,topconone.com,42,stratified uniform sample: 625 domains from each fixed rank band; Python random.Random(42),2026-08-20T12:17:41+00:00,250001-500000
tfv1:002069,26J39,331079,camras.nl,42,stratified uniform sample: 625 domains from each fixed rank band; Python random.Random(42),2026-08-20T12:17:41+00:00,250001-500000
tfv1:002070,26J39,331942,kurasapo.net,42,stratified uniform sample: 625 domains from each fixed rank band; Python random.Random(42),2026-08-20T12:17:41+00:00,250001-500000
tfv1:002071,26J39,331977,vivun.com,42,stratified uniform sample: 625 domains from each fixed rank band; Python random.Random(42),2026-08-20T12:17:41+00:00,250001-500000
tfv1:002072,26J39,332233,rudalgame.website,42,stratified uniform sample: 625 domains from each fixed rank band; Python random.Random(42),2026-08-20T12:17:41+00:00,250001-500000
tfv1:002073,26J39,332249,totalmoney.pl,42,stratified uniform sample: 625 domains from each fixed rank band; Python random.Random(42),2026-08-20T12:17:41+00:00,250001-500000
tfv1:002074,26J39,332415,charvel.com,42,stratified uniform sample: 625 domains from each fixed rank band; Python random.Random(42),2026-08-20T12:17:41+00:00,250001-500000
tfv1:002075,26J39,333107,nartlof.com,42,stratified uniform sample: 625 domains from each fixed rank band; Python random.Random(42),2026-08-20T12:17:41+00:00,250001-500000
tfv1:002076,26J39,333111,alphagroupworld.nl,42,stratified uniform sample: 625 domains from each fixed rank band; Python random.Random(42),2026-08-20T12:17:41+00:00,250001-500000
tfv1:002077,26J39,333501,bayerischerhof.de,42,stratified uniform sample: 625 domains from each fixed rank band; Python random.Random(42),2026-08-20T12:17:41+00:00,250001-500000
tfv1:002078,26J39,333655,colmiane.com,42,stratified uniform sample: 625 domains from each fixed rank band; Python random.Random(42),2026-08-20T12:17:41+00:00,250001-500000
tfv1:002079,26J39,333707,monfri.net,42,stratified uniform sample: 625 domains from each fixed rank band; Python random.Random(42),2026-08-20T12:17:41+00:00,250001-500000
tfv1:002080,26J39,333779,genipspillion.com,42,stratified uniform sample: 625 domains from each fixed rank band; Python random.Random(42),2026-08-20T12:17:41+00:00,250001-500000
tfv1:002081,26J39,334204,loadbt.com,42,stratified uniform sample: 625 domains from each fixed rank band; Python random.Random(42),2026-08-20T12:17:41+00:00,250001-500000
tfv1:002082,26J39,334584,arbpay.cc,42,stratified uniform sample: 625 domains from each fixed rank band; Python random.Random(42),2026-08-20T12:17:41+00:00,250001-500000
tfv1:002083,26J39,335210,mangarawad.vip,42,stratified uniform sample: 625 domains from each fixed rank band; Python random.Random(42),2026-08-20T12:17:41+00:00,250001-500000
tfv1:002084,26J39,335836,prixa.net,42,stratified uniform sample: 625 domains from each fixed rank band; Python random.Random(42),2026-08-20T12:17:41+00:00,250001-500000
tfv1:002085,26J39,335963,computersweden.se,42,stratified uniform sample: 625 domains from each fixed rank band; Python random.Random(42),2026-08-20T12:17:41+00:00,250001-500000
tfv1:002086,26J39,335975,xxxtube-gay.com,42,stratified uniform sample: 625 domains from each fixed rank band; Python random.Random(42),2026-08-20T12:17:41+00:00,250001-500000
tfv1:002087,26J39,336833,alibrary.com,42,stratified uniform sample: 625 domains from each fixed rank band; Python random.Random(42),2026-08-20T12:17:41+00:00,250001-500000
tfv1:002088,26J39,337305,fuddruckers.com,42,stratified uniform sample: 625 domains from each fixed rank band; Python random.Random(42),2026-08-20T12:17:41+00:00,250001-500000
tfv1:002089,26J39,338179,dtyrqg.com,42,stratified uniform sample: 625 domains from each fixed rank band; Python random.Random(42),2026-08-20T12:17:41+00:00,250001-500000
tfv1:002090,26J39,338505,mmwholesale.com,42,stratified uniform sample: 625 domains from each fixed rank band; Python random.Random(42),2026-08-20T12:17:41+00:00,250001-500000
tfv1:002091,26J39,338890,casino0321.online,42,stratified uniform sample: 625 domains from each fixed rank band; Python random.Random(42),2026-08-20T12:17:41+00:00,250001-500000
tfv1:002092,26J39,339180,985wk.com,42,stratified uniform sample: 625 domains from each fixed rank band; Python random.Random(42),2026-08-20T12:17:41+00:00,250001-500000
tfv1:002093,26J39,339739,ceee.com.br,42,stratified uniform sample: 625 domains from each fixed rank band; Python random.Random(42),2026-08-20T12:17:41+00:00,250001-500000
tfv1:002094,26J39,340313,mlobox.io,42,stratified uniform sample: 625 domains from each fixed rank band; Python random.Random(42),2026-08-20T12:17:41+00:00,250001-500000
tfv1:002095,26J39,340475,foxyfolksy.com,42,stratified uniform sample: 625 domains from each fixed rank band; Python random.Random(42),2026-08-20T12:17:41+00:00,250001-500000
tfv1:002096,26J39,340537,radixweb.com,42,stratified uniform sample: 625 domains from each fixed rank band; Python random.Random(42),2026-08-20T12:17:41+00:00,250001-500000
tfv1:002097,26J39,340708,rcqatol.com,42,stratified uniform sample: 625 domains from each fixed rank band; Python random.Random(42),2026-08-20T12:17:41+00:00,250001-500000
tfv1:002098,26J39,340798,corgi.co.uk,42,stratified uniform sample: 625 domains from each fixed rank band; Python random.Random(42),2026-08-20T12:17:41+00:00,250001-500000
tfv1:002099,26J39,341076,poble-espanyol.com,42,stratified uniform sample: 625 domains from each fixed rank band; Python random.Random(42),2026-08-20T12:17:41+00:00,250001-500000
tfv1:002100,26J39,341437,cdnedge.online,42,stratified uniform sample: 625 domains from each fixed rank band; Python random.Random(42),2026-08-20T12:17:41+00:00,250001-500000
tfv1:002101,26J39,342156,superliga168awan.com,42,stratified uniform sample: 625 domains from each fixed rank band; Python random.Random(42),2026-08-20T12:17:41+00:00,250001-500000
tfv1:002102,26J39,342422,ca61pains.de,42,stratified uniform sample: 625 domains from each fixed rank band; Python random.Random(42),2026-08-20T12:17:41+00:00,250001-500000
tfv1:002103,26J39,342510,seatcoversolutions.com,42,stratified uniform sample: 625 domains from each fixed rank band; Python random.Random(42),2026-08-20T12:17:41+00:00,250001-500000
tfv1:002104,26J39,342875,beararchery.com,42,stratified uniform sample: 625 domains from each fixed rank band; Python random.Random(42),2026-08-20T12:17:41+00:00,250001-500000
tfv1:002105,26J39,344607,ecomitram.org,42,stratified uniform sample: 625 domains from each fixed rank band; Python random.Random(42),2026-08-20T12:17:41+00:00,250001-500000
tfv1:002106,26J39,344764,mamibet44.vip,42,stratified uniform sample: 625 domains from each fixed rank band; Python random.Random(42),2026-08-20T12:17:41+00:00,250001-500000
tfv1:002107,26J39,344936,terongbet-uye.lol,42,stratified uniform sample: 625 domains from each fixed rank band; Python random.Random(42),2026-08-20T12:17:41+00:00,250001-500000
tfv1:002108,26J39,345034,coolstays.com,42,stratified uniform sample: 625 domains from each fixed rank band; Python random.Random(42),2026-08-20T12:17:41+00:00,250001-500000
tfv1:002109,26J39,345240,ship.cars,42,stratified uniform sample: 625 domains from each fixed rank band; Python random.Random(42),2026-08-20T12:17:41+00:00,250001-500000
tfv1:002110,26J39,345842,7sc5.casino,42,stratified uniform sample: 625 domains from each fixed rank band; Python random.Random(42),2026-08-20T12:17:41+00:00,250001-500000
tfv1:002111,26J39,345887,wolfswinkel.at,42,stratified uniform sample: 625 domains from each fixed rank band; Python random.Random(42),2026-08-20T12:17:41+00:00,250001-500000
tfv1:002112,26J39,345929,chantecaille.com,42,stratified uniform sample: 625 domains from each fixed rank band; Python random.Random(42),2026-08-20T12:17:41+00:00,250001-500000
tfv1:002113,26J39,346031,fg80.casino,42,stratified uniform sample: 625 domains from each fixed rank band; Python random.Random(42),2026-08-20T12:17:41+00:00,250001-500000
tfv1:002114,26J39,346194,guidetothephilippines.ph,42,stratified uniform sample: 625 domains from each fixed rank band; Python random.Random(42),2026-08-20T12:17:41+00:00,250001-500000
tfv1:002115,26J39,346298,yucrm.ru,42,stratified uniform sample: 625 domains from each fixed rank band; Python random.Random(42),2026-08-20T12:17:41+00:00,250001-500000
tfv1:002116,26J39,346563,astroslotpro.nl,42,stratified uniform sample: 625 domains from each fixed rank band; Python random.Random(42),2026-08-20T12:17:41+00:00,250001-500000
tfv1:002117,26J39,346708,iinet.net,42,stratified uniform sample: 625 domains from each fixed rank band; Python random.Random(42),2026-08-20T12:17:41+00:00,250001-500000
tfv1:002118,26J39,347135,dachshund-owners.co.uk,42,stratified uniform sample: 625 domains from each fixed rank band; Python random.Random(42),2026-08-20T12:17:41+00:00,250001-500000
tfv1:002119,26J39,347247,skyworld28.com,42,stratified uniform sample: 625 domains from each fixed rank band; Python random.Random(42),2026-08-20T12:17:41+00:00,250001-500000
tfv1:002120,26J39,347522,kilat-sengtoto.site,42,stratified uniform sample: 625 domains from each fixed rank band; Python random.Random(42),2026-08-20T12:17:41+00:00,250001-500000
tfv1:002121,26J39,347832,dailycandy.com,42,stratified uniform sample: 625 domains from each fixed rank band; Python random.Random(42),2026-08-20T12:17:41+00:00,250001-500000
tfv1:002122,26J39,348783,mob4gamers.com,42,stratified uniform sample: 625 domains from each fixed rank band; Python random.Random(42),2026-08-20T12:17:41+00:00,250001-500000
tfv1:002123,26J39,349535,picpick.app,42,stratified uniform sample: 625 domains from each fixed rank band; Python random.Random(42),2026-08-20T12:17:41+00:00,250001-500000
tfv1:002124,26J39,349665,trago.co.uk,42,stratified uniform sample: 625 domains from each fixed rank band; Python random.Random(42),2026-08-20T12:17:41+00:00,250001-500000
tfv1:002125,26J39,350363,allfreeknitting.com,42,stratified uniform sample: 625 domains from each fixed rank band; Python random.Random(42),2026-08-20T12:17:41+00:00,250001-500000
tfv1:002126,26J39,350703,pool360.com,42,stratified uniform sample: 625 domains from each fixed rank band; Python random.Random(42),2026-08-20T12:17:41+00:00,250001-500000
tfv1:002127,26J39,351280,asia-u.ac.jp,42,stratified uniform sample: 625 domains from each fixed rank band; Python random.Random(42),2026-08-20T12:17:41+00:00,250001-500000
tfv1:002128,26J39,351447,cimalina.live,42,stratified uniform sample: 625 domains from each fixed rank band; Python random.Random(42),2026-08-20T12:17:41+00:00,250001-500000
tfv1:002129,26J39,353011,ikiu.ac.ir,42,stratified uniform sample: 625 domains from each fixed rank band; Python random.Random(42),2026-08-20T12:17:41+00:00,250001-500000
tfv1:002130,26J39,353087,dealhack.com,42,stratified uniform sample: 625 domains from each fixed rank band; Python random.Random(42),2026-08-20T12:17:41+00:00,250001-500000
tfv1:002131,26J39,353260,virginia-gl.com,42,stratified uniform sample: 625 domains from each fixed rank band; Python random.Random(42),2026-08-20T12:17:41+00:00,250001-500000
tfv1:002132,26J39,353425,thinksteroids.com,42,stratified uniform sample: 625 domains from each fixed rank band; Python random.Random(42),2026-08-20T12:17:41+00:00,250001-500000
tfv1:002133,26J39,354343,biblioteca.org.ar,42,stratified uniform sample: 625 domains from each fixed rank band; Python random.Random(42),2026-08-20T12:17:41+00:00,250001-500000
tfv1:002134,26J39,354376,miraclelinux.net,42,stratified uniform sample: 625 domains from each fixed rank band; Python random.Random(42),2026-08-20T12:17:41+00:00,250001-500000
tfv1:002135,26J39,354522,onlinehile.com,42,stratified uniform sample: 625 domains from each fixed rank band; Python random.Random(42),2026-08-20T12:17:41+00:00,250001-500000
tfv1:002136,26J39,355011,awe.gov.au,42,stratified uniform sample: 625 domains from each fixed rank band; Python random.Random(42),2026-08-20T12:17:41+00:00,250001-500000
tfv1:002137,26J39,355222,factory1688.com,42,stratified uniform sample: 625 domains from each fixed rank band; Python random.Random(42),2026-08-20T12:17:41+00:00,250001-500000
tfv1:002138,26J39,355711,onderwijskiezer.be,42,stratified uniform sample: 625 domains from each fixed rank band; Python random.Random(42),2026-08-20T12:17:41+00:00,250001-500000
tfv1:002139,26J39,356455,contegix.com,42,stratified uniform sample: 625 domains from each fixed rank band; Python random.Random(42),2026-08-20T12:17:41+00:00,250001-500000
tfv1:002140,26J39,356486,568play.vn,42,stratified uniform sample: 625 domains from each fixed rank band; Python random.Random(42),2026-08-20T12:17:41+00:00,250001-500000
tfv1:002141,26J39,357331,dekra.com.br,42,stratified uniform sample: 625 domains from each fixed rank band; Python random.Random(42),2026-08-20T12:17:41+00:00,250001-500000
tfv1:002142,26J39,357578,freehangmangame.com,42,stratified uniform sample: 625 domains from each fixed rank band; Python random.Random(42),2026-08-20T12:17:41+00:00,250001-500000
tfv1:002143,26J39,357688,wahmbahm.com,42,stratified uniform sample: 625 domains from each fixed rank band; Python random.Random(42),2026-08-20T12:17:41+00:00,250001-500000
tfv1:002144,26J39,358256,japanesechefsknife.com,42,stratified uniform sample: 625 domains from each fixed rank band; Python random.Random(42),2026-08-20T12:17:41+00:00,250001-500000
tfv1:002145,26J39,358953,smiling-proxy.de,42,stratified uniform sample: 625 domains from each fixed rank band; Python random.Random(42),2026-08-20T12:17:41+00:00,250001-500000
tfv1:002146,26J39,359194,ca7finallys.de,42,stratified uniform sample: 625 domains from each fixed rank band; Python random.Random(42),2026-08-20T12:17:41+00:00,250001-500000
tfv1:002147,26J39,359206,hku.edu.tr,42,stratified uniform sample: 625 domains from each fixed rank band; Python random.Random(42),2026-08-20T12:17:41+00:00,250001-500000
tfv1:002148,26J39,359612,lancashirecricket.co.uk,42,stratified uniform sample: 625 domains from each fixed rank band; Python random.Random(42),2026-08-20T12:17:41+00:00,250001-500000
tfv1:002149,26J39,359781,vird.co,42,stratified uniform sample: 625 domains from each fixed rank band; Python random.Random(42),2026-08-20T12:17:41+00:00,250001-500000
tfv1:002150,26J39,361281,zingfront.com,42,stratified uniform sample: 625 domains from each fixed rank band; Python random.Random(42),2026-08-20T12:17:41+00:00,250001-500000
tfv1:002151,26J39,361704,westerndepot.com,42,stratified uniform sample: 625 domains from each fixed rank band; Python random.Random(42),2026-08-20T12:17:41+00:00,250001-500000
tfv1:002152,26J39,362882,ennorton.uk,42,stratified uniform sample: 625 domains from each fixed rank band; Python random.Random(42),2026-08-20T12:17:41+00:00,250001-500000
tfv1:002153,26J39,362966,marymorganbooks.com,42,stratified uniform sample: 625 domains from each fixed rank band; Python random.Random(42),2026-08-20T12:17:41+00:00,250001-500000
tfv1:002154,26J39,363409,arthur-conan-doyle.com,42,stratified uniform sample: 625 domains from each fixed rank band; Python random.Random(42),2026-08-20T12:17:41+00:00,250001-500000
tfv1:002155,26J39,364018,modugame.fr,42,stratified uniform sample: 625 domains from each fixed rank band; Python random.Random(42),2026-08-20T12:17:41+00:00,250001-500000
tfv1:002156,26J39,364865,astroslotdesk.nl,42,stratified uniform sample: 625 domains from each fixed rank band; Python random.Random(42),2026-08-20T12:17:41+00:00,250001-500000
tfv1:002157,26J39,365240,fiv.fr,42,stratified uniform sample: 625 domains from each fixed rank band; Python random.Random(42),2026-08-20T12:17:41+00:00,250001-500000
tfv1:002158,26J39,365616,artgerecht.com,42,stratified uniform sample: 625 domains from each fixed rank band; Python random.Random(42),2026-08-20T12:17:41+00:00,250001-500000
tfv1:002159,26J39,365967,photoshoptutorials.ws,42,stratified uniform sample: 625 domains from each fixed rank band; Python random.Random(42),2026-08-20T12:17:41+00:00,250001-500000
tfv1:002160,26J39,366368,lucky88slot.org,42,stratified uniform sample: 625 domains from each fixed rank band; Python random.Random(42),2026-08-20T12:17:41+00:00,250001-500000
tfv1:002161,26J39,366377,american-apartment-owners-association.org,42,stratified uniform sample: 625 domains from each fixed rank band; Python random.Random(42),2026-08-20T12:17:41+00:00,250001-500000
tfv1:002162,26J39,366684,cpugate.com,42,stratified uniform sample: 625 domains from each fixed rank band; Python random.Random(42),2026-08-20T12:17:41+00:00,250001-500000
tfv1:002163,26J39,366895,stopitnow.org,42,stratified uniform sample: 625 domains from each fixed rank band; Python random.Random(42),2026-08-20T12:17:41+00:00,250001-500000
tfv1:002164,26J39,366988,os2.casino,42,stratified uniform sample: 625 domains from each fixed rank band; Python random.Random(42),2026-08-20T12:17:41+00:00,250001-500000
tfv1:002165,26J39,367213,promorapid.com,42,stratified uniform sample: 625 domains from each fixed rank band; Python random.Random(42),2026-08-20T12:17:41+00:00,250001-500000
tfv1:002166,26J39,367859,drugfuture.com,42,stratified uniform sample: 625 domains from each fixed rank band; Python random.Random(42),2026-08-20T12:17:41+00:00,250001-500000
tfv1:002167,26J39,367945,setab.gob.mx,42,stratified uniform sample: 625 domains from each fixed rank band; Python random.Random(42),2026-08-20T12:17:41+00:00,250001-500000
tfv1:002168,26J39,367959,raceview.net,42,stratified uniform sample: 625 domains from each fixed rank band; Python random.Random(42),2026-08-20T12:17:41+00:00,250001-500000
tfv1:002169,26J39,368058,otinasadventures.com,42,stratified uniform sample: 625 domains from each fixed rank band; Python random.Random(42),2026-08-20T12:17:41+00:00,250001-500000
tfv1:002170,26J39,368501,bystronom.ru,42,stratified uniform sample: 625 domains from each fixed rank band; Python random.Random(42),2026-08-20T12:17:41+00:00,250001-500000
tfv1:002171,26J39,368894,kauffer.hu,42,stratified uniform sample: 625 domains from each fixed rank band; Python random.Random(42),2026-08-20T12:17:41+00:00,250001-500000
tfv1:002172,26J39,369797,goinggoinggone.com,42,stratified uniform sample: 625 domains from each fixed rank band; Python random.Random(42),2026-08-20T12:17:41+00:00,250001-500000
tfv1:002173,26J39,369861,bruneau.be,42,stratified uniform sample: 625 domains from each fixed rank band; Python random.Random(42),2026-08-20T12:17:41+00:00,250001-500000
tfv1:002174,26J39,370499,biozonn.com,42,stratified uniform sample: 625 domains from each fixed rank band; Python random.Random(42),2026-08-20T12:17:41+00:00,250001-500000
tfv1:002175,26J39,371751,yunhua56.com,42,stratified uniform sample: 625 domains from each fixed rank band; Python random.Random(42),2026-08-20T12:17:41+00:00,250001-500000
tfv1:002176,26J39,372116,perfumesloewe.com,42,stratified uniform sample: 625 domains from each fixed rank band; Python random.Random(42),2026-08-20T12:17:41+00:00,250001-500000
tfv1:002177,26J39,372283,apolloduck.ie,42,stratified uniform sample: 625 domains from each fixed rank band; Python random.Random(42),2026-08-20T12:17:41+00:00,250001-500000
tfv1:002178,26J39,372373,moon7hes.shop,42,stratified uniform sample: 625 domains from each fixed rank band; Python random.Random(42),2026-08-20T12:17:41+00:00,250001-500000
tfv1:002179,26J39,372528,interdance.ru,42,stratified uniform sample: 625 domains from each fixed rank band; Python random.Random(42),2026-08-20T12:17:41+00:00,250001-500000
tfv1:002180,26J39,373362,bestcrazygames.com,42,stratified uniform sample: 625 domains from each fixed rank band; Python random.Random(42),2026-08-20T12:17:41+00:00,250001-500000
tfv1:002181,26J39,373629,bahlilmemeq.com,42,stratified uniform sample: 625 domains from each fixed rank band; Python random.Random(42),2026-08-20T12:17:41+00:00,250001-500000
tfv1:002182,26J39,374190,pianorewards.com,42,stratified uniform sample: 625 domains from each fixed rank band; Python random.Random(42),2026-08-20T12:17:41+00:00,250001-500000
tfv1:002183,26J39,374411,8934.casino,42,stratified uniform sample: 625 domains from each fixed rank band; Python random.Random(42),2026-08-20T12:17:41+00:00,250001-500000
tfv1:002184,26J39,374491,manlaxy.com,42,stratified uniform sample: 625 domains from each fixed rank band; Python random.Random(42),2026-08-20T12:17:41+00:00,250001-500000
tfv1:002185,26J39,375403,resinartstudio.in,42,stratified uniform sample: 625 domains from each fixed rank band; Python random.Random(42),2026-08-20T12:17:41+00:00,250001-500000
tfv1:002186,26J39,375480,shefaram.muni.il,42,stratified uniform sample: 625 domains from each fixed rank band; Python random.Random(42),2026-08-20T12:17:41+00:00,250001-500000
tfv1:002187,26J39,375588,fitbr.org.br,42,stratified uniform sample: 625 domains from each fixed rank band; Python random.Random(42),2026-08-20T12:17:41+00:00,250001-500000
tfv1:002188,26J39,375778,holacracy.org,42,stratified uniform sample: 625 domains from each fixed rank band; Python random.Random(42),2026-08-20T12:17:41+00:00,250001-500000
tfv1:002189,26J39,375947,mensitaly.com,42,stratified uniform sample: 625 domains from each fixed rank band; Python random.Random(42),2026-08-20T12:17:41+00:00,250001-500000
tfv1:002190,26J39,376602,rc4wd.com,42,stratified uniform sample: 625 domains from each fixed rank band; Python random.Random(42),2026-08-20T12:17:41+00:00,250001-500000
tfv1:002191,26J39,376925,iforgeiron.com,42,stratified uniform sample: 625 domains from each fixed rank band; Python random.Random(42),2026-08-20T12:17:41+00:00,250001-500000
tfv1:002192,26J39,376944,allaboutfeed.net,42,stratified uniform sample: 625 domains from each fixed rank band; Python random.Random(42),2026-08-20T12:17:41+00:00,250001-500000
tfv1:002193,26J39,378190,lgm.group,42,stratified uniform sample: 625 domains from each fixed rank band; Python random.Random(42),2026-08-20T12:17:41+00:00,250001-500000
tfv1:002194,26J39,378411,beelinguapp.com,42,stratified uniform sample: 625 domains from each fixed rank band; Python random.Random(42),2026-08-20T12:17:41+00:00,250001-500000
tfv1:002195,26J39,378766,m5zn.com,42,stratified uniform sample: 625 domains from each fixed rank band; Python random.Random(42),2026-08-20T12:17:41+00:00,250001-500000
tfv1:002196,26J39,379505,riccabona.net,42,stratified uniform sample: 625 domains from each fixed rank band; Python random.Random(42),2026-08-20T12:17:41+00:00,250001-500000
tfv1:002197,26J39,379734,ceomedical.com,42,stratified uniform sample: 625 domains from each fixed rank band; Python random.Random(42),2026-08-20T12:17:41+00:00,250001-500000
tfv1:002198,26J39,380383,ecigclick.co.uk,42,stratified uniform sample: 625 domains from each fixed rank band; Python random.Random(42),2026-08-20T12:17:41+00:00,250001-500000
tfv1:002199,26J39,380558,zamitv.cc,42,stratified uniform sample: 625 domains from each fixed rank band; Python random.Random(42),2026-08-20T12:17:41+00:00,250001-500000
tfv1:002200,26J39,380618,42matters.com,42,stratified uniform sample: 625 domains from each fixed rank band; Python random.Random(42),2026-08-20T12:17:41+00:00,250001-500000
tfv1:002201,26J39,380747,fsdsapps.com,42,stratified uniform sample: 625 domains from each fixed rank band; Python random.Random(42),2026-08-20T12:17:41+00:00,250001-500000
tfv1:002202,26J39,380822,gongju.go.kr,42,stratified uniform sample: 625 domains from each fixed rank band; Python random.Random(42),2026-08-20T12:17:41+00:00,250001-500000
tfv1:002203,26J39,381093,2341.casino,42,stratified uniform sample: 625 domains from each fixed rank band; Python random.Random(42),2026-08-20T12:17:41+00:00,250001-500000
tfv1:002204,26J39,381549,burkeandherbertbank.com,42,stratified uniform sample: 625 domains from each fixed rank band; Python random.Random(42),2026-08-20T12:17:41+00:00,250001-500000
tfv1:002205,26J39,381747,comercialtpv.com,42,stratified uniform sample: 625 domains from each fixed rank band; Python random.Random(42),2026-08-20T12:17:41+00:00,250001-500000
tfv1:002206,26J39,381823,floridawebmasters.com,42,stratified uniform sample: 625 domains from each fixed rank band; Python random.Random(42),2026-08-20T12:17:41+00:00,250001-500000
tfv1:002207,26J39,382188,poweroffice.net,42,stratified uniform sample: 625 domains from each fixed rank band; Python random.Random(42),2026-08-20T12:17:41+00:00,250001-500000
tfv1:002208,26J39,382500,imjmwjegz6.cfd,42,stratified uniform sample: 625 domains from each fixed rank band; Python random.Random(42),2026-08-20T12:17:41+00:00,250001-500000
tfv1:002209,26J39,382990,zee61pages.top,42,stratified uniform sample: 625 domains from each fixed rank band; Python random.Random(42),2026-08-20T12:17:41+00:00,250001-500000
tfv1:002210,26J39,383368,townofcarrizozo.com,42,stratified uniform sample: 625 domains from each fixed rank band; Python random.Random(42),2026-08-20T12:17:41+00:00,250001-500000
tfv1:002211,26J39,383464,ajelix.com,42,stratified uniform sample: 625 domains from each fixed rank band; Python random.Random(42),2026-08-20T12:17:41+00:00,250001-500000
tfv1:002212,26J39,383619,shmf.de,42,stratified uniform sample: 625 domains from each fixed rank band; Python random.Random(42),2026-08-20T12:17:41+00:00,250001-500000
tfv1:002213,26J39,384503,hangar-7.com,42,stratified uniform sample: 625 domains from each fixed rank band; Python random.Random(42),2026-08-20T12:17:41+00:00,250001-500000
tfv1:002214,26J39,384933,mobilpay.ro,42,stratified uniform sample: 625 domains from each fixed rank band; Python random.Random(42),2026-08-20T12:17:41+00:00,250001-500000
tfv1:002215,26J39,384999,yur-gazeta.com,42,stratified uniform sample: 625 domains from each fixed rank band; Python random.Random(42),2026-08-20T12:17:41+00:00,250001-500000
tfv1:002216,26J39,385137,usa61sizes.shop,42,stratified uniform sample: 625 domains from each fixed rank band; Python random.Random(42),2026-08-20T12:17:41+00:00,250001-500000
tfv1:002217,26J39,385623,studioplace.uk,42,stratified uniform sample: 625 domains from each fixed rank band; Python random.Random(42),2026-08-20T12:17:41+00:00,250001-500000
tfv1:002218,26J39,385724,168sd.com,42,stratified uniform sample: 625 domains from each fixed rank band; Python random.Random(42),2026-08-20T12:17:41+00:00,250001-500000
tfv1:002219,26J39,385818,staleks.com,42,stratified uniform sample: 625 domains from each fixed rank band; Python random.Random(42),2026-08-20T12:17:41+00:00,250001-500000
tfv1:002220,26J39,385970,noandishaan.com,42,stratified uniform sample: 625 domains from each fixed rank band; Python random.Random(42),2026-08-20T12:17:41+00:00,250001-500000
tfv1:002221,26J39,386026,holidayhouses.co.nz,42,stratified uniform sample: 625 domains from each fixed rank band; Python random.Random(42),2026-08-20T12:17:41+00:00,250001-500000
tfv1:002222,26J39,386126,gameroom.lt,42,stratified uniform sample: 625 domains from each fixed rank band; Python random.Random(42),2026-08-20T12:17:41+00:00,250001-500000
tfv1:002223,26J39,386140,maisvoip.com.br,42,stratified uniform sample: 625 domains from each fixed rank band; Python random.Random(42),2026-08-20T12:17:41+00:00,250001-500000
tfv1:002224,26J39,387425,moon7untils.xyz,42,stratified uniform sample: 625 domains from each fixed rank band; Python random.Random(42),2026-08-20T12:17:41+00:00,250001-500000
tfv1:002225,26J39,387751,888starz-bet3.com,42,stratified uniform sample: 625 domains from each fixed rank band; Python random.Random(42),2026-08-20T12:17:41+00:00,250001-500000
tfv1:002226,26J39,387808,utz.ru,42,stratified uniform sample: 625 domains from each fixed rank band; Python random.Random(42),2026-08-20T12:17:41+00:00,250001-500000
tfv1:002227,26J39,388795,yourreality.online,42,stratified uniform sample: 625 domains from each fixed rank band; Python random.Random(42),2026-08-20T12:17:41+00:00,250001-500000
tfv1:002228,26J39,389210,arrive.com,42,stratified uniform sample: 625 domains from each fixed rank band; Python random.Random(42),2026-08-20T12:17:41+00:00,250001-500000
tfv1:002229,26J39,389550,uitgekookt.nl,42,stratified uniform sample: 625 domains from each fixed rank band; Python random.Random(42),2026-08-20T12:17:41+00:00,250001-500000
tfv1:002230,26J39,389757,clinicaboli.ru,42,stratified uniform sample: 625 domains from each fixed rank band; Python random.Random(42),2026-08-20T12:17:41+00:00,250001-500000
tfv1:002231,26J39,389849,mirrorcreator.net,42,stratified uniform sample: 625 domains from each fixed rank band; Python random.Random(42),2026-08-20T12:17:41+00:00,250001-500000
tfv1:002232,26J39,390691,yhzn0f.ru,42,stratified uniform sample: 625 domains from each fixed rank band; Python random.Random(42),2026-08-20T12:17:41+00:00,250001-500000
tfv1:002233,26J39,391185,taxfyle.com,42,stratified uniform sample: 625 domains from each fixed rank band; Python random.Random(42),2026-08-20T12:17:41+00:00,250001-500000
tfv1:002234,26J39,392127,automatica-munich.com,42,stratified uniform sample: 625 domains from each fixed rank band; Python random.Random(42),2026-08-20T12:17:41+00:00,250001-500000
tfv1:002235,26J39,392395,cstonghui.com,42,stratified uniform sample: 625 domains from each fixed rank band; Python random.Random(42),2026-08-20T12:17:41+00:00,250001-500000
tfv1:002236,26J39,392993,fvd.net,42,stratified uniform sample: 625 domains from each fixed rank band; Python random.Random(42),2026-08-20T12:17:41+00:00,250001-500000
tfv1:002237,26J39,393020,gameprime.nl,42,stratified uniform sample: 625 domains from each fixed rank band; Python random.Random(42),2026-08-20T12:17:41+00:00,250001-500000
tfv1:002238,26J39,393203,zee7adds.shop,42,stratified uniform sample: 625 domains from each fixed rank band; Python random.Random(42),2026-08-20T12:17:41+00:00,250001-500000
tfv1:002239,26J39,394142,verwoehnwochenende.de,42,stratified uniform sample: 625 domains from each fixed rank band; Python random.Random(42),2026-08-20T12:17:41+00:00,250001-500000
tfv1:002240,26J39,394179,pulseplus.nl,42,stratified uniform sample: 625 domains from each fixed rank band; Python random.Random(42),2026-08-20T12:17:41+00:00,250001-500000
tfv1:002241,26J39,394400,thinkware.com,42,stratified uniform sample: 625 domains from each fixed rank band; Python random.Random(42),2026-08-20T12:17:41+00:00,250001-500000
tfv1:002242,26J39,394521,edudip.market,42,stratified uniform sample: 625 domains from each fixed rank band; Python random.Random(42),2026-08-20T12:17:41+00:00,250001-500000
tfv1:002243,26J39,394611,api.bg,42,stratified uniform sample: 625 domains from each fixed rank band; Python random.Random(42),2026-08-20T12:17:41+00:00,250001-500000
tfv1:002244,26J39,395025,srherald.com,42,stratified uniform sample: 625 domains from each fixed rank band; Python random.Random(42),2026-08-20T12:17:41+00:00,250001-500000
tfv1:002245,26J39,395234,linwood.wine,42,stratified uniform sample: 625 domains from each fixed rank band; Python random.Random(42),2026-08-20T12:17:41+00:00,250001-500000
tfv1:002246,26J39,396233,studyladder.com,42,stratified uniform sample: 625 domains from each fixed rank band; Python random.Random(42),2026-08-20T12:17:41+00:00,250001-500000
tfv1:002247,26J39,396300,flens.de,42,stratified uniform sample: 625 domains from each fixed rank band; Python random.Random(42),2026-08-20T12:17:41+00:00,250001-500000
tfv1:002248,26J39,396929,archery.store,42,stratified uniform sample: 625 domains from each fixed rank band; Python random.Random(42),2026-08-20T12:17:41+00:00,250001-500000
tfv1:002249,26J39,397034,solsea.io,42,stratified uniform sample: 625 domains from each fixed rank band; Python random.Random(42),2026-08-20T12:17:41+00:00,250001-500000
tfv1:002250,26J39,397234,cutlerandgross.com,42,stratified uniform sample: 625 domains from each fixed rank band; Python random.Random(42),2026-08-20T12:17:41+00:00,250001-500000
tfv1:002251,26J39,397240,abplasticsurgery.org,42,stratified uniform sample: 625 domains from each fixed rank band; Python random.Random(42),2026-08-20T12:17:41+00:00,250001-500000
tfv1:002252,26J39,397277,currentserial.net,42,stratified uniform sample: 625 domains from each fixed rank band; Python random.Random(42),2026-08-20T12:17:41+00:00,250001-500000
tfv1:002253,26J39,397330,simpsonsmovie.com,42,stratified uniform sample: 625 domains from each fixed rank band; Python random.Random(42),2026-08-20T12:17:41+00:00,250001-500000
tfv1:002254,26J39,397568,oftwominds.com,42,stratified uniform sample: 625 domains from each fixed rank band; Python random.Random(42),2026-08-20T12:17:41+00:00,250001-500000
tfv1:002255,26J39,397750,zee7childss.shop,42,stratified uniform sample: 625 domains from each fixed rank band; Python random.Random(42),2026-08-20T12:17:41+00:00,250001-500000
tfv1:002256,26J39,398700,wiktionary.com,42,stratified uniform sample: 625 domains from each fixed rank band; Python random.Random(42),2026-08-20T12:17:41+00:00,250001-500000
tfv1:002257,26J39,399496,fusionbrain.ai,42,stratified uniform sample: 625 domains from each fixed rank band; Python random.Random(42),2026-08-20T12:17:41+00:00,250001-500000
tfv1:002258,26J39,399983,liga88888.com,42,stratified uniform sample: 625 domains from each fixed rank band; Python random.Random(42),2026-08-20T12:17:41+00:00,250001-500000
tfv1:002259,26J39,400020,esimg.jp,42,stratified uniform sample: 625 domains from each fixed rank band; Python random.Random(42),2026-08-20T12:17:41+00:00,250001-500000
tfv1:002260,26J39,400096,idc-otsuka.jp,42,stratified uniform sample: 625 domains from each fixed rank band; Python random.Random(42),2026-08-20T12:17:41+00:00,250001-500000
tfv1:002261,26J39,400334,vinhosevinhos.com,42,stratified uniform sample: 625 domains from each fixed rank band; Python random.Random(42),2026-08-20T12:17:41+00:00,250001-500000
tfv1:002262,26J39,400451,aieic.com,42,stratified uniform sample: 625 domains from each fixed rank band; Python random.Random(42),2026-08-20T12:17:41+00:00,250001-500000
tfv1:002263,26J39,400707,zee7explains.de,42,stratified uniform sample: 625 domains from each fixed rank band; Python random.Random(42),2026-08-20T12:17:41+00:00,250001-500000
tfv1:002264,26J39,401198,tnn.tw,42,stratified uniform sample: 625 domains from each fixed rank band; Python random.Random(42),2026-08-20T12:17:41+00:00,250001-500000
tfv1:002265,26J39,401424,iskra.gr,42,stratified uniform sample: 625 domains from each fixed rank band; Python random.Random(42),2026-08-20T12:17:41+00:00,250001-500000
tfv1:002266,26J39,401438,bcpp.cc,42,stratified uniform sample: 625 domains from each fixed rank band; Python random.Random(42),2026-08-20T12:17:41+00:00,250001-500000
tfv1:002267,26J39,401644,qualityinn.com,42,stratified uniform sample: 625 domains from each fixed rank band; Python random.Random(42),2026-08-20T12:17:41+00:00,250001-500000
tfv1:002268,26J39,402213,qoo10.sg,42,stratified uniform sample: 625 domains from each fixed rank band; Python random.Random(42),2026-08-20T12:17:41+00:00,250001-500000
tfv1:002269,26J39,402921,fpmm.fr,42,stratified uniform sample: 625 domains from each fixed rank band; Python random.Random(42),2026-08-20T12:17:41+00:00,250001-500000
tfv1:002270,26J39,402968,sitrus-it.ru,42,stratified uniform sample: 625 domains from each fixed rank band; Python random.Random(42),2026-08-20T12:17:41+00:00,250001-500000
tfv1:002271,26J39,403015,obindex.ru,42,stratified uniform sample: 625 domains from each fixed rank band; Python random.Random(42),2026-08-20T12:17:41+00:00,250001-500000
tfv1:002272,26J39,403835,ystek.com,42,stratified uniform sample: 625 domains from each fixed rank band; Python random.Random(42),2026-08-20T12:17:41+00:00,250001-500000
tfv1:002273,26J39,404085,devinit.org,42,stratified uniform sample: 625 domains from each fixed rank band; Python random.Random(42),2026-08-20T12:17:41+00:00,250001-500000
tfv1:002274,26J39,405140,videakid.hu,42,stratified uniform sample: 625 domains from each fixed rank band; Python random.Random(42),2026-08-20T12:17:41+00:00,250001-500000
tfv1:002275,26J39,405642,iav.immo,42,stratified uniform sample: 625 domains from each fixed rank band; Python random.Random(42),2026-08-20T12:17:41+00:00,250001-500000
tfv1:002276,26J39,406477,phorious.art,42,stratified uniform sample: 625 domains from each fixed rank band; Python random.Random(42),2026-08-20T12:17:41+00:00,250001-500000
tfv1:002277,26J39,406636,biomar.com,42,stratified uniform sample: 625 domains from each fixed rank band; Python random.Random(42),2026-08-20T12:17:41+00:00,250001-500000
tfv1:002278,26J39,407930,topmegavictoryzone.nl,42,stratified uniform sample: 625 domains from each fixed rank band; Python random.Random(42),2026-08-20T12:17:41+00:00,250001-500000
tfv1:002279,26J39,407933,veloplus.ch,42,stratified uniform sample: 625 domains from each fixed rank band; Python random.Random(42),2026-08-20T12:17:41+00:00,250001-500000
tfv1:002280,26J39,407974,lnist.edu.cn,42,stratified uniform sample: 625 domains from each fixed rank band; Python random.Random(42),2026-08-20T12:17:41+00:00,250001-500000
tfv1:002281,26J39,408622,777score.kz,42,stratified uniform sample: 625 domains from each fixed rank band; Python random.Random(42),2026-08-20T12:17:41+00:00,250001-500000
tfv1:002282,26J39,408634,jazzagecomics.com,42,stratified uniform sample: 625 domains from each fixed rank band; Python random.Random(42),2026-08-20T12:17:41+00:00,250001-500000
tfv1:002283,26J39,408928,aramex.net,42,stratified uniform sample: 625 domains from each fixed rank band; Python random.Random(42),2026-08-20T12:17:41+00:00,250001-500000
tfv1:002284,26J39,409033,braspag.com.br,42,stratified uniform sample: 625 domains from each fixed rank band; Python random.Random(42),2026-08-20T12:17:41+00:00,250001-500000
tfv1:002285,26J39,409272,anhaengershop.de,42,stratified uniform sample: 625 domains from each fixed rank band; Python random.Random(42),2026-08-20T12:17:41+00:00,250001-500000
tfv1:002286,26J39,409928,softex.uz,42,stratified uniform sample: 625 domains from each fixed rank band; Python random.Random(42),2026-08-20T12:17:41+00:00,250001-500000
tfv1:002287,26J39,410182,eldoradogold.com,42,stratified uniform sample: 625 domains from each fixed rank band; Python random.Random(42),2026-08-20T12:17:41+00:00,250001-500000
tfv1:002288,26J39,410296,arad.muni.il,42,stratified uniform sample: 625 domains from each fixed rank band; Python random.Random(42),2026-08-20T12:17:41+00:00,250001-500000
tfv1:002289,26J39,410400,gastrolivercarepune.com,42,stratified uniform sample: 625 domains from each fixed rank band; Python random.Random(42),2026-08-20T12:17:41+00:00,250001-500000
tfv1:002290,26J39,410419,solarnavigator.net,42,stratified uniform sample: 625 domains from each fixed rank band; Python random.Random(42),2026-08-20T12:17:41+00:00,250001-500000
tfv1:002291,26J39,410713,viphostingservers.biz,42,stratified uniform sample: 625 domains from each fixed rank band; Python random.Random(42),2026-08-20T12:17:41+00:00,250001-500000
tfv1:002292,26J39,411069,outsoc.com,42,stratified uniform sample: 625 domains from each fixed rank band; Python random.Random(42),2026-08-20T12:17:41+00:00,250001-500000
tfv1:002293,26J39,411180,digitalbook.io,42,stratified uniform sample: 625 domains from each fixed rank band; Python random.Random(42),2026-08-20T12:17:41+00:00,250001-500000
tfv1:002294,26J39,411318,immregistries.org,42,stratified uniform sample: 625 domains from each fixed rank band; Python random.Random(42),2026-08-20T12:17:41+00:00,250001-500000
tfv1:002295,26J39,411397,trassa.win,42,stratified uniform sample: 625 domains from each fixed rank band; Python random.Random(42),2026-08-20T12:17:41+00:00,250001-500000
tfv1:002296,26J39,411612,yunextraffic.com,42,stratified uniform sample: 625 domains from each fixed rank band; Python random.Random(42),2026-08-20T12:17:41+00:00,250001-500000
tfv1:002297,26J39,412034,mailorderbridesasian.com,42,stratified uniform sample: 625 domains from each fixed rank band; Python random.Random(42),2026-08-20T12:17:41+00:00,250001-500000
tfv1:002298,26J39,412461,funandfunction.com,42,stratified uniform sample: 625 domains from each fixed rank band; Python random.Random(42),2026-08-20T12:17:41+00:00,250001-500000
tfv1:002299,26J39,413380,cityofallen.org,42,stratified uniform sample: 625 domains from each fixed rank band; Python random.Random(42),2026-08-20T12:17:41+00:00,250001-500000
tfv1:002300,26J39,413704,bet-shean.org.il,42,stratified uniform sample: 625 domains from each fixed rank band; Python random.Random(42),2026-08-20T12:17:41+00:00,250001-500000
tfv1:002301,26J39,413846,stellarbonushub.nl,42,stratified uniform sample: 625 domains from each fixed rank band; Python random.Random(42),2026-08-20T12:17:41+00:00,250001-500000
tfv1:002302,26J39,414408,your-poetry.com,42,stratified uniform sample: 625 domains from each fixed rank band; Python random.Random(42),2026-08-20T12:17:41+00:00,250001-500000
tfv1:002303,26J39,414896,groupechopard.com,42,stratified uniform sample: 625 domains from each fixed rank band; Python random.Random(42),2026-08-20T12:17:41+00:00,250001-500000
tfv1:002304,26J39,414957,squareone.ca,42,stratified uniform sample: 625 domains from each fixed rank band; Python random.Random(42),2026-08-20T12:17:41+00:00,250001-500000
tfv1:002305,26J39,416477,travelnow.com,42,stratified uniform sample: 625 domains from each fixed rank band; Python random.Random(42),2026-08-20T12:17:41+00:00,250001-500000
tfv1:002306,26J39,417121,talentrecap.com,42,stratified uniform sample: 625 domains from each fixed rank band; Python random.Random(42),2026-08-20T12:17:41+00:00,250001-500000
tfv1:002307,26J39,417170,ctba.org.cn,42,stratified uniform sample: 625 domains from each fixed rank band; Python random.Random(42),2026-08-20T12:17:41+00:00,250001-500000
tfv1:002308,26J39,417234,nextadv.it,42,stratified uniform sample: 625 domains from each fixed rank band; Python random.Random(42),2026-08-20T12:17:41+00:00,250001-500000
tfv1:002309,26J39,417508,gmpartsoutlet.net,42,stratified uniform sample: 625 domains from each fixed rank band; Python random.Random(42),2026-08-20T12:17:41+00:00,250001-500000
tfv1:002310,26J39,417634,ikora.tv,42,stratified uniform sample: 625 domains from each fixed rank band; Python random.Random(42),2026-08-20T12:17:41+00:00,250001-500000
tfv1:002311,26J39,417719,danmonshop.no,42,stratified uniform sample: 625 domains from each fixed rank band; Python random.Random(42),2026-08-20T12:17:41+00:00,250001-500000
tfv1:002312,26J39,418032,myrent.co.nz,42,stratified uniform sample: 625 domains from each fixed rank band; Python random.Random(42),2026-08-20T12:17:41+00:00,250001-500000
tfv1:002313,26J39,418154,regionews.ua,42,stratified uniform sample: 625 domains from each fixed rank band; Python random.Random(42),2026-08-20T12:17:41+00:00,250001-500000
tfv1:002314,26J39,418273,futuretrendmarket.nl,42,stratified uniform sample: 625 domains from each fixed rank band; Python random.Random(42),2026-08-20T12:17:41+00:00,250001-500000
tfv1:002315,26J39,418386,mudu.tv,42,stratified uniform sample: 625 domains from each fixed rank band; Python random.Random(42),2026-08-20T12:17:41+00:00,250001-500000
tfv1:002316,26J39,418640,sunny.org,42,stratified uniform sample: 625 domains from each fixed rank band; Python random.Random(42),2026-08-20T12:17:41+00:00,250001-500000
tfv1:002317,26J39,419126,onlinesport.ro,42,stratified uniform sample: 625 domains from each fixed rank band; Python random.Random(42),2026-08-20T12:17:41+00:00,250001-500000
tfv1:002318,26J39,420279,bestfemaledomination.com,42,stratified uniform sample: 625 domains from each fixed rank band; Python random.Random(42),2026-08-20T12:17:41+00:00,250001-500000
tfv1:002319,26J39,420690,nbc.ua,42,stratified uniform sample: 625 domains from each fixed rank band; Python random.Random(42),2026-08-20T12:17:41+00:00,250001-500000
tfv1:002320,26J39,421511,balena-devices.com,42,stratified uniform sample: 625 domains from each fixed rank band; Python random.Random(42),2026-08-20T12:17:41+00:00,250001-500000
tfv1:002321,26J39,421860,minihim.ru,42,stratified uniform sample: 625 domains from each fixed rank band; Python random.Random(42),2026-08-20T12:17:41+00:00,250001-500000
tfv1:002322,26J39,421960,reorganize.com.br,42,stratified uniform sample: 625 domains from each fixed rank band; Python random.Random(42),2026-08-20T12:17:41+00:00,250001-500000
tfv1:002323,26J39,422683,wzbc.edu.cn,42,stratified uniform sample: 625 domains from each fixed rank band; Python random.Random(42),2026-08-20T12:17:41+00:00,250001-500000
tfv1:002324,26J39,423257,heyrestaurants.co.za,42,stratified uniform sample: 625 domains from each fixed rank band; Python random.Random(42),2026-08-20T12:17:41+00:00,250001-500000
tfv1:002325,26J39,423599,bitstorm.org,42,stratified uniform sample: 625 domains from each fixed rank band; Python random.Random(42),2026-08-20T12:17:41+00:00,250001-500000
tfv1:002326,26J39,425071,nextzenos.com,42,stratified uniform sample: 625 domains from each fixed rank band; Python random.Random(42),2026-08-20T12:17:41+00:00,250001-500000
tfv1:002327,26J39,425593,useityellowpages.com,42,stratified uniform sample: 625 domains from each fixed rank band; Python random.Random(42),2026-08-20T12:17:41+00:00,250001-500000
tfv1:002328,26J39,425947,xuzd6p1a4u8.com,42,stratified uniform sample: 625 domains from each fixed rank band; Python random.Random(42),2026-08-20T12:17:41+00:00,250001-500000
tfv1:002329,26J39,426298,filesforprogress.org,42,stratified uniform sample: 625 domains from each fixed rank band; Python random.Random(42),2026-08-20T12:17:41+00:00,250001-500000
tfv1:002330,26J39,426635,wowanka.com,42,stratified uniform sample: 625 domains from each fixed rank band; Python random.Random(42),2026-08-20T12:17:41+00:00,250001-500000
tfv1:002331,26J39,427175,boschtoolservice.com,42,stratified uniform sample: 625 domains from each fixed rank band; Python random.Random(42),2026-08-20T12:17:41+00:00,250001-500000
tfv1:002332,26J39,427373,lunarjackpot.nl,42,stratified uniform sample: 625 domains from each fixed rank band; Python random.Random(42),2026-08-20T12:17:41+00:00,250001-500000
tfv1:002333,26J39,427757,tutorialrepublic.com,42,stratified uniform sample: 625 domains from each fixed rank band; Python random.Random(42),2026-08-20T12:17:41+00:00,250001-500000
tfv1:002334,26J39,428013,fugucasino8.online,42,stratified uniform sample: 625 domains from each fixed rank band; Python random.Random(42),2026-08-20T12:17:41+00:00,250001-500000
tfv1:002335,26J39,428104,giggetter.com,42,stratified uniform sample: 625 domains from each fixed rank band; Python random.Random(42),2026-08-20T12:17:41+00:00,250001-500000
tfv1:002336,26J39,428287,do.tel,42,stratified uniform sample: 625 domains from each fixed rank band; Python random.Random(42),2026-08-20T12:17:41+00:00,250001-500000
tfv1:002337,26J39,428363,stanley-electric.com,42,stratified uniform sample: 625 domains from each fixed rank band; Python random.Random(42),2026-08-20T12:17:41+00:00,250001-500000
tfv1:002338,26J39,428449,szachownica.com.pl,42,stratified uniform sample: 625 domains from each fixed rank band; Python random.Random(42),2026-08-20T12:17:41+00:00,250001-500000
tfv1:002339,26J39,428454,bonnyasianxxx.com,42,stratified uniform sample: 625 domains from each fixed rank band; Python random.Random(42),2026-08-20T12:17:41+00:00,250001-500000
tfv1:002340,26J39,428764,londonluckguide.uk,42,stratified uniform sample: 625 domains from each fixed rank band; Python random.Random(42),2026-08-20T12:17:41+00:00,250001-500000
tfv1:002341,26J39,429567,stepstojustice.ca,42,stratified uniform sample: 625 domains from each fixed rank band; Python random.Random(42),2026-08-20T12:17:41+00:00,250001-500000
tfv1:002342,26J39,430367,okadabooks.com,42,stratified uniform sample: 625 domains from each fixed rank band; Python random.Random(42),2026-08-20T12:17:41+00:00,250001-500000
tfv1:002343,26J39,430516,rutaliaweb.com,42,stratified uniform sample: 625 domains from each fixed rank band; Python random.Random(42),2026-08-20T12:17:41+00:00,250001-500000
tfv1:002344,26J39,430818,createprintables.com,42,stratified uniform sample: 625 domains from each fixed rank band; Python random.Random(42),2026-08-20T12:17:41+00:00,250001-500000
tfv1:002345,26J39,430943,kingessays.com,42,stratified uniform sample: 625 domains from each fixed rank band; Python random.Random(42),2026-08-20T12:17:41+00:00,250001-500000
tfv1:002346,26J39,431011,kosmetikinstitut-milla.de,42,stratified uniform sample: 625 domains from each fixed rank band; Python random.Random(42),2026-08-20T12:17:41+00:00,250001-500000
tfv1:002347,26J39,431748,faperj.br,42,stratified uniform sample: 625 domains from each fixed rank band; Python random.Random(42),2026-08-20T12:17:41+00:00,250001-500000
tfv1:002348,26J39,431923,awsdns-us-gov-02.us,42,stratified uniform sample: 625 domains from each fixed rank band; Python random.Random(42),2026-08-20T12:17:41+00:00,250001-500000
tfv1:002349,26J39,432498,mtdparts.com,42,stratified uniform sample: 625 domains from each fixed rank band; Python random.Random(42),2026-08-20T12:17:41+00:00,250001-500000
tfv1:002350,26J39,433559,urlku.info,42,stratified uniform sample: 625 domains from each fixed rank band; Python random.Random(42),2026-08-20T12:17:41+00:00,250001-500000
tfv1:002351,26J39,433638,giftcardorder.net,42,stratified uniform sample: 625 domains from each fixed rank band; Python random.Random(42),2026-08-20T12:17:41+00:00,250001-500000
tfv1:002352,26J39,434560,musconeexormia.cyou,42,stratified uniform sample: 625 domains from each fixed rank band; Python random.Random(42),2026-08-20T12:17:41+00:00,250001-500000
tfv1:002353,26J39,434786,silberkraft.com,42,stratified uniform sample: 625 domains from each fixed rank band; Python random.Random(42),2026-08-20T12:17:41+00:00,250001-500000
tfv1:002354,26J39,434809,paphosting.net,42,stratified uniform sample: 625 domains from each fixed rank band; Python random.Random(42),2026-08-20T12:17:41+00:00,250001-500000
tfv1:002355,26J39,435015,primeres.com,42,stratified uniform sample: 625 domains from each fixed rank band; Python random.Random(42),2026-08-20T12:17:41+00:00,250001-500000
tfv1:002356,26J39,435792,prvlb.net,42,stratified uniform sample: 625 domains from each fixed rank band; Python random.Random(42),2026-08-20T12:17:41+00:00,250001-500000
tfv1:002357,26J39,435948,alphacenterfocus.nl,42,stratified uniform sample: 625 domains from each fixed rank band; Python random.Random(42),2026-08-20T12:17:41+00:00,250001-500000
tfv1:002358,26J39,436002,supply.parts,42,stratified uniform sample: 625 domains from each fixed rank band; Python random.Random(42),2026-08-20T12:17:41+00:00,250001-500000
tfv1:002359,26J39,436008,pornhd.sex,42,stratified uniform sample: 625 domains from each fixed rank band; Python random.Random(42),2026-08-20T12:17:41+00:00,250001-500000
tfv1:002360,26J39,436597,hqgjfd.cn,42,stratified uniform sample: 625 domains from each fixed rank band; Python random.Random(42),2026-08-20T12:17:41+00:00,250001-500000
tfv1:002361,26J39,437006,vets.ne.jp,42,stratified uniform sample: 625 domains from each fixed rank band; Python random.Random(42),2026-08-20T12:17:41+00:00,250001-500000
tfv1:002362,26J39,437064,modengine.net,42,stratified uniform sample: 625 domains from each fixed rank band; Python random.Random(42),2026-08-20T12:17:41+00:00,250001-500000
tfv1:002363,26J39,437208,severalmovies.com,42,stratified uniform sample: 625 domains from each fixed rank band; Python random.Random(42),2026-08-20T12:17:41+00:00,250001-500000
tfv1:002364,26J39,437940,lunar.icu,42,stratified uniform sample: 625 domains from each fixed rank band; Python random.Random(42),2026-08-20T12:17:41+00:00,250001-500000
tfv1:002365,26J39,438132,ecweb.jp,42,stratified uniform sample: 625 domains from each fixed rank band; Python random.Random(42),2026-08-20T12:17:41+00:00,250001-500000
tfv1:002366,26J39,438315,fmic.eu,42,stratified uniform sample: 625 domains from each fixed rank band; Python random.Random(42),2026-08-20T12:17:41+00:00,250001-500000
tfv1:002367,26J39,438448,jurivis.com,42,stratified uniform sample: 625 domains from each fixed rank band; Python random.Random(42),2026-08-20T12:17:41+00:00,250001-500000
tfv1:002368,26J39,438910,brasilbd.com,42,stratified uniform sample: 625 domains from each fixed rank band; Python random.Random(42),2026-08-20T12:17:41+00:00,250001-500000
tfv1:002369,26J39,438987,gardaoto.com,42,stratified uniform sample: 625 domains from each fixed rank band; Python random.Random(42),2026-08-20T12:17:41+00:00,250001-500000
tfv1:002370,26J39,439040,2209.casino,42,stratified uniform sample: 625 domains from each fixed rank band; Python random.Random(42),2026-08-20T12:17:41+00:00,250001-500000
tfv1:002371,26J39,439054,stormwindstudios.com,42,stratified uniform sample: 625 domains from each fixed rank band; Python random.Random(42),2026-08-20T12:17:41+00:00,250001-500000
tfv1:002372,26J39,439111,allithypermarket.com.my,42,stratified uniform sample: 625 domains from each fixed rank band; Python random.Random(42),2026-08-20T12:17:41+00:00,250001-500000
tfv1:002373,26J39,439180,financialsoccer.com,42,stratified uniform sample: 625 domains from each fixed rank band; Python random.Random(42),2026-08-20T12:17:41+00:00,250001-500000
tfv1:002374,26J39,440140,tanishq.com,42,stratified uniform sample: 625 domains from each fixed rank band; Python random.Random(42),2026-08-20T12:17:41+00:00,250001-500000
tfv1:002375,26J39,440531,myimaginestore.com,42,stratified uniform sample: 625 domains from each fixed rank band; Python random.Random(42),2026-08-20T12:17:41+00:00,250001-500000
tfv1:002376,26J39,440601,fatamorgana.fr,42,stratified uniform sample: 625 domains from each fixed rank band; Python random.Random(42),2026-08-20T12:17:41+00:00,250001-500000
tfv1:002377,26J39,440685,megannielsen.com,42,stratified uniform sample: 625 domains from each fixed rank band; Python random.Random(42),2026-08-20T12:17:41+00:00,250001-500000
tfv1:002378,26J39,440712,webcravings.com,42,stratified uniform sample: 625 domains from each fixed rank band; Python random.Random(42),2026-08-20T12:17:41+00:00,250001-500000
tfv1:002379,26J39,442467,consultingroom.com,42,stratified uniform sample: 625 domains from each fixed rank band; Python random.Random(42),2026-08-20T12:17:41+00:00,250001-500000
tfv1:002380,26J39,442853,thedailyhorn.com,42,stratified uniform sample: 625 domains from each fixed rank band; Python random.Random(42),2026-08-20T12:17:41+00:00,250001-500000
tfv1:002381,26J39,442896,poehali.dev,42,stratified uniform sample: 625 domains from each fixed rank band; Python random.Random(42),2026-08-20T12:17:41+00:00,250001-500000
tfv1:002382,26J39,443809,sparkydates.com,42,stratified uniform sample: 625 domains from each fixed rank band; Python random.Random(42),2026-08-20T12:17:41+00:00,250001-500000
tfv1:002383,26J39,444221,shqkxh.org,42,stratified uniform sample: 625 domains from each fixed rank band; Python random.Random(42),2026-08-20T12:17:41+00:00,250001-500000
tfv1:002384,26J39,445911,zenvectordirect.nl,42,stratified uniform sample: 625 domains from each fixed rank band; Python random.Random(42),2026-08-20T12:17:41+00:00,250001-500000
tfv1:002385,26J39,446582,edinavigator.com,42,stratified uniform sample: 625 domains from each fixed rank band; Python random.Random(42),2026-08-20T12:17:41+00:00,250001-500000
tfv1:002386,26J39,447910,bleap.finance,42,stratified uniform sample: 625 domains from each fixed rank band; Python random.Random(42),2026-08-20T12:17:41+00:00,250001-500000
tfv1:002387,26J39,449404,dsvavto.ua,42,stratified uniform sample: 625 domains from each fixed rank band; Python random.Random(42),2026-08-20T12:17:41+00:00,250001-500000
tfv1:002388,26J39,450039,dyestatcamps.com,42,stratified uniform sample: 625 domains from each fixed rank band; Python random.Random(42),2026-08-20T12:17:41+00:00,250001-500000
tfv1:002389,26J39,450048,daddysdeals.co.za,42,stratified uniform sample: 625 domains from each fixed rank band; Python random.Random(42),2026-08-20T12:17:41+00:00,250001-500000
tfv1:002390,26J39,450241,rtp.ru,42,stratified uniform sample: 625 domains from each fixed rank band; Python random.Random(42),2026-08-20T12:17:41+00:00,250001-500000
tfv1:002391,26J39,450384,youraccessone.com,42,stratified uniform sample: 625 domains from each fixed rank band; Python random.Random(42),2026-08-20T12:17:41+00:00,250001-500000
tfv1:002392,26J39,451054,insideweather.com,42,stratified uniform sample: 625 domains from each fixed rank band; Python random.Random(42),2026-08-20T12:17:41+00:00,250001-500000
tfv1:002393,26J39,451270,bindt.org,42,stratified uniform sample: 625 domains from each fixed rank band; Python random.Random(42),2026-08-20T12:17:41+00:00,250001-500000
tfv1:002394,26J39,451632,companieshistory.com,42,stratified uniform sample: 625 domains from each fixed rank band; Python random.Random(42),2026-08-20T12:17:41+00:00,250001-500000
tfv1:002395,26J39,452119,rail-club.ru,42,stratified uniform sample: 625 domains from each fixed rank band; Python random.Random(42),2026-08-20T12:17:41+00:00,250001-500000
tfv1:002396,26J39,452159,aetnainternational.com,42,stratified uniform sample: 625 domains from each fixed rank band; Python random.Random(42),2026-08-20T12:17:41+00:00,250001-500000
tfv1:002397,26J39,452373,dx-world.net,42,stratified uniform sample: 625 domains from each fixed rank band; Python random.Random(42),2026-08-20T12:17:41+00:00,250001-500000
tfv1:002398,26J39,452655,scicomm.xyz,42,stratified uniform sample: 625 domains from each fixed rank band; Python random.Random(42),2026-08-20T12:17:41+00:00,250001-500000
tfv1:002399,26J39,453059,clientbook.com,42,stratified uniform sample: 625 domains from each fixed rank band; Python random.Random(42),2026-08-20T12:17:41+00:00,250001-500000
tfv1:002400,26J39,453153,cliqafriq.com,42,stratified uniform sample: 625 domains from each fixed rank band; Python random.Random(42),2026-08-20T12:17:41+00:00,250001-500000
tfv1:002401,26J39,453155,drivechipandputt.com,42,stratified uniform sample: 625 domains from each fixed rank band; Python random.Random(42),2026-08-20T12:17:41+00:00,250001-500000
tfv1:002402,26J39,453467,jet.lv,42,stratified uniform sample: 625 domains from each fixed rank band; Python random.Random(42),2026-08-20T12:17:41+00:00,250001-500000
tfv1:002403,26J39,454084,footbikn.live,42,stratified uniform sample: 625 domains from each fixed rank band; Python random.Random(42),2026-08-20T12:17:41+00:00,250001-500000
tfv1:002404,26J39,454542,huddlecommunity.com,42,stratified uniform sample: 625 domains from each fixed rank band; Python random.Random(42),2026-08-20T12:17:41+00:00,250001-500000
tfv1:002405,26J39,454817,byd-seal-forum.de,42,stratified uniform sample: 625 domains from each fixed rank band; Python random.Random(42),2026-08-20T12:17:41+00:00,250001-500000
tfv1:002406,26J39,455234,edgeku.com,42,stratified uniform sample: 625 domains from each fixed rank band; Python random.Random(42),2026-08-20T12:17:41+00:00,250001-500000
tfv1:002407,26J39,457192,cobleskill.edu,42,stratified uniform sample: 625 domains from each fixed rank band; Python random.Random(42),2026-08-20T12:17:41+00:00,250001-500000
tfv1:002408,26J39,457482,9655.casino,42,stratified uniform sample: 625 domains from each fixed rank band; Python random.Random(42),2026-08-20T12:17:41+00:00,250001-500000
tfv1:002409,26J39,457636,blognlmedia.nl,42,stratified uniform sample: 625 domains from each fixed rank band; Python random.Random(42),2026-08-20T12:17:41+00:00,250001-500000
tfv1:002410,26J39,458063,hzbank.com.cn,42,stratified uniform sample: 625 domains from each fixed rank band; Python random.Random(42),2026-08-20T12:17:41+00:00,250001-500000
tfv1:002411,26J39,458378,palmone.com,42,stratified uniform sample: 625 domains from each fixed rank band; Python random.Random(42),2026-08-20T12:17:41+00:00,250001-500000
tfv1:002412,26J39,458511,callcreditsecure.co.uk,42,stratified uniform sample: 625 domains from each fixed rank band; Python random.Random(42),2026-08-20T12:17:41+00:00,250001-500000
tfv1:002413,26J39,458865,mistral.com.br,42,stratified uniform sample: 625 domains from each fixed rank band; Python random.Random(42),2026-08-20T12:17:41+00:00,250001-500000
tfv1:002414,26J39,459006,delonghi.ru,42,stratified uniform sample: 625 domains from each fixed rank band; Python random.Random(42),2026-08-20T12:17:41+00:00,250001-500000
tfv1:002415,26J39,460003,invisalign.com.vn,42,stratified uniform sample: 625 domains from each fixed rank band; Python random.Random(42),2026-08-20T12:17:41+00:00,250001-500000
tfv1:002416,26J39,460017,jago777mantul.xyz,42,stratified uniform sample: 625 domains from each fixed rank band; Python random.Random(42),2026-08-20T12:17:41+00:00,250001-500000
tfv1:002417,26J39,460673,psosahulat.com.pk,42,stratified uniform sample: 625 domains from each fixed rank band; Python random.Random(42),2026-08-20T12:17:41+00:00,250001-500000
tfv1:002418,26J39,460676,puntoscencosud.cl,42,stratified uniform sample: 625 domains from each fixed rank band; Python random.Random(42),2026-08-20T12:17:41+00:00,250001-500000
tfv1:002419,26J39,460755,ridesplus.co.za,42,stratified uniform sample: 625 domains from each fixed rank band; Python random.Random(42),2026-08-20T12:17:41+00:00,250001-500000
tfv1:002420,26J39,460926,socialshyri.in,42,stratified uniform sample: 625 domains from each fixed rank band; Python random.Random(42),2026-08-20T12:17:41+00:00,250001-500000
tfv1:002421,26J39,460945,sportsflair.in,42,stratified uniform sample: 625 domains from each fixed rank band; Python random.Random(42),2026-08-20T12:17:41+00:00,250001-500000
tfv1:002422,26J39,461642,lancom.gr,42,stratified uniform sample: 625 domains from each fixed rank band; Python random.Random(42),2026-08-20T12:17:41+00:00,250001-500000
tfv1:002423,26J39,462472,centraldevacaciones.com,42,stratified uniform sample: 625 domains from each fixed rank band; Python random.Random(42),2026-08-20T12:17:41+00:00,250001-500000
tfv1:002424,26J39,463249,pays-saint-flour.fr,42,stratified uniform sample: 625 domains from each fixed rank band; Python random.Random(42),2026-08-20T12:17:41+00:00,250001-500000
tfv1:002425,26J39,463844,einhell-live.de,42,stratified uniform sample: 625 domains from each fixed rank band; Python random.Random(42),2026-08-20T12:17:41+00:00,250001-500000
tfv1:002426,26J39,464533,claytonutz.com,42,stratified uniform sample: 625 domains from each fixed rank band; Python random.Random(42),2026-08-20T12:17:41+00:00,250001-500000
tfv1:002427,26J39,465394,999eagle.moe,42,stratified uniform sample: 625 domains from each fixed rank band; Python random.Random(42),2026-08-20T12:17:41+00:00,250001-500000
tfv1:002428,26J39,465572,home-home.org,42,stratified uniform sample: 625 domains from each fixed rank band; Python random.Random(42),2026-08-20T12:17:41+00:00,250001-500000
tfv1:002429,26J39,465834,bodyrubsmap.com,42,stratified uniform sample: 625 domains from each fixed rank band; Python random.Random(42),2026-08-20T12:17:41+00:00,250001-500000
tfv1:002430,26J39,466331,bosley.com,42,stratified uniform sample: 625 domains from each fixed rank band; Python random.Random(42),2026-08-20T12:17:41+00:00,250001-500000
tfv1:002431,26J39,466351,diningroomsoutlet.com,42,stratified uniform sample: 625 domains from each fixed rank band; Python random.Random(42),2026-08-20T12:17:41+00:00,250001-500000
tfv1:002432,26J39,467043,covercaratulas.com,42,stratified uniform sample: 625 domains from each fixed rank band; Python random.Random(42),2026-08-20T12:17:41+00:00,250001-500000
tfv1:002433,26J39,467132,technocorebd.com,42,stratified uniform sample: 625 domains from each fixed rank band; Python random.Random(42),2026-08-20T12:17:41+00:00,250001-500000
tfv1:002434,26J39,467332,lordfilmik.lol,42,stratified uniform sample: 625 domains from each fixed rank band; Python random.Random(42),2026-08-20T12:17:41+00:00,250001-500000
tfv1:002435,26J39,467945,epasskorea.com,42,stratified uniform sample: 625 domains from each fixed rank band; Python random.Random(42),2026-08-20T12:17:41+00:00,250001-500000
tfv1:002436,26J39,470507,estibot.com,42,stratified uniform sample: 625 domains from each fixed rank band; Python random.Random(42),2026-08-20T12:17:41+00:00,250001-500000
tfv1:002437,26J39,470865,ninjaorigin.com,42,stratified uniform sample: 625 domains from each fixed rank band; Python random.Random(42),2026-08-20T12:17:41+00:00,250001-500000
tfv1:002438,26J39,470884,thefinanser.com,42,stratified uniform sample: 625 domains from each fixed rank band; Python random.Random(42),2026-08-20T12:17:41+00:00,250001-500000
tfv1:002439,26J39,470948,rddm.team,42,stratified uniform sample: 625 domains from each fixed rank band; Python random.Random(42),2026-08-20T12:17:41+00:00,250001-500000
tfv1:002440,26J39,471649,spanset.com,42,stratified uniform sample: 625 domains from each fixed rank band; Python random.Random(42),2026-08-20T12:17:41+00:00,250001-500000
tfv1:002441,26J39,471757,seiburealsol.jp,42,stratified uniform sample: 625 domains from each fixed rank band; Python random.Random(42),2026-08-20T12:17:41+00:00,250001-500000
tfv1:002442,26J39,472082,com-s02.net,42,stratified uniform sample: 625 domains from each fixed rank band; Python random.Random(42),2026-08-20T12:17:41+00:00,250001-500000
tfv1:002443,26J39,472397,maplepalaceexpress.nl,42,stratified uniform sample: 625 domains from each fixed rank band; Python random.Random(42),2026-08-20T12:17:41+00:00,250001-500000
tfv1:002444,26J39,472474,neuve-a.net,42,stratified uniform sample: 625 domains from each fixed rank band; Python random.Random(42),2026-08-20T12:17:41+00:00,250001-500000
tfv1:002445,26J39,473180,tex-lock.com,42,stratified uniform sample: 625 domains from each fixed rank band; Python random.Random(42),2026-08-20T12:17:41+00:00,250001-500000
tfv1:002446,26J39,473564,size-factory.com,42,stratified uniform sample: 625 domains from each fixed rank band; Python random.Random(42),2026-08-20T12:17:41+00:00,250001-500000
tfv1:002447,26J39,475648,financemycare.com,42,stratified uniform sample: 625 domains from each fixed rank band; Python random.Random(42),2026-08-20T12:17:41+00:00,250001-500000
tfv1:002448,26J39,475834,mouthsofmums.com.au,42,stratified uniform sample: 625 domains from each fixed rank band; Python random.Random(42),2026-08-20T12:17:41+00:00,250001-500000
tfv1:002449,26J39,476436,supersklep.cz,42,stratified uniform sample: 625 domains from each fixed rank band; Python random.Random(42),2026-08-20T12:17:41+00:00,250001-500000
tfv1:002450,26J39,476536,lewismasonic.co.uk,42,stratified uniform sample: 625 domains from each fixed rank band; Python random.Random(42),2026-08-20T12:17:41+00:00,250001-500000
tfv1:002451,26J39,476836,visio.org,42,stratified uniform sample: 625 domains from each fixed rank band; Python random.Random(42),2026-08-20T12:17:41+00:00,250001-500000
tfv1:002452,26J39,477451,advocate-art.com,42,stratified uniform sample: 625 domains from each fixed rank band; Python random.Random(42),2026-08-20T12:17:41+00:00,250001-500000
tfv1:002453,26J39,477597,teamskeettube.com,42,stratified uniform sample: 625 domains from each fixed rank band; Python random.Random(42),2026-08-20T12:17:41+00:00,250001-500000
tfv1:002454,26J39,478076,tonestarhit.co.uk,42,stratified uniform sample: 625 domains from each fixed rank band; Python random.Random(42),2026-08-20T12:17:41+00:00,250001-500000
tfv1:002455,26J39,478616,lunarway.com,42,stratified uniform sample: 625 domains from each fixed rank band; Python random.Random(42),2026-08-20T12:17:41+00:00,250001-500000
tfv1:002456,26J39,478804,szikla.hu,42,stratified uniform sample: 625 domains from each fixed rank band; Python random.Random(42),2026-08-20T12:17:41+00:00,250001-500000
tfv1:002457,26J39,480152,v4musclebike.com,42,stratified uniform sample: 625 domains from each fixed rank band; Python random.Random(42),2026-08-20T12:17:41+00:00,250001-500000
tfv1:002458,26J39,480445,jellonacasinos.fi,42,stratified uniform sample: 625 domains from each fixed rank band; Python random.Random(42),2026-08-20T12:17:41+00:00,250001-500000
tfv1:002459,26J39,481300,premiumservicesleiden.nl,42,stratified uniform sample: 625 domains from each fixed rank band; Python random.Random(42),2026-08-20T12:17:41+00:00,250001-500000
tfv1:002460,26J39,481331,hyderabadwater.gov.in,42,stratified uniform sample: 625 domains from each fixed rank band; Python random.Random(42),2026-08-20T12:17:41+00:00,250001-500000
tfv1:002461,26J39,481800,soccervictor.com,42,stratified uniform sample: 625 domains from each fixed rank band; Python random.Random(42),2026-08-20T12:17:41+00:00,250001-500000
tfv1:002462,26J39,483046,buale.cl,42,stratified uniform sample: 625 domains from each fixed rank band; Python random.Random(42),2026-08-20T12:17:41+00:00,250001-500000
tfv1:002463,26J39,483658,myjunban.com,42,stratified uniform sample: 625 domains from each fixed rank band; Python random.Random(42),2026-08-20T12:17:41+00:00,250001-500000
tfv1:002464,26J39,484130,vocationaltraininghub.com,42,stratified uniform sample: 625 domains from each fixed rank band; Python random.Random(42),2026-08-20T12:17:41+00:00,250001-500000
tfv1:002465,26J39,484600,inquirernetwork.net,42,stratified uniform sample: 625 domains from each fixed rank band; Python random.Random(42),2026-08-20T12:17:41+00:00,250001-500000
tfv1:002466,26J39,484819,sofija.ru,42,stratified uniform sample: 625 domains from each fixed rank band; Python random.Random(42),2026-08-20T12:17:41+00:00,250001-500000
tfv1:002467,26J39,485584,aerospace-technology.com,42,stratified uniform sample: 625 domains from each fixed rank band; Python random.Random(42),2026-08-20T12:17:41+00:00,250001-500000
tfv1:002468,26J39,485607,christtheking-bellevue.org,42,stratified uniform sample: 625 domains from each fixed rank band; Python random.Random(42),2026-08-20T12:17:41+00:00,250001-500000
tfv1:002469,26J39,486455,tryhalogrow.com,42,stratified uniform sample: 625 domains from each fixed rank band; Python random.Random(42),2026-08-20T12:17:41+00:00,250001-500000
tfv1:002470,26J39,486536,porti.ru,42,stratified uniform sample: 625 domains from each fixed rank band; Python random.Random(42),2026-08-20T12:17:41+00:00,250001-500000
tfv1:002471,26J39,487289,expensepoint.com,42,stratified uniform sample: 625 domains from each fixed rank band; Python random.Random(42),2026-08-20T12:17:41+00:00,250001-500000
tfv1:002472,26J39,488738,bambinou.com,42,stratified uniform sample: 625 domains from each fixed rank band; Python random.Random(42),2026-08-20T12:17:41+00:00,250001-500000
tfv1:002473,26J39,488973,ballottrax.net,42,stratified uniform sample: 625 domains from each fixed rank band; Python random.Random(42),2026-08-20T12:17:41+00:00,250001-500000
tfv1:002474,26J39,489108,sti-edu.net,42,stratified uniform sample: 625 domains from each fixed rank band; Python random.Random(42),2026-08-20T12:17:41+00:00,250001-500000
tfv1:002475,26J39,489480,faurealcarhire.co.za,42,stratified uniform sample: 625 domains from each fixed rank band; Python random.Random(42),2026-08-20T12:17:41+00:00,250001-500000
tfv1:002476,26J39,490250,mossadams.ma,42,stratified uniform sample: 625 domains from each fixed rank band; Python random.Random(42),2026-08-20T12:17:41+00:00,250001-500000
tfv1:002477,26J39,491310,zupmvenw.cn,42,stratified uniform sample: 625 domains from each fixed rank band; Python random.Random(42),2026-08-20T12:17:41+00:00,250001-500000
tfv1:002478,26J39,492203,albapc.co.kr,42,stratified uniform sample: 625 domains from each fixed rank band; Python random.Random(42),2026-08-20T12:17:41+00:00,250001-500000
tfv1:002479,26J39,492224,updatenlmedia.nl,42,stratified uniform sample: 625 domains from each fixed rank band; Python random.Random(42),2026-08-20T12:17:41+00:00,250001-500000
tfv1:002480,26J39,492303,spingalaxy.com,42,stratified uniform sample: 625 domains from each fixed rank band; Python random.Random(42),2026-08-20T12:17:41+00:00,250001-500000
tfv1:002481,26J39,493093,wtmtv.com,42,stratified uniform sample: 625 domains from each fixed rank band; Python random.Random(42),2026-08-20T12:17:41+00:00,250001-500000
tfv1:002482,26J39,494153,wwjohnston.net,42,stratified uniform sample: 625 domains from each fixed rank band; Python random.Random(42),2026-08-20T12:17:41+00:00,250001-500000
tfv1:002483,26J39,494587,canada247.info,42,stratified uniform sample: 625 domains from each fixed rank band; Python random.Random(42),2026-08-20T12:17:41+00:00,250001-500000
tfv1:002484,26J39,494764,gyo.ne.jp,42,stratified uniform sample: 625 domains from each fixed rank band; Python random.Random(42),2026-08-20T12:17:41+00:00,250001-500000
tfv1:002485,26J39,494778,lapiadineria.com,42,stratified uniform sample: 625 domains from each fixed rank band; Python random.Random(42),2026-08-20T12:17:41+00:00,250001-500000
tfv1:002486,26J39,494970,herzacloud.com,42,stratified uniform sample: 625 domains from each fixed rank band; Python random.Random(42),2026-08-20T12:17:41+00:00,250001-500000
tfv1:002487,26J39,495036,safari.com,42,stratified uniform sample: 625 domains from each fixed rank band; Python random.Random(42),2026-08-20T12:17:41+00:00,250001-500000
tfv1:002488,26J39,496140,mercury.com.au,42,stratified uniform sample: 625 domains from each fixed rank band; Python random.Random(42),2026-08-20T12:17:41+00:00,250001-500000
tfv1:002489,26J39,496653,q-tickets.com,42,stratified uniform sample: 625 domains from each fixed rank band; Python random.Random(42),2026-08-20T12:17:41+00:00,250001-500000
tfv1:002490,26J39,496805,kitplanes.com,42,stratified uniform sample: 625 domains from each fixed rank band; Python random.Random(42),2026-08-20T12:17:41+00:00,250001-500000
tfv1:002491,26J39,496837,fitnessfood.com,42,stratified uniform sample: 625 domains from each fixed rank band; Python random.Random(42),2026-08-20T12:17:41+00:00,250001-500000
tfv1:002492,26J39,497788,service-partners.com,42,stratified uniform sample: 625 domains from each fixed rank band; Python random.Random(42),2026-08-20T12:17:41+00:00,250001-500000
tfv1:002493,26J39,497827,ansertracker.com,42,stratified uniform sample: 625 domains from each fixed rank band; Python random.Random(42),2026-08-20T12:17:41+00:00,250001-500000
tfv1:002494,26J39,498378,wexthuset.com,42,stratified uniform sample: 625 domains from each fixed rank band; Python random.Random(42),2026-08-20T12:17:41+00:00,250001-500000
tfv1:002495,26J39,498488,sehgalmotors.pk,42,stratified uniform sample: 625 domains from each fixed rank band; Python random.Random(42),2026-08-20T12:17:41+00:00,250001-500000
tfv1:002496,26J39,498567,bibi-car.ru,42,stratified uniform sample: 625 domains from each fixed rank band; Python random.Random(42),2026-08-20T12:17:41+00:00,250001-500000
tfv1:002497,26J39,498656,registrasimandalawaluya.ac.id,42,stratified uniform sample: 625 domains from each fixed rank band; Python random.Random(42),2026-08-20T12:17:41+00:00,250001-500000
tfv1:002498,26J39,498729,memonotepad.com,42,stratified uniform sample: 625 domains from each fixed rank band; Python random.Random(42),2026-08-20T12:17:41+00:00,250001-500000
tfv1:002499,26J39,498898,ugo.ru,42,stratified uniform sample: 625 domains from each fixed rank band; Python random.Random(42),2026-08-20T12:17:41+00:00,250001-500000
tfv1:002500,26J39,499769,politix.co.nz,42,stratified uniform sample: 625 domains from each fixed rank band; Python random.Random(42),2026-08-20T12:17:41+00:00,250001-500000
