site_frame_id,tranco_rank,tranco_domain,request_started_at,request_finished_at,request_status,records_returned,retry_count,error_type
tfv1:000001,10027,ciceksepeti.com,2026-08-20T12:23:16+00:00,2026-08-20T12:23:21+00:00,COMPLETED,50,0,
tfv1:000002,10038,hotpic.me,2026-08-20T12:23:22+00:00,2026-08-20T12:23:26+00:00,COMPLETED,0,0,
tfv1:000003,10111,contentstack.io,2026-08-20T12:23:27+00:00,2026-08-20T12:23:31+00:00,COMPLETED,15,0,
tfv1:000004,10142,loteriasdehoy.co,2026-08-20T12:23:32+00:00,2026-08-20T12:23:37+00:00,COMPLETED,50,0,
tfv1:000005,10213,google.li,2026-08-20T12:23:38+00:00,2026-08-20T12:23:42+00:00,COMPLETED,50,0,
tfv1:000006,10233,u-money.money,2026-08-20T12:36:03+00:00,2026-08-20T12:36:10+00:00,COMPLETED,0,0,
tfv1:000007,10364,pearltrees.com,2026-08-20T12:36:11+00:00,2026-08-20T12:36:17+00:00,COMPLETED,50,0,
tfv1:000008,10387,google.dj,2026-08-20T12:36:18+00:00,2026-08-20T12:36:24+00:00,COMPLETED,50,0,
tfv1:000009,10426,link.me,2026-08-20T12:36:25+00:00,2026-08-20T12:36:50+00:00,COMPLETED,3,1,
tfv1:000010,10472,yahoosandbox.net,2026-08-20T12:36:51+00:00,2026-08-20T12:36:57+00:00,COMPLETED,0,0,
tfv1:000011,10513,my-imcloud.com,2026-08-20T12:36:58+00:00,2026-08-20T12:37:06+00:00,COMPLETED,0,0,
tfv1:000012,10611,shaw.ca,2026-08-20T12:37:07+00:00,2026-08-20T12:37:14+00:00,COMPLETED,50,0,
tfv1:000013,10634,polovniautomobili.com,2026-08-20T12:37:15+00:00,2026-08-20T12:37:20+00:00,COMPLETED,0,0,
tfv1:000014,10753,marxists.org,2026-08-20T12:37:21+00:00,2026-08-20T12:37:25+00:00,COMPLETED,50,0,
tfv1:000015,10968,192.in-addr.arpa,2026-08-20T12:37:26+00:00,2026-08-20T12:37:31+00:00,COMPLETED,0,0,
tfv1:000016,11271,voipbuster.com,2026-08-20T12:37:32+00:00,2026-08-20T12:37:36+00:00,COMPLETED,22,0,
tfv1:000017,11277,feefo.com,2026-08-20T12:37:37+00:00,2026-08-20T12:37:42+00:00,COMPLETED,50,0,
tfv1:000018,11281,pitchbook.com,2026-08-20T12:37:43+00:00,2026-08-20T12:37:49+00:00,COMPLETED,0,0,
tfv1:000019,11379,zoomdev.us,2026-08-20T12:37:50+00:00,2026-08-20T12:37:54+00:00,COMPLETED,0,0,
tfv1:000020,11551,honda.co.jp,2026-08-20T12:37:55+00:00,2026-08-20T12:38:00+00:00,COMPLETED,50,0,
tfv1:000021,11601,omni.ru,2026-08-20T12:38:01+00:00,2026-08-20T12:38:06+00:00,COMPLETED,0,0,
tfv1:000022,11625,jdpower.com,2026-08-20T12:38:07+00:00,2026-08-20T12:38:14+00:00,COMPLETED,50,0,
tfv1:000023,11640,sportsplus.ph,2026-08-20T12:38:15+00:00,2026-08-20T12:38:19+00:00,COMPLETED,0,0,
tfv1:000024,11740,zoznam.sk,2026-08-20T12:38:20+00:00,2026-08-20T12:38:26+00:00,COMPLETED,50,0,
tfv1:000025,11768,atlanticcouncil.org,2026-08-20T12:38:27+00:00,2026-08-20T12:38:31+00:00,COMPLETED,50,0,
tfv1:000026,11777,sinch.com,2026-08-20T12:38:32+00:00,2026-08-20T12:38:39+00:00,COMPLETED,50,0,
tfv1:000027,11809,sport-express.ru,2026-08-20T12:38:40+00:00,2026-08-20T12:38:44+00:00,COMPLETED,50,0,
tfv1:000028,11903,axiom.co,2026-08-20T12:38:45+00:00,2026-08-20T12:38:50+00:00,COMPLETED,50,0,
tfv1:000029,11953,devpost.com,2026-08-20T12:38:51+00:00,2026-08-20T12:38:56+00:00,COMPLETED,50,0,
tfv1:000030,12059,superwall.me,2026-08-20T12:38:57+00:00,2026-08-20T12:39:02+00:00,COMPLETED,6,0,
tfv1:000031,12083,swatch.com,2026-08-20T12:39:07+00:00,2026-08-20T12:39:15+00:00,COMPLETED,50,0,
tfv1:000032,12104,kodak.com,2026-08-20T12:39:16+00:00,2026-08-20T12:39:21+00:00,COMPLETED,50,0,
tfv1:000033,12362,oszar.com,2026-08-20T12:39:22+00:00,2026-08-20T12:39:27+00:00,COMPLETED,0,0,
tfv1:000034,12508,sovcloud.cn,2026-08-20T12:39:28+00:00,2026-08-20T12:39:33+00:00,COMPLETED,1,0,
tfv1:000035,12538,smu.edu.sg,2026-08-20T12:39:34+00:00,2026-08-20T12:39:40+00:00,COMPLETED,50,0,
tfv1:000036,12605,indiadafa.com,2026-08-20T12:39:41+00:00,2026-08-20T12:39:46+00:00,COMPLETED,0,0,
tfv1:000037,12615,thepioneerwoman.com,2026-08-20T12:39:47+00:00,2026-08-20T12:39:52+00:00,COMPLETED,27,0,
tfv1:000038,12742,china.org.cn,2026-08-20T12:39:53+00:00,2026-08-20T12:39:58+00:00,COMPLETED,50,0,
tfv1:000039,12848,fozzy.com,2026-08-20T12:39:59+00:00,2026-08-20T12:40:04+00:00,COMPLETED,50,0,
tfv1:000040,12890,i-mobile.co.jp,2026-08-20T12:40:05+00:00,2026-08-20T12:40:11+00:00,COMPLETED,50,0,
tfv1:000041,12909,rakuten.tv,2026-08-20T12:40:12+00:00,2026-08-20T12:40:17+00:00,COMPLETED,50,0,
tfv1:000042,13004,vegamovie.sl,2026-08-20T12:40:18+00:00,2026-08-20T12:40:22+00:00,COMPLETED,0,0,
tfv1:000043,13029,mawartotozoro.com,2026-08-20T12:40:23+00:00,2026-08-20T12:40:29+00:00,COMPLETED,0,0,
tfv1:000044,13088,syracuse.com,2026-08-20T12:40:30+00:00,2026-08-20T12:40:34+00:00,COMPLETED,0,0,
tfv1:000045,13287,ja.net,2026-08-20T12:40:35+00:00,2026-08-20T12:40:40+00:00,COMPLETED,20,0,
tfv1:000046,13292,korrespondent.net,2026-08-20T12:40:41+00:00,2026-08-20T12:40:47+00:00,COMPLETED,50,0,
tfv1:000047,13296,canalplus.com,2026-08-20T12:40:48+00:00,2026-08-20T12:40:56+00:00,COMPLETED,50,0,
tfv1:000048,13316,uclahealth.org,2026-08-20T12:40:57+00:00,2026-08-20T12:41:02+00:00,COMPLETED,50,0,
tfv1:000049,13330,zerodha.com,2026-08-20T12:41:03+00:00,2026-08-20T12:41:23+00:00,COMPLETED,50,1,
tfv1:000050,13551,ppcloudbackup.com,2026-08-20T12:41:24+00:00,2026-08-20T12:41:30+00:00,COMPLETED,0,0,
tfv1:000051,13666,demonoid.ch,2026-08-20T12:41:31+00:00,2026-08-20T12:41:36+00:00,COMPLETED,0,0,
tfv1:000052,13728,openart.ai,2026-08-20T12:41:37+00:00,2026-08-20T12:41:41+00:00,COMPLETED,50,0,
tfv1:000053,13747,seek.com.au,2026-08-20T12:41:42+00:00,2026-08-20T12:41:47+00:00,COMPLETED,0,0,
tfv1:000054,13797,cloud.globo,2026-08-20T12:41:48+00:00,2026-08-20T12:41:53+00:00,COMPLETED,0,0,
tfv1:000055,13833,company.site,2026-08-20T12:41:54+00:00,2026-08-20T12:41:59+00:00,COMPLETED,50,0,
tfv1:000056,13843,sitezoogle.com,2026-08-20T12:42:05+00:00,2026-08-20T12:42:11+00:00,COMPLETED,0,0,
tfv1:000057,13859,drogaraia.com.br,2026-08-20T12:42:12+00:00,2026-08-20T12:42:17+00:00,COMPLETED,50,0,
tfv1:000058,13973,love8.ltd,2026-08-20T12:42:18+00:00,2026-08-20T12:42:23+00:00,COMPLETED,2,0,
tfv1:000059,13995,kan.org.il,2026-08-20T12:42:24+00:00,2026-08-20T12:42:29+00:00,COMPLETED,0,0,
tfv1:000060,14081,packtpub.com,2026-08-20T12:42:30+00:00,2026-08-20T12:42:35+00:00,COMPLETED,3,0,
tfv1:000061,14164,starott.com,2026-08-20T12:42:36+00:00,2026-08-20T12:42:42+00:00,COMPLETED,0,0,
tfv1:000062,14197,fastpeoplesearch.com,2026-08-20T12:42:43+00:00,2026-08-20T12:42:49+00:00,COMPLETED,0,0,
tfv1:000063,14210,europa.eu.int,2026-08-20T12:42:50+00:00,2026-08-20T12:42:55+00:00,COMPLETED,0,0,
tfv1:000064,14338,books.com.tw,2026-08-20T12:42:56+00:00,2026-08-20T12:43:02+00:00,COMPLETED,50,0,
tfv1:000065,14418,sc.com,2026-08-20T12:43:03+00:00,2026-08-20T12:43:11+00:00,COMPLETED,50,0,
tfv1:000066,14454,216.in-addr.arpa,2026-08-20T12:43:12+00:00,2026-08-20T12:43:16+00:00,COMPLETED,0,0,
tfv1:000067,14491,outcomes.net,2026-08-20T12:43:17+00:00,2026-08-20T12:43:22+00:00,COMPLETED,0,0,
tfv1:000068,14509,nga.gov,2026-08-20T12:43:23+00:00,2026-08-20T12:43:29+00:00,COMPLETED,50,0,
tfv1:000069,14536,compuserve.com,2026-08-20T12:43:30+00:00,2026-08-20T12:43:35+00:00,COMPLETED,50,0,
tfv1:000070,14550,apps.mil,2026-08-20T12:43:36+00:00,2026-08-20T12:43:42+00:00,COMPLETED,22,0,
tfv1:000071,14559,groups.io,2026-08-20T12:43:43+00:00,2026-08-20T12:43:48+00:00,COMPLETED,18,0,
tfv1:000072,14586,hostiservices.com,2026-08-20T12:43:49+00:00,2026-08-20T12:43:55+00:00,COMPLETED,0,0,
tfv1:000073,14644,g2afse.com,2026-08-20T12:43:56+00:00,2026-08-20T12:44:01+00:00,COMPLETED,0,0,
tfv1:000074,14653,cgocable.net,2026-08-20T12:44:02+00:00,2026-08-20T12:44:11+00:00,COMPLETED,0,0,
tfv1:000075,14680,upiral.com,2026-08-20T12:44:12+00:00,2026-08-20T12:44:18+00:00,COMPLETED,0,0,
tfv1:000076,14755,edelman.com,2026-08-20T12:44:19+00:00,2026-08-20T12:44:24+00:00,COMPLETED,50,0,
tfv1:000077,14773,simplecloud.ru,2026-08-20T12:44:25+00:00,2026-08-20T12:44:30+00:00,COMPLETED,16,0,
tfv1:000078,14802,okex.org,2026-08-20T12:44:31+00:00,2026-08-20T12:44:37+00:00,COMPLETED,0,0,
tfv1:000079,14932,gastronom.ru,2026-08-20T12:44:38+00:00,2026-08-20T12:44:43+00:00,COMPLETED,50,0,
tfv1:000080,14941,artic.edu,2026-08-20T12:44:44+00:00,2026-08-20T12:44:48+00:00,COMPLETED,50,0,
tfv1:000081,15078,ucpress.edu,2026-08-20T12:44:57+00:00,2026-08-20T12:45:03+00:00,COMPLETED,50,0,
tfv1:000082,15162,amzndns.com,2026-08-20T12:45:04+00:00,2026-08-20T12:45:10+00:00,COMPLETED,0,0,
tfv1:000083,15165,ens.fr,2026-08-20T12:45:11+00:00,2026-08-20T12:45:17+00:00,COMPLETED,50,0,
tfv1:000084,15230,aboutyou.com,2026-08-20T12:45:18+00:00,2026-08-20T12:45:23+00:00,COMPLETED,50,0,
tfv1:000085,15251,news1.kr,2026-08-20T12:45:24+00:00,2026-08-20T12:45:29+00:00,COMPLETED,50,0,
tfv1:000086,15281,kunlunle.com,2026-08-20T12:45:30+00:00,2026-08-20T12:45:35+00:00,COMPLETED,0,0,
tfv1:000087,15368,apollopharmacy.in,2026-08-20T12:45:36+00:00,2026-08-20T12:45:41+00:00,COMPLETED,50,0,
tfv1:000088,15373,pushlycdn.com,2026-08-20T12:45:42+00:00,2026-08-20T12:45:48+00:00,COMPLETED,0,0,
tfv1:000089,15502,joytraffic.net,2026-08-20T12:45:49+00:00,2026-08-20T12:45:57+00:00,COMPLETED,0,0,
tfv1:000090,15558,ksu.edu,2026-08-20T12:45:58+00:00,2026-08-20T12:46:20+00:00,COMPLETED,50,1,
tfv1:000091,15614,thg.com,2026-08-20T12:46:21+00:00,2026-08-20T12:46:26+00:00,COMPLETED,50,0,
tfv1:000092,15698,gambling.com,2026-08-20T12:46:27+00:00,2026-08-20T12:46:32+00:00,COMPLETED,50,0,
tfv1:000093,15958,jsdelivr.com,2026-08-20T12:46:33+00:00,2026-08-20T12:46:38+00:00,COMPLETED,50,0,
tfv1:000094,16049,ntp-servers.net,2026-08-20T12:46:39+00:00,2026-08-20T12:46:44+00:00,COMPLETED,20,0,
tfv1:000095,16079,takashimaya.co.jp,2026-08-20T12:46:45+00:00,2026-08-20T12:46:51+00:00,COMPLETED,50,0,
tfv1:000096,16113,iserv.eu,2026-08-20T12:46:52+00:00,2026-08-20T12:46:56+00:00,COMPLETED,50,0,
tfv1:000097,16121,duden.de,2026-08-20T12:46:57+00:00,2026-08-20T12:47:02+00:00,COMPLETED,50,0,
tfv1:000098,16141,juspay.in,2026-08-20T12:47:03+00:00,2026-08-20T12:47:11+00:00,COMPLETED,4,0,
tfv1:000099,16182,ksyunv5.com,2026-08-20T12:47:12+00:00,2026-08-20T12:47:18+00:00,COMPLETED,0,0,
tfv1:000100,16339,semver.org,2026-08-20T12:47:19+00:00,2026-08-20T12:47:24+00:00,COMPLETED,32,0,
tfv1:000101,16353,xn----ztbcbceder.net,2026-08-20T12:47:25+00:00,2026-08-20T12:47:33+00:00,COMPLETED,1,0,
tfv1:000102,16417,approovr.io,2026-08-20T12:47:34+00:00,2026-08-20T12:47:39+00:00,COMPLETED,0,0,
tfv1:000103,16450,mapgenie.io,2026-08-20T12:47:40+00:00,2026-08-20T12:47:46+00:00,COMPLETED,0,0,
tfv1:000104,16553,dailyrazor.com,2026-08-20T12:47:47+00:00,2026-08-20T12:47:52+00:00,COMPLETED,50,0,
tfv1:000105,16620,nic.club,2026-08-20T12:47:53+00:00,2026-08-20T12:47:58+00:00,COMPLETED,1,0,
tfv1:000106,16699,yapigames.com,2026-08-20T12:53:49+00:00,2026-08-20T12:53:57+00:00,COMPLETED,50,0,
tfv1:000107,16718,buffalonews.com,2026-08-20T12:53:58+00:00,2026-08-20T12:54:04+00:00,COMPLETED,50,0,
tfv1:000108,16737,engie.fr,2026-08-20T12:54:05+00:00,2026-08-20T12:54:11+00:00,COMPLETED,50,0,
tfv1:000109,16789,hts.ru,2026-08-20T12:54:12+00:00,2026-08-20T12:54:18+00:00,COMPLETED,17,0,
tfv1:000110,16974,casinolead.ca,2026-08-20T12:54:19+00:00,2026-08-20T12:54:26+00:00,COMPLETED,50,0,
tfv1:000111,16986,rareanimes.mov,2026-08-20T12:54:27+00:00,2026-08-20T12:54:31+00:00,COMPLETED,0,0,
tfv1:000112,17015,semafor.com,2026-08-20T12:54:32+00:00,2026-08-20T12:54:38+00:00,COMPLETED,50,0,
tfv1:000113,17085,heavyfetish.com,2026-08-20T12:54:39+00:00,2026-08-20T12:54:45+00:00,COMPLETED,0,0,
tfv1:000114,17105,fhaccess.com,2026-08-20T12:54:46+00:00,2026-08-20T12:54:52+00:00,COMPLETED,0,0,
tfv1:000115,17162,cervantesvirtual.com,2026-08-20T12:54:53+00:00,2026-08-20T12:54:58+00:00,COMPLETED,50,0,
tfv1:000116,17186,rhinoyy.net,2026-08-20T12:54:59+00:00,2026-08-20T12:55:06+00:00,COMPLETED,0,0,
tfv1:000117,17297,occ.com.mx,2026-08-20T12:55:07+00:00,2026-08-20T12:55:15+00:00,COMPLETED,50,0,
tfv1:000118,17311,sinopec.com,2026-08-20T12:55:16+00:00,2026-08-20T12:55:21+00:00,COMPLETED,50,0,
tfv1:000119,17332,byteigtm.com,2026-08-20T12:55:22+00:00,2026-08-20T12:55:28+00:00,COMPLETED,0,0,
tfv1:000120,17508,start.me,2026-08-20T12:55:29+00:00,2026-08-20T12:55:34+00:00,COMPLETED,0,0,
tfv1:000121,17560,kyivindependent.com,2026-08-20T12:55:35+00:00,2026-08-20T12:55:43+00:00,COMPLETED,50,0,
tfv1:000122,17565,ellenmacarthurfoundation.org,2026-08-20T12:55:44+00:00,2026-08-20T12:55:50+00:00,COMPLETED,50,0,
tfv1:000123,17579,duapps.com,2026-08-20T12:55:51+00:00,2026-08-20T12:55:59+00:00,COMPLETED,0,0,
tfv1:000124,17857,hexnodemdm.com,2026-08-20T12:56:00+00:00,2026-08-20T12:56:05+00:00,COMPLETED,2,0,
tfv1:000125,17931,hunan.gov.cn,2026-08-20T12:56:06+00:00,2026-08-20T12:56:14+00:00,COMPLETED,50,0,
tfv1:000126,17954,minergate.com,2026-08-20T12:56:15+00:00,2026-08-20T12:56:20+00:00,COMPLETED,0,0,
tfv1:000127,18168,4399.com,2026-08-20T12:56:21+00:00,2026-08-20T12:56:26+00:00,COMPLETED,50,0,
tfv1:000128,18181,novofon.ru,2026-08-20T12:56:27+00:00,2026-08-20T12:56:34+00:00,COMPLETED,4,0,
tfv1:000129,18242,topcv.vn,2026-08-20T12:56:35+00:00,2026-08-20T12:56:40+00:00,COMPLETED,50,0,
tfv1:000130,18342,aws-cbc.cloud,2026-08-20T12:56:41+00:00,2026-08-20T12:56:47+00:00,COMPLETED,0,0,
tfv1:000131,18353,empireonline.com,2026-08-20T12:56:48+00:00,2026-08-20T12:56:53+00:00,COMPLETED,0,0,
tfv1:000132,18365,openrent.co.uk,2026-08-20T12:56:54+00:00,2026-08-20T12:57:03+00:00,COMPLETED,50,0,
tfv1:000133,18415,createsend.com,2026-08-20T12:57:04+00:00,2026-08-20T12:57:12+00:00,COMPLETED,50,0,
tfv1:000134,18574,punchh.com,2026-08-20T12:57:13+00:00,2026-08-20T12:57:20+00:00,COMPLETED,50,0,
tfv1:000135,18578,notability.com,2026-08-20T12:57:21+00:00,2026-08-20T12:57:27+00:00,COMPLETED,50,0,
tfv1:000136,18672,roland.com,2026-08-20T12:57:28+00:00,2026-08-20T12:57:34+00:00,COMPLETED,50,0,
tfv1:000137,18681,dns.net.za,2026-08-20T12:57:35+00:00,2026-08-20T12:57:40+00:00,COMPLETED,0,0,
tfv1:000138,18739,n26.com,2026-08-20T12:57:41+00:00,2026-08-20T12:57:47+00:00,COMPLETED,50,0,
tfv1:000139,18801,phantixgames.com,2026-08-20T12:57:48+00:00,2026-08-20T12:57:58+00:00,COMPLETED,12,0,
tfv1:000140,18894,meshify.cloud,2026-08-20T12:57:59+00:00,2026-08-20T12:58:09+00:00,COMPLETED,0,0,
tfv1:000141,19066,cartrawler.com,2026-08-20T12:58:10+00:00,2026-08-20T12:58:17+00:00,COMPLETED,50,0,
tfv1:000142,19069,gtt.net,2026-08-20T12:58:18+00:00,2026-08-20T12:58:26+00:00,COMPLETED,50,0,
tfv1:000143,19145,abebookscdn.com,2026-08-20T12:58:27+00:00,2026-08-20T12:58:33+00:00,COMPLETED,0,0,
tfv1:000144,19151,mikecrm.com,2026-08-20T12:58:34+00:00,2026-08-20T12:58:58+00:00,COMPLETED,50,1,
tfv1:000145,19187,clustrmaps.com,2026-08-20T12:58:59+00:00,2026-08-20T12:59:04+00:00,COMPLETED,15,0,
tfv1:000146,19364,clien.net,2026-08-20T12:59:05+00:00,2026-08-20T12:59:12+00:00,COMPLETED,0,0,
tfv1:000147,19657,handbrake.fr,2026-08-20T12:59:13+00:00,2026-08-20T12:59:20+00:00,COMPLETED,50,0,
tfv1:000148,19672,oneadtag.com,2026-08-20T12:59:21+00:00,2026-08-20T12:59:27+00:00,COMPLETED,0,0,
tfv1:000149,19706,iconscout.com,2026-08-20T12:59:28+00:00,2026-08-20T12:59:38+00:00,COMPLETED,43,0,
tfv1:000150,19769,biliapi.com,2026-08-20T12:59:39+00:00,2026-08-20T12:59:46+00:00,COMPLETED,0,0,
tfv1:000151,19885,swaven.com,2026-08-20T12:59:47+00:00,2026-08-20T12:59:53+00:00,COMPLETED,4,0,
tfv1:000152,20015,amiami.jp,2026-08-20T12:59:54+00:00,2026-08-20T13:00:01+00:00,COMPLETED,50,0,
tfv1:000153,20017,pbiaas.com,2026-08-20T13:00:02+00:00,2026-08-20T13:00:11+00:00,COMPLETED,50,0,
tfv1:000154,20129,flashscore.com.tr,2026-08-20T13:00:12+00:00,2026-08-20T13:00:18+00:00,COMPLETED,0,0,
tfv1:000155,20145,entergy.com,2026-08-20T13:00:19+00:00,2026-08-20T13:00:25+00:00,COMPLETED,50,0,
tfv1:000156,20188,photozou.jp,2026-08-20T13:00:26+00:00,2026-08-20T13:00:33+00:00,COMPLETED,50,0,
tfv1:000157,20190,celebjihad.com,2026-08-20T13:00:34+00:00,2026-08-20T13:00:40+00:00,COMPLETED,50,0,
tfv1:000158,20318,utu.fi,2026-08-20T13:00:41+00:00,2026-08-20T13:00:48+00:00,COMPLETED,50,0,
tfv1:000159,20339,max.porn,2026-08-20T13:00:49+00:00,2026-08-20T13:00:59+00:00,COMPLETED,50,0,
tfv1:000160,20366,live-website.com,2026-08-20T13:01:00+00:00,2026-08-20T13:01:08+00:00,COMPLETED,50,0,
tfv1:000161,20431,amis.net,2026-08-20T13:01:09+00:00,2026-08-20T13:01:16+00:00,COMPLETED,2,0,
tfv1:000162,20434,wialon.com,2026-08-20T13:01:17+00:00,2026-08-20T13:01:23+00:00,COMPLETED,50,0,
tfv1:000163,20464,typo3.org,2026-08-20T13:01:24+00:00,2026-08-20T13:01:30+00:00,COMPLETED,50,0,
tfv1:000164,20485,wpxhosting.com,2026-08-20T13:01:31+00:00,2026-08-20T13:01:37+00:00,COMPLETED,0,0,
tfv1:000165,20588,gigazine.net,2026-08-20T13:01:38+00:00,2026-08-20T13:01:44+00:00,COMPLETED,50,0,
tfv1:000166,20590,aifaceswap.io,2026-08-20T13:01:45+00:00,2026-08-20T13:01:53+00:00,COMPLETED,50,0,
tfv1:000167,20650,htmlcodex.com,2026-08-20T13:01:54+00:00,2026-08-20T13:02:01+00:00,COMPLETED,0,0,
tfv1:000168,20660,askdiandian.com,2026-08-20T13:02:02+00:00,2026-08-20T13:02:11+00:00,COMPLETED,0,0,
tfv1:000169,20709,bizible.com,2026-08-20T13:02:12+00:00,2026-08-20T13:02:18+00:00,COMPLETED,0,0,
tfv1:000170,20790,tapmad.com,2026-08-20T13:02:19+00:00,2026-08-20T13:02:25+00:00,COMPLETED,50,0,
tfv1:000171,20817,kwaionline.com,2026-08-20T13:02:26+00:00,2026-08-20T13:02:32+00:00,COMPLETED,0,0,
tfv1:000172,20822,tractive.com,2026-08-20T13:02:33+00:00,2026-08-20T13:02:40+00:00,COMPLETED,50,0,
tfv1:000173,20900,shafa.ua,2026-08-20T13:02:41+00:00,2026-08-20T13:02:47+00:00,COMPLETED,50,0,
tfv1:000174,21121,k5a.io,2026-08-20T13:02:48+00:00,2026-08-20T13:02:54+00:00,COMPLETED,1,0,
tfv1:000175,21216,cirion.live,2026-08-20T13:02:55+00:00,2026-08-20T13:03:00+00:00,COMPLETED,0,0,
tfv1:000176,21406,pasteur.fr,2026-08-20T13:03:01+00:00,2026-08-20T13:03:10+00:00,COMPLETED,50,0,
tfv1:000177,21527,nld.com.vn,2026-08-20T13:03:11+00:00,2026-08-20T13:03:19+00:00,COMPLETED,0,0,
tfv1:000178,21604,wikidex.net,2026-08-20T13:03:20+00:00,2026-08-20T13:03:26+00:00,COMPLETED,50,0,
tfv1:000179,21703,fashion-press.net,2026-08-20T13:03:27+00:00,2026-08-20T13:03:37+00:00,COMPLETED,50,0,
tfv1:000180,21709,progoroduhta.ru,2026-08-20T13:03:38+00:00,2026-08-20T13:03:45+00:00,COMPLETED,50,0,
tfv1:000181,21755,747.live,2026-08-20T13:03:46+00:00,2026-08-20T13:03:53+00:00,COMPLETED,0,0,
tfv1:000182,21910,janeapp.net,2026-08-20T13:03:54+00:00,2026-08-20T13:04:00+00:00,COMPLETED,0,0,
tfv1:000183,22026,selfip.com,2026-08-20T13:04:01+00:00,2026-08-20T13:04:11+00:00,COMPLETED,50,0,
tfv1:000184,22179,meganameservers.com,2026-08-20T13:04:12+00:00,2026-08-20T13:04:19+00:00,COMPLETED,0,0,
tfv1:000185,22446,foiz.pro,2026-08-20T13:04:20+00:00,2026-08-20T13:04:27+00:00,COMPLETED,50,0,
tfv1:000186,22458,burgerpixel.net,2026-08-20T13:04:28+00:00,2026-08-20T13:04:37+00:00,COMPLETED,0,0,
tfv1:000187,22466,fark.com,2026-08-20T13:04:38+00:00,2026-08-20T13:04:45+00:00,COMPLETED,2,0,
tfv1:000188,22479,itemfix.com,2026-08-20T13:04:46+00:00,2026-08-20T13:04:53+00:00,COMPLETED,50,0,
tfv1:000189,22557,musickordi.com,2026-08-20T13:04:54+00:00,2026-08-20T13:05:00+00:00,COMPLETED,0,0,
tfv1:000190,22573,duetdisplay.com,2026-08-20T13:05:01+00:00,2026-08-20T13:05:11+00:00,COMPLETED,50,0,
tfv1:000191,22602,ird.fr,2026-08-20T13:05:12+00:00,2026-08-20T13:05:19+00:00,COMPLETED,50,0,
tfv1:000192,22657,yaeby.com.ua,2026-08-20T13:05:20+00:00,2026-08-20T13:05:27+00:00,COMPLETED,0,0,
tfv1:000193,22743,bet365.pe,2026-08-20T13:05:28+00:00,2026-08-20T13:05:35+00:00,COMPLETED,0,0,
tfv1:000194,22913,roboshadow.com,2026-08-20T13:05:36+00:00,2026-08-20T13:05:43+00:00,COMPLETED,25,0,
tfv1:000195,23032,jeetbuzz.cc,2026-08-20T13:05:44+00:00,2026-08-20T13:05:50+00:00,COMPLETED,0,0,
tfv1:000196,23036,1668manga.com,2026-08-20T13:05:51+00:00,2026-08-20T13:05:59+00:00,COMPLETED,0,0,
tfv1:000197,23051,nitacashhub.com,2026-08-20T13:06:00+00:00,2026-08-20T13:06:06+00:00,COMPLETED,0,0,
tfv1:000198,23080,atrungroi.com,2026-08-20T13:06:07+00:00,2026-08-20T13:06:15+00:00,COMPLETED,50,0,
tfv1:000199,23183,bdxvideohd.com,2026-08-20T13:06:16+00:00,2026-08-20T13:06:23+00:00,COMPLETED,0,0,
tfv1:000200,23343,sports.bet.ar,2026-08-20T13:06:24+00:00,2026-08-20T13:06:31+00:00,COMPLETED,38,0,
tfv1:000201,23387,mca.gov.cn,2026-08-20T13:06:32+00:00,2026-08-20T13:06:38+00:00,COMPLETED,0,0,
tfv1:000202,23556,khabar.bet,2026-08-20T13:06:39+00:00,2026-08-20T13:06:49+00:00,COMPLETED,24,0,
tfv1:000203,23731,inadsexchange.com,2026-08-20T13:06:50+00:00,2026-08-20T13:06:57+00:00,COMPLETED,0,0,
tfv1:000204,23768,aspendiscovery.org,2026-08-20T13:06:58+00:00,2026-08-20T13:07:05+00:00,COMPLETED,0,0,
tfv1:000205,23775,chrysler.com,2026-08-20T13:07:06+00:00,2026-08-20T13:07:18+00:00,COMPLETED,50,0,
tfv1:000206,23804,neurosciencenews.com,2026-08-20T13:07:19+00:00,2026-08-20T13:07:26+00:00,COMPLETED,50,0,
tfv1:000207,23827,funix.nl,2026-08-20T13:07:27+00:00,2026-08-20T13:07:34+00:00,COMPLETED,0,0,
tfv1:000208,23872,gather.town,2026-08-20T13:07:35+00:00,2026-08-20T13:07:43+00:00,COMPLETED,50,0,
tfv1:000209,23881,jacksonville.com,2026-08-20T13:07:44+00:00,2026-08-20T13:07:51+00:00,COMPLETED,0,0,
tfv1:000210,23935,hardwarezone.com.sg,2026-08-20T13:07:52+00:00,2026-08-20T13:08:01+00:00,COMPLETED,0,0,
tfv1:000211,23970,dataliberation.org,2026-08-20T13:08:02+00:00,2026-08-20T13:08:20+00:00,COMPLETED,0,1,
tfv1:000212,24006,sandiegozoo.org,2026-08-20T13:08:21+00:00,2026-08-20T13:08:31+00:00,COMPLETED,50,0,
tfv1:000213,24009,uib.es,2026-08-20T13:08:33+00:00,2026-08-20T13:08:43+00:00,COMPLETED,50,0,
tfv1:000214,24022,webhostingireland.ie,2026-08-20T13:08:44+00:00,2026-08-20T13:08:51+00:00,COMPLETED,0,0,
tfv1:000215,24041,snapmaker.com,2026-08-20T13:08:52+00:00,2026-08-20T13:08:59+00:00,COMPLETED,50,0,
tfv1:000216,24111,sbcloud.us,2026-08-20T13:09:00+00:00,2026-08-20T13:09:11+00:00,COMPLETED,0,0,
tfv1:000217,24268,nic.no,2026-08-20T13:09:12+00:00,2026-08-20T13:09:18+00:00,COMPLETED,0,0,
tfv1:000218,24329,jacc.org,2026-08-20T13:09:19+00:00,2026-08-20T13:09:30+00:00,COMPLETED,0,0,
tfv1:000219,24342,craiyon.com,2026-08-20T13:09:31+00:00,2026-08-20T13:09:41+00:00,COMPLETED,0,0,
tfv1:000220,24374,ausfreeslots.com,2026-08-20T13:09:42+00:00,2026-08-20T13:09:51+00:00,COMPLETED,0,0,
tfv1:000221,24381,encar.com,2026-08-20T13:09:52+00:00,2026-08-20T13:10:00+00:00,COMPLETED,50,0,
tfv1:000222,24393,evaair.com,2026-08-20T13:10:01+00:00,2026-08-20T13:10:12+00:00,COMPLETED,50,0,
tfv1:000223,24433,bibledns.com,2026-08-20T13:10:13+00:00,2026-08-20T13:10:20+00:00,COMPLETED,0,0,
tfv1:000224,24447,kaik.ai,2026-08-20T13:10:21+00:00,2026-08-20T13:10:28+00:00,COMPLETED,50,0,
tfv1:000225,24454,occrp.org,2026-08-20T13:10:29+00:00,2026-08-20T13:10:38+00:00,COMPLETED,50,0,
tfv1:000226,24578,hotel-bb.com,2026-08-20T13:10:39+00:00,2026-08-20T13:10:47+00:00,COMPLETED,50,0,
tfv1:000227,24610,newyorklife.com,2026-08-20T13:10:48+00:00,2026-08-20T13:10:56+00:00,COMPLETED,50,0,
tfv1:000228,24629,tts-group.co.uk,2026-08-20T13:10:57+00:00,2026-08-20T13:11:06+00:00,COMPLETED,50,0,
tfv1:000229,24723,astron.nl,2026-08-20T13:11:07+00:00,2026-08-20T13:11:17+00:00,COMPLETED,50,0,
tfv1:000230,24726,papermc.io,2026-08-20T13:11:18+00:00,2026-08-20T13:11:26+00:00,COMPLETED,50,0,
tfv1:000231,24916,u2uyu876x.com,2026-08-20T13:11:27+00:00,2026-08-20T13:11:38+00:00,COMPLETED,0,0,
tfv1:000232,24936,webhostinghub.com,2026-08-20T13:31:28+00:00,2026-08-20T13:31:41+00:00,COMPLETED,47,0,
tfv1:000233,25004,binance.bh,2026-08-20T13:31:42+00:00,2026-08-20T13:31:48+00:00,COMPLETED,0,0,
tfv1:000234,25011,solarcity.com,2026-08-20T13:31:49+00:00,2026-08-20T13:31:55+00:00,COMPLETED,0,0,
tfv1:000235,25081,startersites.io,2026-08-20T13:31:56+00:00,2026-08-20T13:32:03+00:00,COMPLETED,0,0,
tfv1:000236,25156,iis.net,2026-08-20T13:32:04+00:00,2026-08-20T13:32:12+00:00,COMPLETED,50,0,
tfv1:000237,25248,travelclick.com,2026-08-20T13:32:13+00:00,2026-08-20T13:32:21+00:00,COMPLETED,41,0,
tfv1:000238,25257,photorecoverplus.com,2026-08-20T13:32:22+00:00,2026-08-20T13:32:29+00:00,COMPLETED,0,0,
tfv1:000239,25368,americanthinker.com,2026-08-20T13:32:30+00:00,2026-08-20T13:32:35+00:00,COMPLETED,1,0,
tfv1:000240,25393,yorkshirepost.co.uk,2026-08-20T13:32:36+00:00,2026-08-20T13:32:45+00:00,COMPLETED,36,0,
tfv1:000241,25415,redis-cloud.com,2026-08-20T13:32:46+00:00,2026-08-20T13:32:52+00:00,COMPLETED,0,0,
tfv1:000242,25492,bnef.com,2026-08-20T13:32:53+00:00,2026-08-20T13:32:59+00:00,COMPLETED,50,0,
tfv1:000243,25515,experiment.com,2026-08-20T13:33:00+00:00,2026-08-20T13:33:11+00:00,COMPLETED,0,0,
tfv1:000244,25598,ftvproxy.com,2026-08-20T13:33:12+00:00,2026-08-20T13:33:17+00:00,COMPLETED,0,0,
tfv1:000245,25643,ing.nl,2026-08-20T13:33:18+00:00,2026-08-20T13:33:24+00:00,COMPLETED,50,0,
tfv1:000246,25680,tvp.tv,2026-08-20T13:33:25+00:00,2026-08-20T13:33:45+00:00,COMPLETED,0,1,
tfv1:000247,25693,pdq.com,2026-08-20T13:33:46+00:00,2026-08-20T13:33:52+00:00,COMPLETED,50,0,
tfv1:000248,25786,mef.gov.it,2026-08-20T13:33:53+00:00,2026-08-20T13:33:59+00:00,COMPLETED,50,0,
tfv1:000249,25926,cedars-sinai.org,2026-08-20T13:34:00+00:00,2026-08-20T13:34:06+00:00,COMPLETED,50,0,
tfv1:000250,25990,cytracom.net,2026-08-20T13:34:07+00:00,2026-08-20T13:34:17+00:00,COMPLETED,1,0,
tfv1:000251,26010,romania-webhosting.com,2026-08-20T13:34:18+00:00,2026-08-20T13:34:25+00:00,COMPLETED,8,0,
tfv1:000252,26044,ridgwayband.com,2026-08-20T13:34:26+00:00,2026-08-20T13:34:33+00:00,COMPLETED,0,0,
tfv1:000253,26047,nextgov.com,2026-08-20T13:34:34+00:00,2026-08-20T13:34:40+00:00,COMPLETED,50,0,
tfv1:000254,26050,awsdns-07.org,2026-08-20T13:34:41+00:00,2026-08-20T13:34:47+00:00,COMPLETED,0,0,
tfv1:000255,26136,tripster.ru,2026-08-20T13:34:48+00:00,2026-08-20T13:34:55+00:00,COMPLETED,50,0,
tfv1:000256,26163,dataprotection.ie,2026-08-20T13:34:56+00:00,2026-08-20T13:35:02+00:00,COMPLETED,50,0,
tfv1:000257,26204,garmtech.com,2026-08-20T13:35:23+00:00,2026-08-20T13:35:31+00:00,COMPLETED,50,0,
tfv1:000258,26247,pldt.net,2026-08-20T13:35:32+00:00,2026-08-20T13:35:40+00:00,COMPLETED,0,0,
tfv1:000259,26264,fastdns.hosting,2026-08-20T13:35:41+00:00,2026-08-20T13:35:51+00:00,COMPLETED,0,0,
tfv1:000260,26296,chordie.com,2026-08-20T13:35:52+00:00,2026-08-20T13:35:59+00:00,COMPLETED,50,0,
tfv1:000261,26332,jooaniot.com,2026-08-20T13:36:00+00:00,2026-08-20T13:36:11+00:00,COMPLETED,0,0,
tfv1:000262,26354,optifine.net,2026-08-20T13:36:12+00:00,2026-08-20T13:36:18+00:00,COMPLETED,50,0,
tfv1:000263,26372,modmedapp.com,2026-08-20T13:36:19+00:00,2026-08-20T13:36:27+00:00,COMPLETED,4,0,
tfv1:000264,26458,who.is,2026-08-20T13:36:28+00:00,2026-08-20T13:36:35+00:00,COMPLETED,50,0,
tfv1:000265,26477,monobank.com.ua,2026-08-20T13:36:36+00:00,2026-08-20T13:36:43+00:00,COMPLETED,0,0,
tfv1:000266,26533,bigscoots.com,2026-08-20T13:36:44+00:00,2026-08-20T13:36:51+00:00,COMPLETED,50,0,
tfv1:000267,26694,sentinelcloud.com,2026-08-20T13:36:52+00:00,2026-08-20T13:37:00+00:00,COMPLETED,3,0,
tfv1:000268,26987,xbato.co.uk,2026-08-20T13:37:01+00:00,2026-08-20T13:37:10+00:00,COMPLETED,0,0,
tfv1:000269,27050,unisender.com,2026-08-20T13:37:11+00:00,2026-08-20T13:37:21+00:00,COMPLETED,50,0,
tfv1:000270,27090,tcljd.com,2026-08-20T13:37:22+00:00,2026-08-20T13:37:29+00:00,COMPLETED,1,0,
tfv1:000271,27119,starhub.net.sg,2026-08-20T13:37:30+00:00,2026-08-20T13:37:35+00:00,COMPLETED,0,0,
tfv1:000272,27168,dbs.cl,2026-08-20T13:37:37+00:00,2026-08-20T13:37:43+00:00,COMPLETED,50,0,
tfv1:000273,27220,one-line.com,2026-08-20T13:37:44+00:00,2026-08-20T13:37:52+00:00,COMPLETED,50,0,
tfv1:000274,27262,tallysolutions.com,2026-08-20T13:37:53+00:00,2026-08-20T13:38:00+00:00,COMPLETED,50,0,
tfv1:000275,27301,processes.top,2026-08-20T13:38:01+00:00,2026-08-20T13:38:10+00:00,COMPLETED,0,0,
tfv1:000276,27333,menara.ma,2026-08-20T13:38:11+00:00,2026-08-20T13:38:19+00:00,COMPLETED,0,0,
tfv1:000277,27336,adlibris.com,2026-08-20T13:38:20+00:00,2026-08-20T13:38:28+00:00,COMPLETED,50,0,
tfv1:000278,27360,cdnvideohub.com,2026-08-20T13:38:29+00:00,2026-08-20T13:38:35+00:00,COMPLETED,2,0,
tfv1:000279,27371,tug.org,2026-08-20T13:38:36+00:00,2026-08-20T13:38:43+00:00,COMPLETED,12,0,
tfv1:000280,27381,ddal.xyz,2026-08-20T13:38:44+00:00,2026-08-20T13:38:51+00:00,COMPLETED,0,0,
tfv1:000281,27398,okfn.de,2026-08-20T13:38:52+00:00,2026-08-20T13:38:59+00:00,COMPLETED,50,0,
tfv1:000282,27408,anoboy.boo,2026-08-20T13:39:17+00:00,2026-08-20T13:39:44+00:00,COMPLETED,0,1,
tfv1:000283,27486,wn06.cfd,2026-08-20T13:39:45+00:00,2026-08-20T13:40:21+00:00,FAILED,0,1,HTTP_504
tfv1:000284,27487,ga.de,2026-08-20T13:40:22+00:00,2026-08-20T13:40:32+00:00,COMPLETED,50,0,
tfv1:000285,27497,yugiyu2.com,2026-08-20T13:40:33+00:00,2026-08-20T13:40:40+00:00,COMPLETED,0,0,
tfv1:000286,27547,omikuji-do.com,2026-08-20T13:40:41+00:00,2026-08-20T13:40:53+00:00,COMPLETED,50,0,
tfv1:000287,27692,lets-boatrace.jp,2026-08-20T13:40:54+00:00,2026-08-20T13:41:08+00:00,COMPLETED,50,0,
tfv1:000288,27808,xenforo.com,2026-08-20T13:41:09+00:00,2026-08-20T13:41:17+00:00,COMPLETED,39,0,
tfv1:000289,27849,awsdns-cn-56.net,2026-08-20T13:41:18+00:00,2026-08-20T13:41:24+00:00,COMPLETED,0,0,
tfv1:000290,27888,directadvert.ru,2026-08-20T13:41:25+00:00,2026-08-20T13:41:32+00:00,COMPLETED,45,0,
tfv1:000291,27997,roadtrippers.com,2026-08-20T13:41:33+00:00,2026-08-20T13:41:39+00:00,COMPLETED,50,0,
tfv1:000292,28025,fotocommunity.com,2026-08-20T13:41:40+00:00,2026-08-20T13:41:47+00:00,COMPLETED,10,0,
tfv1:000293,28133,uptune.ir,2026-08-20T13:41:48+00:00,2026-08-20T13:41:56+00:00,COMPLETED,0,0,
tfv1:000294,28174,makeshop.jp,2026-08-20T13:41:57+00:00,2026-08-20T13:42:05+00:00,COMPLETED,50,0,
tfv1:000295,28211,ipsolver.com,2026-08-20T13:42:06+00:00,2026-08-20T13:42:40+00:00,FAILED,0,1,HTTP_502
tfv1:000296,28218,digitalcommerce360.com,2026-08-20T13:42:41+00:00,2026-08-20T13:42:47+00:00,COMPLETED,50,0,
tfv1:000297,28232,rockefeller.edu,2026-08-20T13:42:48+00:00,2026-08-20T13:42:56+00:00,COMPLETED,50,0,
tfv1:000298,28236,trustedshops.de,2026-08-20T13:42:57+00:00,2026-08-20T13:43:04+00:00,COMPLETED,50,0,
tfv1:000299,28251,photoshop.com,2026-08-20T13:43:05+00:00,2026-08-20T13:43:12+00:00,COMPLETED,50,0,
tfv1:000300,28255,tempo.io,2026-08-20T13:43:13+00:00,2026-08-20T13:43:20+00:00,COMPLETED,50,0,
tfv1:000301,28259,royalarkgames.com,2026-08-20T13:43:21+00:00,2026-08-20T13:43:27+00:00,COMPLETED,6,0,
tfv1:000302,28293,x-b-i-3.com,2026-08-20T13:43:28+00:00,2026-08-20T13:43:36+00:00,COMPLETED,0,0,
tfv1:000303,28466,bbarlock.com,2026-08-20T13:43:37+00:00,2026-08-20T13:43:48+00:00,COMPLETED,0,0,
tfv1:000304,28599,group-ib.com,2026-08-20T13:43:49+00:00,2026-08-20T13:44:16+00:00,COMPLETED,50,1,
tfv1:000305,28677,durukanbal.com,2026-08-20T13:44:17+00:00,2026-08-20T13:44:27+00:00,COMPLETED,50,0,
tfv1:000306,28695,deeplearning.ai,2026-08-20T13:44:28+00:00,2026-08-20T13:44:36+00:00,COMPLETED,50,0,
tfv1:000307,28726,cloudwifi.com,2026-08-20T13:45:04+00:00,2026-08-20T13:45:17+00:00,COMPLETED,6,0,
tfv1:000308,28804,baeldung.com,2026-08-20T13:45:18+00:00,2026-08-20T13:45:26+00:00,COMPLETED,50,0,
tfv1:000309,28966,pwr.edu.pl,2026-08-20T13:45:27+00:00,2026-08-20T13:45:34+00:00,COMPLETED,50,0,
tfv1:000310,29214,bio-rad.com,2026-08-20T13:45:35+00:00,2026-08-20T13:45:43+00:00,COMPLETED,50,0,
tfv1:000311,29235,mriia.gov.ua,2026-08-20T13:45:44+00:00,2026-08-20T13:45:52+00:00,COMPLETED,10,0,
tfv1:000312,29377,ufal.br,2026-08-20T13:45:53+00:00,2026-08-20T13:46:00+00:00,COMPLETED,50,0,
tfv1:000313,29446,triumph.com,2026-08-20T13:46:01+00:00,2026-08-20T13:46:10+00:00,COMPLETED,50,0,
tfv1:000314,29559,royaltotox54.com,2026-08-20T13:46:11+00:00,2026-08-20T13:46:20+00:00,COMPLETED,0,0,
tfv1:000315,29570,sweepquest.info,2026-08-20T13:46:21+00:00,2026-08-20T13:46:28+00:00,COMPLETED,0,0,
tfv1:000316,29621,freshconnect.io,2026-08-20T13:46:29+00:00,2026-08-20T13:46:35+00:00,COMPLETED,0,0,
tfv1:000317,29661,cmac.ws,2026-08-20T13:46:36+00:00,2026-08-20T13:46:44+00:00,COMPLETED,0,0,
tfv1:000318,29682,smbc-comics.com,2026-08-20T13:46:45+00:00,2026-08-20T13:46:52+00:00,COMPLETED,50,0,
tfv1:000319,29724,scienceopen.com,2026-08-20T13:46:53+00:00,2026-08-20T13:47:00+00:00,COMPLETED,0,0,
tfv1:000320,29826,lubimyczytac.pl,2026-08-20T13:47:01+00:00,2026-08-20T13:47:10+00:00,COMPLETED,3,0,
tfv1:000321,29915,unioncrediting.com,2026-08-20T13:47:11+00:00,2026-08-20T13:47:22+00:00,COMPLETED,50,0,
tfv1:000322,30001,ruldin.cc,2026-08-20T13:47:23+00:00,2026-08-20T13:47:29+00:00,COMPLETED,0,0,
tfv1:000323,30154,diyanet.gov.tr,2026-08-20T13:47:30+00:00,2026-08-20T13:47:40+00:00,COMPLETED,50,0,
tfv1:000324,30203,nowdrm.co,2026-08-20T13:47:41+00:00,2026-08-20T13:47:48+00:00,COMPLETED,0,0,
tfv1:000325,30270,superoffice.com,2026-08-20T13:47:50+00:00,2026-08-20T13:47:58+00:00,COMPLETED,50,0,
tfv1:000326,30344,creativelive.com,2026-08-21T14:00:59+00:00,2026-08-21T14:01:00+00:00,COMPLETED,50,0,
tfv1:000327,30429,fh-koeln.de,2026-08-21T14:01:02+00:00,2026-08-21T14:01:04+00:00,COMPLETED,50,0,
tfv1:000328,30553,tecmundo.com.br,2026-08-21T14:01:05+00:00,2026-08-21T14:01:07+00:00,COMPLETED,50,0,
tfv1:000329,30558,sz-cooleasy.com,2026-08-21T14:01:08+00:00,2026-08-21T14:01:10+00:00,COMPLETED,50,0,
tfv1:000330,30573,eslite.com,2026-08-21T14:01:11+00:00,2026-08-21T14:01:12+00:00,COMPLETED,0,0,
tfv1:000331,30591,rendez-vous.ru,2026-08-21T14:01:13+00:00,2026-08-21T14:01:15+00:00,COMPLETED,50,0,
tfv1:000332,30623,yottaa.com,2026-08-21T14:01:17+00:00,2026-08-21T14:01:18+00:00,COMPLETED,50,0,
tfv1:000333,30674,ntfy.sh,2026-08-21T14:01:19+00:00,2026-08-21T14:01:21+00:00,COMPLETED,17,0,
tfv1:000334,30721,mnsu.edu,2026-08-21T14:01:22+00:00,2026-08-21T14:01:24+00:00,COMPLETED,50,0,
tfv1:000335,30734,businessidentity.llc,2026-08-21T14:01:25+00:00,2026-08-21T14:01:26+00:00,COMPLETED,0,0,
tfv1:000336,30795,ci360.marketing,2026-08-21T14:01:28+00:00,2026-08-21T14:01:32+00:00,COMPLETED,0,0,
tfv1:000337,30953,lb.ua,2026-08-21T14:01:33+00:00,2026-08-21T14:01:36+00:00,COMPLETED,50,0,
tfv1:000338,31119,huffingtonpost.it,2026-08-21T14:01:38+00:00,2026-08-21T14:01:38+00:00,COMPLETED,0,0,
tfv1:000339,31244,howlongtobeat.com,2026-08-21T14:01:40+00:00,2026-08-21T14:01:41+00:00,COMPLETED,0,0,
tfv1:000340,31253,boldapps.net,2026-08-21T14:01:43+00:00,2026-08-21T14:01:44+00:00,COMPLETED,4,0,
tfv1:000341,31377,secureparkme.com,2026-08-21T14:01:45+00:00,2026-08-21T14:01:47+00:00,COMPLETED,0,0,
tfv1:000342,31421,p7.de,2026-08-21T14:01:48+00:00,2026-08-21T14:01:49+00:00,COMPLETED,50,0,
tfv1:000343,31454,affiliatblogger.com,2026-08-21T14:01:51+00:00,2026-08-21T14:01:53+00:00,COMPLETED,50,0,
tfv1:000344,31513,concentrix.com,2026-08-21T14:01:54+00:00,2026-08-21T14:01:56+00:00,COMPLETED,50,0,
tfv1:000345,31640,carrefour.ro,2026-08-21T14:01:57+00:00,2026-08-21T14:01:59+00:00,COMPLETED,50,0,
tfv1:000346,31655,tripadvisor.nl,2026-08-21T14:02:00+00:00,2026-08-21T14:02:01+00:00,COMPLETED,0,0,
tfv1:000347,31685,208.in-addr.arpa,2026-08-21T14:02:03+00:00,2026-08-21T14:02:05+00:00,COMPLETED,0,0,
tfv1:000348,31703,chaosdorf.de,2026-08-21T14:02:06+00:00,2026-08-21T14:02:10+00:00,COMPLETED,50,0,
tfv1:000349,31771,compute-pipe.com,2026-08-21T14:02:12+00:00,2026-08-21T14:02:14+00:00,COMPLETED,0,0,
tfv1:000350,31860,enotes.com,2026-08-21T14:02:16+00:00,2026-08-21T14:02:17+00:00,COMPLETED,0,0,
tfv1:000351,31967,onlinetrade.ru,2026-08-21T14:23:58+00:00,2026-08-21T14:24:00+00:00,COMPLETED,0,0,
tfv1:000352,32011,joynetgame.com,2026-08-21T14:24:01+00:00,2026-08-21T14:24:03+00:00,COMPLETED,10,0,
tfv1:000353,32029,autoscout24.ch,2026-08-21T14:24:05+00:00,2026-08-21T14:24:07+00:00,COMPLETED,50,0,
tfv1:000354,32060,karwei.nl,2026-08-21T14:24:08+00:00,2026-08-21T14:24:09+00:00,COMPLETED,50,0,
tfv1:000355,32119,zooniverse.org,2026-08-21T14:24:11+00:00,2026-08-21T14:24:12+00:00,COMPLETED,50,0,
tfv1:000356,32157,opntxtdns.com,2026-08-21T14:24:13+00:00,2026-08-21T14:24:15+00:00,COMPLETED,0,0,
tfv1:000357,32237,techbang.com,2026-08-21T14:24:16+00:00,2026-08-21T14:24:18+00:00,COMPLETED,50,0,
tfv1:000358,32294,livedns.co.il,2026-08-21T14:24:19+00:00,2026-08-21T14:24:25+00:00,COMPLETED,50,0,
tfv1:000359,32299,revzilla.com,2026-08-21T14:24:26+00:00,2026-08-21T14:24:31+00:00,COMPLETED,50,0,
tfv1:000360,32472,ua5v.com,2026-08-21T14:24:32+00:00,2026-08-21T14:24:33+00:00,COMPLETED,0,0,
tfv1:000361,32542,kingston.ac.uk,2026-08-21T14:24:35+00:00,2026-08-21T14:24:36+00:00,COMPLETED,50,0,
tfv1:000362,32655,diariodarepublica.pt,2026-08-21T14:24:38+00:00,2026-08-21T14:24:39+00:00,COMPLETED,50,0,
tfv1:000363,32873,metrotimes.com,2026-08-21T14:24:41+00:00,2026-08-21T14:24:44+00:00,COMPLETED,0,0,
tfv1:000364,32916,tissotwatches.com,2026-08-21T14:24:45+00:00,2026-08-21T14:24:47+00:00,COMPLETED,50,0,
tfv1:000365,33013,tangled.org,2026-08-21T14:24:49+00:00,2026-08-21T14:24:50+00:00,COMPLETED,0,0,
tfv1:000366,33053,topsitenet.com,2026-08-21T14:24:51+00:00,2026-08-21T14:24:54+00:00,COMPLETED,0,0,
tfv1:000367,33179,ysagin.top,2026-08-21T14:24:56+00:00,2026-08-21T14:24:57+00:00,COMPLETED,0,0,
tfv1:000368,33220,webcasts.com,2026-08-21T14:24:59+00:00,2026-08-21T14:25:00+00:00,COMPLETED,1,0,
tfv1:000369,33284,mangalik.net,2026-08-21T14:25:01+00:00,2026-08-21T14:25:06+00:00,COMPLETED,0,0,
tfv1:000370,33450,weatherzone.com.au,2026-08-21T14:25:07+00:00,2026-08-21T14:25:12+00:00,COMPLETED,50,0,
tfv1:000371,33527,stantec.com,2026-08-21T14:25:14+00:00,2026-08-21T14:25:16+00:00,COMPLETED,50,0,
tfv1:000372,33701,thefastcdns.com,2026-08-21T14:25:18+00:00,2026-08-21T14:25:23+00:00,COMPLETED,0,0,
tfv1:000373,33724,planet-labs.com,2026-08-21T14:25:24+00:00,2026-08-21T14:25:26+00:00,COMPLETED,0,0,
tfv1:000374,33789,363.hk,2026-08-21T14:25:28+00:00,2026-08-21T14:25:29+00:00,COMPLETED,50,0,
tfv1:000375,33870,fnp.de,2026-08-21T14:25:31+00:00,2026-08-21T14:25:32+00:00,COMPLETED,11,0,
tfv1:000376,33898,isabel.be,2026-08-21T14:25:51+00:00,2026-08-21T14:25:52+00:00,COMPLETED,0,0,
tfv1:000377,33910,vishay.com,2026-08-21T14:25:53+00:00,2026-08-21T14:25:56+00:00,COMPLETED,50,0,
tfv1:000378,34197,topographic-map.com,2026-08-21T14:25:58+00:00,2026-08-21T14:25:59+00:00,COMPLETED,50,0,
tfv1:000379,34218,societe-des-avis-garantis.fr,2026-08-21T14:26:01+00:00,2026-08-21T14:26:03+00:00,COMPLETED,50,0,
tfv1:000380,34261,loverummyyono.com,2026-08-21T14:26:05+00:00,2026-08-21T14:26:06+00:00,COMPLETED,0,0,
tfv1:000381,34473,mnbvcxzq.com,2026-08-21T14:26:07+00:00,2026-08-21T14:26:08+00:00,COMPLETED,0,0,
tfv1:000382,34505,yarnflowgame.com,2026-08-21T14:26:10+00:00,2026-08-21T14:26:15+00:00,COMPLETED,0,0,
tfv1:000383,34808,wind.it,2026-08-21T14:26:17+00:00,2026-08-21T14:26:18+00:00,COMPLETED,50,0,
tfv1:000384,34837,kmail-lists.com,2026-08-21T14:26:20+00:00,2026-08-21T14:26:21+00:00,COMPLETED,50,0,
tfv1:000385,34845,securitm.ru,2026-08-21T14:26:23+00:00,2026-08-21T14:26:24+00:00,COMPLETED,50,0,
tfv1:000386,34847,cambly.com,2026-08-21T14:26:25+00:00,2026-08-21T14:26:27+00:00,COMPLETED,50,0,
tfv1:000387,34848,tiktok-row.org,2026-08-21T14:26:28+00:00,2026-08-21T14:26:30+00:00,COMPLETED,0,0,
tfv1:000388,34868,petrobras.com.br,2026-08-21T14:26:32+00:00,2026-08-21T14:26:35+00:00,COMPLETED,50,0,
tfv1:000389,34899,slotomania.com,2026-08-21T14:26:37+00:00,2026-08-21T14:26:42+00:00,COMPLETED,11,0,
tfv1:000390,34912,iiasa.ac.at,2026-08-21T14:26:43+00:00,2026-08-21T14:26:45+00:00,COMPLETED,50,0,
tfv1:000391,34929,cdt.org,2026-08-21T14:26:46+00:00,2026-08-21T14:26:49+00:00,COMPLETED,0,0,
tfv1:000392,35010,iot320.com,2026-08-21T14:26:50+00:00,2026-08-21T14:27:00+00:00,COMPLETED,0,0,
tfv1:000393,35071,lotlinx.com,2026-08-21T14:27:01+00:00,2026-08-21T14:27:05+00:00,COMPLETED,50,0,
tfv1:000394,35103,wordnik.com,2026-08-21T14:27:06+00:00,2026-08-21T14:27:09+00:00,COMPLETED,50,0,
tfv1:000395,35165,aidar.ru,2026-08-21T14:27:10+00:00,2026-08-21T14:27:12+00:00,COMPLETED,0,0,
tfv1:000396,35217,zonerisq.ca,2026-08-21T14:27:13+00:00,2026-08-21T14:27:15+00:00,COMPLETED,0,0,
tfv1:000397,35245,uworld.com,2026-08-21T14:27:17+00:00,2026-08-21T14:27:18+00:00,COMPLETED,50,0,
tfv1:000398,35485,tandem.co,2026-08-21T14:27:20+00:00,2026-08-21T14:27:22+00:00,COMPLETED,50,0,
tfv1:000399,35525,jehost.ru,2026-08-21T14:27:23+00:00,2026-08-21T14:27:25+00:00,COMPLETED,1,0,
tfv1:000400,35559,smartsurvey.co.uk,2026-08-21T14:27:27+00:00,2026-08-21T14:27:29+00:00,COMPLETED,50,0,
tfv1:000401,35587,reichelt.de,2026-08-21T14:27:41+00:00,2026-08-21T14:27:48+00:00,COMPLETED,0,0,
tfv1:000402,35823,riaa.com,2026-08-21T14:27:49+00:00,2026-08-21T14:27:51+00:00,COMPLETED,50,0,
tfv1:000403,35929,mise.gov.it,2026-08-21T14:27:52+00:00,2026-08-21T14:27:54+00:00,COMPLETED,50,0,
tfv1:000404,35939,domainnamexx.com,2026-08-21T14:27:56+00:00,2026-08-21T14:27:57+00:00,COMPLETED,0,0,
tfv1:000405,36114,unicredit.it,2026-08-21T14:27:58+00:00,2026-08-21T14:28:02+00:00,COMPLETED,50,0,
tfv1:000406,36149,tkor137.com,2026-08-21T14:28:04+00:00,2026-08-21T14:28:05+00:00,COMPLETED,0,0,
tfv1:000407,36176,project1service.com,2026-08-21T14:28:07+00:00,2026-08-21T14:28:11+00:00,COMPLETED,0,0,
tfv1:000408,36192,gii.me,2026-08-21T14:28:12+00:00,2026-08-21T14:28:21+00:00,COMPLETED,0,0,
tfv1:000409,36194,1233dns.com,2026-08-21T14:28:22+00:00,2026-08-21T14:28:24+00:00,COMPLETED,0,0,
tfv1:000410,36283,vtb24.ru,2026-08-21T14:28:25+00:00,2026-08-21T14:28:26+00:00,COMPLETED,0,0,
tfv1:000411,36291,skyairline.com,2026-08-21T14:28:28+00:00,2026-08-21T14:28:32+00:00,COMPLETED,0,0,
tfv1:000412,36372,kay.com,2026-08-21T14:28:33+00:00,2026-08-21T14:28:37+00:00,COMPLETED,50,0,
tfv1:000413,36387,awsdns-cn-63.biz,2026-08-21T14:28:39+00:00,2026-08-21T14:28:39+00:00,COMPLETED,0,0,
tfv1:000414,36462,fast.net.uk,2026-08-21T14:28:41+00:00,2026-08-21T14:28:42+00:00,COMPLETED,0,0,
tfv1:000415,36498,tcnetwork.com.cn,2026-08-21T14:28:44+00:00,2026-08-21T14:28:47+00:00,COMPLETED,36,0,
tfv1:000416,36613,easytier.cn,2026-08-21T14:28:48+00:00,2026-08-21T14:28:49+00:00,COMPLETED,16,0,
tfv1:000417,36633,propertyguru.com.sg,2026-08-21T14:28:51+00:00,2026-08-21T14:28:54+00:00,COMPLETED,50,0,
tfv1:000418,36635,servidoresdominios.com,2026-08-21T14:28:55+00:00,2026-08-21T14:28:58+00:00,COMPLETED,0,0,
tfv1:000419,36678,adengi.tech,2026-08-21T14:29:00+00:00,2026-08-21T14:29:07+00:00,COMPLETED,0,0,
tfv1:000420,36713,transportnsw.info,2026-08-21T14:29:09+00:00,2026-08-21T14:29:10+00:00,COMPLETED,50,0,
tfv1:000421,36765,kinepolis.lu,2026-08-21T14:29:12+00:00,2026-08-21T14:29:14+00:00,COMPLETED,0,0,
tfv1:000422,36942,nelnet.net,2026-08-21T14:29:16+00:00,2026-08-21T14:29:21+00:00,COMPLETED,50,0,
tfv1:000423,36983,b254.com,2026-08-21T14:29:23+00:00,2026-08-21T14:29:25+00:00,COMPLETED,50,0,
tfv1:000424,37021,shturval.link,2026-08-21T14:29:26+00:00,2026-08-21T14:29:29+00:00,COMPLETED,0,0,
tfv1:000425,37161,mytuner-radio.net,2026-08-21T14:29:31+00:00,2026-08-21T14:29:32+00:00,COMPLETED,0,0,
tfv1:000426,37189,inewsgr.com,2026-08-21T14:29:45+00:00,2026-08-21T14:29:46+00:00,COMPLETED,0,0,
tfv1:000427,37249,lgmi.com,2026-08-21T14:29:48+00:00,2026-08-21T14:29:49+00:00,COMPLETED,50,0,
tfv1:000428,37461,infoclimat.fr,2026-08-21T14:29:51+00:00,2026-08-21T14:29:54+00:00,COMPLETED,0,0,
tfv1:000429,37475,tstt.net.tt,2026-08-21T14:29:55+00:00,2026-08-21T14:29:57+00:00,COMPLETED,0,0,
tfv1:000430,37494,csi.it,2026-08-21T14:29:59+00:00,2026-08-21T14:30:20+00:00,FAILED,0,1,HTTP_504
tfv1:000431,37535,misecure.com,2026-08-21T14:30:21+00:00,2026-08-21T14:30:33+00:00,COMPLETED,0,1,
tfv1:000432,37555,vancleefarpels.com,2026-08-21T14:30:35+00:00,2026-08-21T14:30:39+00:00,COMPLETED,50,0,
tfv1:000433,37628,scansnap.com,2026-08-21T14:30:40+00:00,2026-08-21T14:30:50+00:00,COMPLETED,2,0,
tfv1:000434,37649,x5.sale,2026-08-21T14:30:53+00:00,2026-08-21T14:30:56+00:00,COMPLETED,0,0,
tfv1:000435,37652,wmcloud.org,2026-08-21T14:30:58+00:00,2026-08-21T14:31:11+00:00,COMPLETED,50,1,
tfv1:000436,37667,pdfforge.org,2026-08-21T14:31:13+00:00,2026-08-21T14:31:31+00:00,FAILED,0,1,HTTP_502
tfv1:000437,37697,datatilsynet.dk,2026-08-21T14:31:34+00:00,2026-08-21T14:31:35+00:00,COMPLETED,50,0,
tfv1:000438,37723,ravelin.click,2026-08-21T14:31:37+00:00,2026-08-21T14:31:39+00:00,COMPLETED,0,0,
tfv1:000439,37731,pusan.ac.kr,2026-08-21T14:31:40+00:00,2026-08-21T14:31:43+00:00,COMPLETED,50,0,
tfv1:000440,37760,sportico.com,2026-08-21T14:31:45+00:00,2026-08-21T14:31:48+00:00,COMPLETED,50,0,
tfv1:000441,37863,snitcher.com,2026-08-21T14:31:50+00:00,2026-08-21T14:31:52+00:00,COMPLETED,50,0,
tfv1:000442,37967,polyfill.io,2026-08-21T14:31:54+00:00,2026-08-21T14:31:55+00:00,COMPLETED,0,0,
tfv1:000443,38029,n2p.io,2026-08-21T14:31:57+00:00,2026-08-21T14:31:59+00:00,COMPLETED,1,0,
tfv1:000444,38078,czilladx.com,2026-08-21T14:32:00+00:00,2026-08-21T14:32:04+00:00,COMPLETED,0,0,
tfv1:000445,38090,bizcn.com,2026-08-21T14:32:06+00:00,2026-08-21T14:32:08+00:00,COMPLETED,50,0,
tfv1:000446,38167,maria-ra.ru,2026-08-21T14:32:10+00:00,2026-08-21T14:32:11+00:00,COMPLETED,50,0,
tfv1:000447,38174,masomogaming.com,2026-08-21T14:32:13+00:00,2026-08-21T14:32:23+00:00,COMPLETED,0,0,
tfv1:000448,38250,casinos4u.io,2026-08-21T14:32:25+00:00,2026-08-21T14:32:26+00:00,COMPLETED,24,0,
tfv1:000449,38266,nano.lv,2026-08-21T14:32:28+00:00,2026-08-21T14:32:31+00:00,COMPLETED,21,0,
tfv1:000450,38480,redlobster.com,2026-08-21T14:32:33+00:00,2026-08-21T14:32:34+00:00,COMPLETED,50,0,
tfv1:000451,38493,shopmyexchange.com,2026-08-21T14:42:59+00:00,2026-08-21T14:43:04+00:00,COMPLETED,50,0,
tfv1:000452,38563,historicenvironment.scot,2026-08-21T14:43:06+00:00,2026-08-21T14:43:08+00:00,COMPLETED,50,0,
tfv1:000453,38578,laas.fr,2026-08-21T14:43:10+00:00,2026-08-21T14:43:11+00:00,COMPLETED,50,0,
tfv1:000454,38600,meliadn.com,2026-08-21T14:43:13+00:00,2026-08-21T14:43:14+00:00,COMPLETED,0,0,
tfv1:000455,38712,ouc.edu.cn,2026-08-21T14:43:16+00:00,2026-08-21T14:43:18+00:00,COMPLETED,50,0,
tfv1:000456,38717,argaam.com,2026-08-21T14:43:19+00:00,2026-08-21T14:43:21+00:00,COMPLETED,50,0,
tfv1:000457,38828,plaindns.net,2026-08-21T14:43:23+00:00,2026-08-21T14:43:25+00:00,COMPLETED,0,0,
tfv1:000458,38953,leagueofcomicgeeks.com,2026-08-21T14:43:27+00:00,2026-08-21T14:43:30+00:00,COMPLETED,0,0,
tfv1:000459,38957,oetiker.ch,2026-08-21T14:43:32+00:00,2026-08-21T14:43:42+00:00,COMPLETED,50,0,
tfv1:000460,38978,yarnspirations.com,2026-08-21T14:43:44+00:00,2026-08-21T14:43:47+00:00,COMPLETED,50,0,
tfv1:000461,39005,mushroomtrack.com,2026-08-21T14:43:49+00:00,2026-08-21T14:43:51+00:00,COMPLETED,0,0,
tfv1:000462,39042,vio.com,2026-08-21T14:43:52+00:00,2026-08-21T14:43:54+00:00,COMPLETED,50,0,
tfv1:000463,39224,happyscribe.com,2026-08-21T14:43:55+00:00,2026-08-21T14:43:56+00:00,COMPLETED,0,0,
tfv1:000464,39401,minagricultura.gov.co,2026-08-21T14:43:58+00:00,2026-08-21T14:43:59+00:00,COMPLETED,50,0,
tfv1:000465,39440,vivozap.com.br,2026-08-21T14:44:01+00:00,2026-08-21T14:44:02+00:00,COMPLETED,0,0,
tfv1:000466,39496,twitchy.com,2026-08-21T14:44:03+00:00,2026-08-21T14:44:05+00:00,COMPLETED,50,0,
tfv1:000467,39589,hmd.com,2026-08-21T14:44:06+00:00,2026-08-21T14:44:08+00:00,COMPLETED,50,0,
tfv1:000468,39715,chinaunicom.com,2026-08-21T14:44:09+00:00,2026-08-21T14:44:10+00:00,COMPLETED,2,0,
tfv1:000469,39736,lambdatest.com,2026-08-21T14:44:12+00:00,2026-08-21T14:44:14+00:00,COMPLETED,35,0,
tfv1:000470,39800,procempa.com.br,2026-08-21T14:44:15+00:00,2026-08-21T14:44:18+00:00,COMPLETED,50,0,
tfv1:000471,39820,mybluepeak.net,2026-08-21T14:44:19+00:00,2026-08-21T14:44:32+00:00,COMPLETED,0,1,
tfv1:000472,39847,i4.cn,2026-08-21T14:44:33+00:00,2026-08-21T14:44:35+00:00,COMPLETED,50,0,
tfv1:000473,39915,replacements.com,2026-08-21T14:44:36+00:00,2026-08-21T14:44:39+00:00,COMPLETED,50,0,
tfv1:000474,39965,nvcc.edu,2026-08-21T14:44:41+00:00,2026-08-21T14:44:42+00:00,COMPLETED,50,0,
tfv1:000475,40035,mingle2.com,2026-08-21T14:44:44+00:00,2026-08-21T14:44:45+00:00,COMPLETED,50,0,
tfv1:000476,40072,onthenet.com.au,2026-08-21T14:45:00+00:00,2026-08-21T14:45:01+00:00,COMPLETED,48,0,
tfv1:000477,40109,daveramsey.com,2026-08-21T14:45:03+00:00,2026-08-21T14:45:06+00:00,COMPLETED,1,0,
tfv1:000478,40167,bluecatdns.com,2026-08-21T14:45:07+00:00,2026-08-21T14:45:08+00:00,COMPLETED,0,0,
tfv1:000479,40258,dnsstuff.com,2026-08-21T14:45:10+00:00,2026-08-21T14:45:12+00:00,COMPLETED,50,0,
tfv1:000480,40295,gabbcloud.com,2026-08-21T14:45:13+00:00,2026-08-21T14:45:16+00:00,COMPLETED,0,0,
tfv1:000481,40319,hoasted.nl,2026-08-21T14:45:18+00:00,2026-08-21T14:45:19+00:00,COMPLETED,0,0,
tfv1:000482,40445,naranjatec.com,2026-08-21T14:45:21+00:00,2026-08-21T14:45:22+00:00,COMPLETED,0,0,
tfv1:000483,40451,pressganey.com,2026-08-21T14:45:23+00:00,2026-08-21T14:45:25+00:00,COMPLETED,50,0,
tfv1:000484,40474,zmdcdn.me,2026-08-21T14:45:27+00:00,2026-08-21T14:45:28+00:00,COMPLETED,0,0,
tfv1:000485,40535,wcax.com,2026-08-21T14:45:29+00:00,2026-08-21T14:45:30+00:00,COMPLETED,0,0,
tfv1:000486,40607,hud.ac.uk,2026-08-21T14:45:32+00:00,2026-08-21T14:45:33+00:00,COMPLETED,50,0,
tfv1:000487,40631,nsta.org,2026-08-21T14:45:35+00:00,2026-08-21T14:45:39+00:00,COMPLETED,50,0,
tfv1:000488,40675,umblr.com,2026-08-21T14:45:41+00:00,2026-08-21T14:45:45+00:00,COMPLETED,50,0,
tfv1:000489,40823,vd.ch,2026-08-21T14:45:47+00:00,2026-08-21T14:45:49+00:00,COMPLETED,50,0,
tfv1:000490,40848,overframe.gg,2026-08-21T14:45:50+00:00,2026-08-21T14:45:54+00:00,COMPLETED,0,0,
tfv1:000491,40977,nccn.org,2026-08-21T14:45:55+00:00,2026-08-21T14:45:57+00:00,COMPLETED,50,0,
tfv1:000492,40997,bmndx.com,2026-08-21T14:45:59+00:00,2026-08-21T14:46:00+00:00,COMPLETED,0,0,
tfv1:000493,41011,restaurantji.com,2026-08-21T14:46:01+00:00,2026-08-21T14:46:03+00:00,COMPLETED,50,0,
tfv1:000494,41109,bchydro.com,2026-08-21T14:46:04+00:00,2026-08-21T14:46:05+00:00,COMPLETED,50,0,
tfv1:000495,41139,gowork.pl,2026-08-21T14:46:07+00:00,2026-08-21T14:46:13+00:00,COMPLETED,50,0,
tfv1:000496,41149,gpteng.co,2026-08-21T14:46:15+00:00,2026-08-21T14:46:16+00:00,COMPLETED,0,0,
tfv1:000497,41247,viibjsui.com,2026-08-21T14:46:17+00:00,2026-08-21T14:46:21+00:00,COMPLETED,0,0,
tfv1:000498,41260,fatherly.com,2026-08-21T14:46:22+00:00,2026-08-21T14:46:24+00:00,COMPLETED,50,0,
tfv1:000499,41547,theordinary.com,2026-08-21T14:46:25+00:00,2026-08-21T14:46:27+00:00,COMPLETED,50,0,
tfv1:000500,41759,minoximedx.com,2026-08-21T14:46:28+00:00,2026-08-21T14:46:32+00:00,COMPLETED,26,0,
tfv1:000501,41813,druknet.bt,2026-08-21T14:46:56+00:00,2026-08-21T14:46:57+00:00,COMPLETED,0,0,
tfv1:000502,41827,totvs.app,2026-08-21T14:46:59+00:00,2026-08-21T14:47:02+00:00,COMPLETED,50,0,
tfv1:000503,41828,vgchartz.com,2026-08-21T14:47:04+00:00,2026-08-21T14:47:06+00:00,COMPLETED,50,0,
tfv1:000504,41850,ontheissues.org,2026-08-21T14:47:08+00:00,2026-08-21T14:47:09+00:00,COMPLETED,50,0,
tfv1:000505,41895,boston25news.com,2026-08-21T14:47:11+00:00,2026-08-21T14:47:13+00:00,COMPLETED,50,0,
tfv1:000506,41997,livepositively.com,2026-08-21T14:47:15+00:00,2026-08-21T14:47:29+00:00,COMPLETED,50,1,
tfv1:000507,42017,zaonce.net,2026-08-21T14:47:31+00:00,2026-08-21T14:47:40+00:00,COMPLETED,21,1,
tfv1:000508,42022,amplifi.com,2026-08-21T14:47:42+00:00,2026-08-21T14:47:43+00:00,COMPLETED,7,0,
tfv1:000509,42344,inprnt.com,2026-08-21T14:47:44+00:00,2026-08-21T14:47:46+00:00,COMPLETED,0,0,
tfv1:000510,42400,tuttocitta.it,2026-08-21T14:47:47+00:00,2026-08-21T14:47:51+00:00,COMPLETED,50,0,
tfv1:000511,42718,ec-it.ir,2026-08-21T14:47:53+00:00,2026-08-21T14:47:54+00:00,COMPLETED,0,0,
tfv1:000512,42807,bontal.net,2026-08-21T14:47:56+00:00,2026-08-21T14:47:57+00:00,COMPLETED,8,0,
tfv1:000513,42955,shhqmx.com,2026-08-21T14:47:59+00:00,2026-08-21T14:48:00+00:00,COMPLETED,0,0,
tfv1:000514,43082,recochoku.jp,2026-08-21T14:48:02+00:00,2026-08-21T14:48:03+00:00,COMPLETED,50,0,
tfv1:000515,43119,kfzimg.com,2026-08-21T14:48:05+00:00,2026-08-21T14:48:07+00:00,COMPLETED,1,0,
tfv1:000516,43123,upcounsel.com,2026-08-21T14:48:09+00:00,2026-08-21T14:48:10+00:00,COMPLETED,50,0,
tfv1:000517,43154,tu-tu.ru,2026-08-21T14:48:12+00:00,2026-08-21T14:48:13+00:00,COMPLETED,0,0,
tfv1:000518,43235,ludokingapi.com,2026-08-21T14:48:15+00:00,2026-08-21T14:48:16+00:00,COMPLETED,0,0,
tfv1:000519,43271,wgrz.com,2026-08-21T14:48:18+00:00,2026-08-21T14:48:22+00:00,COMPLETED,9,0,
tfv1:000520,43272,hypovereinsbank.de,2026-08-21T14:48:24+00:00,2026-08-21T14:48:26+00:00,COMPLETED,50,0,
tfv1:000521,43282,znwyxswxzj.com,2026-08-21T14:48:28+00:00,2026-08-21T14:48:29+00:00,COMPLETED,0,0,
tfv1:000522,43385,mob-edu.ru,2026-08-21T14:48:31+00:00,2026-08-21T14:48:35+00:00,COMPLETED,39,0,
tfv1:000523,43393,mobilism.org,2026-08-21T14:48:37+00:00,2026-08-21T14:48:38+00:00,COMPLETED,0,0,
tfv1:000524,43501,discovercard.com,2026-08-21T14:48:40+00:00,2026-08-21T14:48:44+00:00,COMPLETED,12,0,
tfv1:000525,43517,tropicaltidbits.com,2026-08-21T14:48:45+00:00,2026-08-21T14:48:48+00:00,COMPLETED,50,0,
tfv1:000526,43696,informacion.es,2026-08-21T14:49:00+00:00,2026-08-21T14:49:02+00:00,COMPLETED,50,0,
tfv1:000527,43781,kbcard.com,2026-08-21T14:49:03+00:00,2026-08-21T14:49:05+00:00,COMPLETED,50,0,
tfv1:000528,43920,txdmv.gov,2026-08-21T14:49:06+00:00,2026-08-21T14:49:21+00:00,COMPLETED,50,0,
tfv1:000529,43945,comicland.org,2026-08-21T14:49:23+00:00,2026-08-21T14:49:24+00:00,COMPLETED,0,0,
tfv1:000530,44074,americanheart.org,2026-08-21T14:49:25+00:00,2026-08-21T14:49:27+00:00,COMPLETED,0,0,
tfv1:000531,44164,cost.eu,2026-08-21T14:49:28+00:00,2026-08-21T14:49:32+00:00,COMPLETED,50,0,
tfv1:000532,44262,duowan.com,2026-08-21T14:49:34+00:00,2026-08-21T14:49:35+00:00,COMPLETED,5,0,
tfv1:000533,44582,dnparking.com,2026-08-21T14:49:37+00:00,2026-08-21T14:49:38+00:00,COMPLETED,0,0,
tfv1:000534,44665,rnib.org.uk,2026-08-21T14:49:39+00:00,2026-08-21T14:49:41+00:00,COMPLETED,50,0,
tfv1:000535,44677,misitiohostgator.com,2026-08-21T14:49:43+00:00,2026-08-21T14:49:46+00:00,COMPLETED,0,0,
tfv1:000536,44758,cpanellogin.net,2026-08-21T14:49:48+00:00,2026-08-21T14:49:53+00:00,COMPLETED,0,0,
tfv1:000537,44808,iceporn.com,2026-08-21T14:49:55+00:00,2026-08-21T14:49:57+00:00,COMPLETED,50,0,
tfv1:000538,44809,modernluxury.com,2026-08-21T14:49:58+00:00,2026-08-21T14:50:01+00:00,COMPLETED,14,0,
tfv1:000539,44912,americangirl.com,2026-08-21T14:50:03+00:00,2026-08-21T14:50:04+00:00,COMPLETED,46,0,
tfv1:000540,45005,revistagq.com,2026-08-21T14:50:06+00:00,2026-08-21T14:50:08+00:00,COMPLETED,0,0,
tfv1:000541,45006,grin.com,2026-08-21T14:50:10+00:00,2026-08-21T14:50:11+00:00,COMPLETED,50,0,
tfv1:000542,45142,ai-db.science,2026-08-21T14:50:13+00:00,2026-08-21T14:50:17+00:00,COMPLETED,50,0,
tfv1:000543,45143,getkeepsafe.com,2026-08-21T14:50:18+00:00,2026-08-21T14:50:21+00:00,COMPLETED,22,0,
tfv1:000544,45147,panasia.cn,2026-08-21T14:50:22+00:00,2026-08-21T14:50:23+00:00,COMPLETED,23,0,
tfv1:000545,45191,ahml.ru,2026-08-21T14:50:25+00:00,2026-08-21T14:50:45+00:00,FAILED,0,1,HTTP_504
tfv1:000546,45235,shopee.cn,2026-08-21T14:50:47+00:00,2026-08-21T14:50:49+00:00,COMPLETED,35,0,
tfv1:000547,45273,nekomi.cn,2026-08-21T14:50:51+00:00,2026-08-21T14:51:00+00:00,COMPLETED,0,1,
tfv1:000548,45288,veolia.com,2026-08-21T14:51:02+00:00,2026-08-21T14:51:11+00:00,COMPLETED,50,0,
tfv1:000549,45323,courtreserve.com,2026-08-21T14:51:13+00:00,2026-08-21T14:51:16+00:00,COMPLETED,50,0,
tfv1:000550,45340,cdn4ads.com,2026-08-21T14:51:18+00:00,2026-08-21T14:51:21+00:00,COMPLETED,2,0,
tfv1:000551,45344,quickplay.com,2026-08-21T14:51:36+00:00,2026-08-21T14:51:37+00:00,COMPLETED,14,0,
tfv1:000552,45349,atrl.net,2026-08-21T14:51:38+00:00,2026-08-21T14:51:44+00:00,COMPLETED,50,0,
tfv1:000553,45352,jirenjituan.com,2026-08-21T14:51:45+00:00,2026-08-21T14:51:48+00:00,COMPLETED,0,0,
tfv1:000554,45400,superherohype.com,2026-08-21T14:51:50+00:00,2026-08-21T14:51:52+00:00,COMPLETED,50,0,
tfv1:000555,45428,centraldasapostas.net,2026-08-21T14:51:54+00:00,2026-08-21T14:51:55+00:00,COMPLETED,0,0,
tfv1:000556,45534,mycomicshop.com,2026-08-21T14:51:57+00:00,2026-08-21T14:51:59+00:00,COMPLETED,50,0,
tfv1:000557,45561,vml.com,2026-08-21T14:52:01+00:00,2026-08-21T14:52:02+00:00,COMPLETED,0,0,
tfv1:000558,45601,segodnya.ua,2026-08-21T14:52:04+00:00,2026-08-21T14:52:06+00:00,COMPLETED,0,0,
tfv1:000559,45714,funeral-nsk.ru,2026-08-21T14:52:07+00:00,2026-08-21T14:52:10+00:00,COMPLETED,5,0,
tfv1:000560,45742,peerspace.com,2026-08-21T14:52:12+00:00,2026-08-21T14:52:22+00:00,COMPLETED,50,1,
tfv1:000561,45756,md-hq.com,2026-08-21T14:52:24+00:00,2026-08-21T14:52:25+00:00,COMPLETED,21,0,
tfv1:000562,45792,aecf.org,2026-08-21T14:52:27+00:00,2026-08-21T14:52:29+00:00,COMPLETED,2,0,
tfv1:000563,45906,systembolaget.se,2026-08-21T14:52:31+00:00,2026-08-21T14:52:33+00:00,COMPLETED,50,0,
tfv1:000564,45910,elliot.ai,2026-08-21T14:52:34+00:00,2026-08-21T14:52:36+00:00,COMPLETED,0,0,
tfv1:000565,46032,teinon.net,2026-08-21T14:52:37+00:00,2026-08-21T14:52:38+00:00,COMPLETED,0,0,
tfv1:000566,46067,btselem.org,2026-08-21T14:52:40+00:00,2026-08-21T14:52:41+00:00,COMPLETED,0,0,
tfv1:000567,46155,adult-chess.com,2026-08-21T14:52:43+00:00,2026-08-21T14:52:47+00:00,COMPLETED,0,0,
tfv1:000568,46179,hoeffner.de,2026-08-21T14:52:49+00:00,2026-08-21T14:52:54+00:00,COMPLETED,50,0,
tfv1:000569,46211,de-en-es.com,2026-08-21T14:52:56+00:00,2026-08-21T14:52:57+00:00,COMPLETED,0,0,
tfv1:000570,46257,indebuurt.nl,2026-08-21T14:52:59+00:00,2026-08-21T14:53:00+00:00,COMPLETED,0,0,
tfv1:000571,46302,peppaquiz.com,2026-08-21T14:53:01+00:00,2026-08-21T14:53:04+00:00,COMPLETED,0,0,
tfv1:000572,46334,getbring.com,2026-08-21T14:53:05+00:00,2026-08-21T14:53:10+00:00,COMPLETED,50,0,
tfv1:000573,46347,voovmeeting.com,2026-08-21T14:53:12+00:00,2026-08-21T14:53:13+00:00,COMPLETED,6,0,
tfv1:000574,46423,multigamezone.com,2026-08-21T14:53:15+00:00,2026-08-21T14:53:19+00:00,COMPLETED,0,0,
tfv1:000575,46501,republic.com,2026-08-21T14:53:21+00:00,2026-08-21T14:53:35+00:00,COMPLETED,25,1,
tfv1:000576,46531,netbreeze.net,2026-08-21T14:53:50+00:00,2026-08-21T14:53:51+00:00,COMPLETED,25,0,
tfv1:000577,46630,sis001.com,2026-08-21T14:53:53+00:00,2026-08-21T14:53:58+00:00,COMPLETED,0,0,
tfv1:000578,46693,napps-3.com,2026-08-21T14:54:00+00:00,2026-08-21T14:54:01+00:00,COMPLETED,0,0,
tfv1:000579,46760,yomi.mobi,2026-08-21T14:54:02+00:00,2026-08-21T14:54:07+00:00,COMPLETED,50,0,
tfv1:000580,46782,shanghaidisneyresort.com,2026-08-21T14:54:09+00:00,2026-08-21T14:54:12+00:00,COMPLETED,50,0,
tfv1:000581,46790,akulaku.com,2026-08-21T14:54:14+00:00,2026-08-21T14:54:20+00:00,COMPLETED,50,0,
tfv1:000582,46897,techmahindra.com,2026-08-21T14:54:22+00:00,2026-08-21T14:54:23+00:00,COMPLETED,50,0,
tfv1:000583,46988,shopmicas.com,2026-08-21T14:54:25+00:00,2026-08-21T14:54:28+00:00,COMPLETED,2,0,
tfv1:000584,47043,polarchefs.com,2026-08-21T14:54:30+00:00,2026-08-21T14:54:31+00:00,COMPLETED,4,0,
tfv1:000585,47171,directideleteddomain.info,2026-08-21T14:54:33+00:00,2026-08-21T14:54:34+00:00,COMPLETED,0,0,
tfv1:000586,47183,calabriocloud.com,2026-08-21T14:54:36+00:00,2026-08-21T14:54:38+00:00,COMPLETED,3,0,
tfv1:000587,47297,lakeland.co.uk,2026-08-21T14:54:40+00:00,2026-08-21T14:54:41+00:00,COMPLETED,6,0,
tfv1:000588,47335,bingviz.com,2026-08-21T14:54:43+00:00,2026-08-21T14:54:44+00:00,COMPLETED,0,0,
tfv1:000589,47424,pinpoll.com,2026-08-21T14:54:46+00:00,2026-08-21T14:54:47+00:00,COMPLETED,40,0,
tfv1:000590,47728,marvelvsdc.faith,2026-08-21T14:54:49+00:00,2026-08-21T14:54:50+00:00,COMPLETED,0,0,
tfv1:000591,47729,dongqiudi.com,2026-08-21T14:54:52+00:00,2026-08-21T14:54:53+00:00,COMPLETED,2,0,
tfv1:000592,47763,ufyct.com,2026-08-21T14:54:55+00:00,2026-08-21T14:54:56+00:00,COMPLETED,0,0,
tfv1:000593,47788,wongcw.com,2026-08-21T14:54:58+00:00,2026-08-21T14:55:01+00:00,COMPLETED,50,0,
tfv1:000594,47838,ndl.gov.in,2026-08-21T14:55:03+00:00,2026-08-21T14:55:05+00:00,COMPLETED,50,0,
tfv1:000595,47941,lytest.tk,2026-08-21T14:55:07+00:00,2026-08-21T14:55:10+00:00,COMPLETED,0,0,
tfv1:000596,47958,4travel.jp,2026-08-21T14:55:12+00:00,2026-08-21T14:55:15+00:00,COMPLETED,50,0,
tfv1:000597,48010,22xploitercrew.com,2026-08-21T14:55:17+00:00,2026-08-21T14:55:18+00:00,COMPLETED,0,0,
tfv1:000598,48050,netban.cn,2026-08-21T14:55:20+00:00,2026-08-21T14:55:27+00:00,COMPLETED,3,0,
tfv1:000599,48176,zooplus.es,2026-08-21T14:55:28+00:00,2026-08-21T14:55:47+00:00,COMPLETED,50,1,
tfv1:000600,48243,intakeq.com,2026-08-21T14:55:49+00:00,2026-08-21T14:55:51+00:00,COMPLETED,50,0,
tfv1:000601,48252,bfh.ch,2026-08-21T14:56:06+00:00,2026-08-21T14:56:09+00:00,COMPLETED,50,0,
tfv1:000602,48279,lyricfind.com,2026-08-21T14:56:11+00:00,2026-08-21T14:56:12+00:00,COMPLETED,14,0,
tfv1:000603,48285,veriff.me,2026-08-21T14:56:14+00:00,2026-08-21T14:56:15+00:00,COMPLETED,0,0,
tfv1:000604,48312,turboquestz.com,2026-08-21T14:56:16+00:00,2026-08-21T14:56:19+00:00,COMPLETED,0,0,
tfv1:000605,48556,hallmarkchannel.com,2026-08-21T14:56:21+00:00,2026-08-21T14:56:25+00:00,COMPLETED,50,0,
tfv1:000606,48565,multimango.com,2026-08-21T14:56:27+00:00,2026-08-21T14:56:31+00:00,COMPLETED,0,0,
tfv1:000607,48619,car2go.com,2026-08-21T14:56:33+00:00,2026-08-21T14:56:35+00:00,COMPLETED,0,0,
tfv1:000608,48699,plex.com,2026-08-21T14:56:37+00:00,2026-08-21T14:56:41+00:00,COMPLETED,24,0,
tfv1:000609,48791,pagaleve.com.br,2026-08-21T14:56:43+00:00,2026-08-21T14:56:44+00:00,COMPLETED,36,0,
tfv1:000610,48963,makmur76.top,2026-08-21T14:56:46+00:00,2026-08-21T14:56:52+00:00,COMPLETED,0,0,
tfv1:000611,48997,kinoteatr.ru,2026-08-21T14:56:54+00:00,2026-08-21T14:56:59+00:00,COMPLETED,50,0,
tfv1:000612,49024,brusnika.ltd,2026-08-21T14:57:00+00:00,2026-08-21T14:57:03+00:00,COMPLETED,0,0,
tfv1:000613,49053,netalerts.io,2026-08-21T14:57:04+00:00,2026-08-21T14:57:13+00:00,COMPLETED,0,1,
tfv1:000614,49087,lesscss.org,2026-08-21T14:57:15+00:00,2026-08-21T14:57:17+00:00,COMPLETED,2,0,
tfv1:000615,49097,pathologyoutlines.com,2026-08-21T14:57:19+00:00,2026-08-21T14:57:20+00:00,COMPLETED,1,0,
tfv1:000616,49253,odbm.org,2026-08-21T14:57:21+00:00,2026-08-21T14:57:25+00:00,COMPLETED,50,0,
tfv1:000617,49454,nzb.life,2026-08-21T14:57:27+00:00,2026-08-21T14:57:30+00:00,COMPLETED,0,0,
tfv1:000618,49535,playdigo.live,2026-08-21T14:57:32+00:00,2026-08-21T14:57:33+00:00,COMPLETED,0,0,
tfv1:000619,49566,hnu.edu.cn,2026-08-21T14:57:35+00:00,2026-08-21T14:57:36+00:00,COMPLETED,50,0,
tfv1:000620,49639,gagadget.com,2026-08-21T14:57:38+00:00,2026-08-21T14:57:40+00:00,COMPLETED,50,0,
tfv1:000621,49729,businessdictionary.com,2026-08-21T14:57:42+00:00,2026-08-21T14:57:43+00:00,COMPLETED,0,0,
tfv1:000622,49754,eon.de,2026-08-21T14:57:44+00:00,2026-08-21T14:57:46+00:00,COMPLETED,7,0,
tfv1:000623,49759,animetosho.org,2026-08-21T14:57:48+00:00,2026-08-21T14:57:52+00:00,COMPLETED,50,0,
tfv1:000624,49910,synapse.ne.jp,2026-08-21T14:57:53+00:00,2026-08-21T14:57:56+00:00,COMPLETED,50,0,
tfv1:000625,49921,go.yandex,2026-08-21T14:57:58+00:00,2026-08-21T14:57:59+00:00,COMPLETED,50,0,
tfv1:000626,50076,w3line.fr,2026-08-21T15:14:13+00:00,2026-08-21T15:14:15+00:00,COMPLETED,4,0,
tfv1:000627,50169,ipcam.so,2026-08-21T15:14:17+00:00,2026-08-21T15:14:19+00:00,COMPLETED,0,0,
tfv1:000628,50176,escapadarural.com,2026-08-21T15:14:21+00:00,2026-08-21T15:14:23+00:00,COMPLETED,50,0,
tfv1:000629,50531,activablog.com,2026-08-21T15:14:25+00:00,2026-08-21T15:14:26+00:00,COMPLETED,0,0,
tfv1:000630,50616,mmsrg.com,2026-08-21T15:14:28+00:00,2026-08-21T15:14:30+00:00,COMPLETED,0,0,
tfv1:000631,50666,tgrthaber.com,2026-08-21T15:14:32+00:00,2026-08-21T15:14:33+00:00,COMPLETED,0,0,
tfv1:000632,50804,majestic-rp.ru,2026-08-21T15:14:35+00:00,2026-08-21T15:14:36+00:00,COMPLETED,2,0,
tfv1:000633,50830,serveftp.com,2026-08-21T15:14:38+00:00,2026-08-21T15:14:44+00:00,COMPLETED,13,0,
tfv1:000634,50897,aeon.jp,2026-08-21T15:14:45+00:00,2026-08-21T15:14:47+00:00,COMPLETED,50,0,
tfv1:000635,50928,nacional.hr,2026-08-21T15:14:49+00:00,2026-08-21T15:14:50+00:00,COMPLETED,0,0,
tfv1:000636,51006,kenyans.co.ke,2026-08-21T15:14:52+00:00,2026-08-21T15:14:53+00:00,COMPLETED,0,0,
tfv1:000637,51131,uvigo.gal,2026-08-21T15:14:55+00:00,2026-08-21T15:14:56+00:00,COMPLETED,50,0,
tfv1:000638,51336,wyndhamdestinations.com,2026-08-21T15:14:58+00:00,2026-08-21T15:14:59+00:00,COMPLETED,50,0,
tfv1:000639,51360,efset.org,2026-08-21T15:15:01+00:00,2026-08-21T15:15:02+00:00,COMPLETED,50,0,
tfv1:000640,51438,vitalchek.com,2026-08-21T15:15:04+00:00,2026-08-21T15:15:05+00:00,COMPLETED,50,0,
tfv1:000641,51683,vibescm.com,2026-08-21T15:15:07+00:00,2026-08-21T15:15:08+00:00,COMPLETED,5,0,
tfv1:000642,51696,delta.nl,2026-08-21T15:15:10+00:00,2026-08-21T15:15:12+00:00,COMPLETED,4,0,
tfv1:000643,51881,riteaid.com,2026-08-21T15:15:13+00:00,2026-08-21T15:15:15+00:00,COMPLETED,50,0,
tfv1:000644,51892,opendatausa.com,2026-08-21T15:15:17+00:00,2026-08-21T15:15:18+00:00,COMPLETED,0,0,
tfv1:000645,51898,pydantic.dev,2026-08-21T15:15:19+00:00,2026-08-21T15:15:21+00:00,COMPLETED,50,0,
tfv1:000646,52034,joingy.com,2026-08-21T15:15:22+00:00,2026-08-21T15:15:23+00:00,COMPLETED,0,0,
tfv1:000647,52140,taraabar.net,2026-08-21T15:15:25+00:00,2026-08-21T15:15:29+00:00,COMPLETED,50,0,
tfv1:000648,52187,flowingdata.com,2026-08-21T15:15:32+00:00,2026-08-21T15:15:33+00:00,COMPLETED,11,0,
tfv1:000649,52353,alc.ca,2026-08-21T15:15:35+00:00,2026-08-21T15:15:39+00:00,COMPLETED,50,0,
tfv1:000650,52405,papamurphys.com,2026-08-21T15:15:41+00:00,2026-08-21T15:15:45+00:00,COMPLETED,50,0,
tfv1:000651,52427,obama.org,2026-08-21T15:16:44+00:00,2026-08-21T15:16:47+00:00,COMPLETED,50,0,
tfv1:000652,52584,navitime.jp,2026-08-21T15:16:49+00:00,2026-08-21T15:16:55+00:00,COMPLETED,4,0,
tfv1:000653,52613,paymentech.net,2026-08-21T15:16:57+00:00,2026-08-21T15:16:59+00:00,COMPLETED,0,0,
tfv1:000654,52637,maregionsud.fr,2026-08-21T15:17:01+00:00,2026-08-21T15:17:05+00:00,COMPLETED,50,0,
tfv1:000655,52639,showup.tv,2026-08-21T15:17:07+00:00,2026-08-21T15:17:09+00:00,COMPLETED,0,0,
tfv1:000656,52692,merrjep.al,2026-08-21T15:17:10+00:00,2026-08-21T15:17:12+00:00,COMPLETED,0,0,
tfv1:000657,52861,tobb.org.tr,2026-08-21T15:17:14+00:00,2026-08-21T15:17:15+00:00,COMPLETED,50,0,
tfv1:000658,52983,hongkongdisneyland.com,2026-08-21T15:17:17+00:00,2026-08-21T15:17:21+00:00,COMPLETED,50,0,
tfv1:000659,53015,zybang.com,2026-08-21T15:17:23+00:00,2026-08-21T15:17:25+00:00,COMPLETED,1,0,
tfv1:000660,53215,fashionclyp.com,2026-08-21T15:17:27+00:00,2026-08-21T15:17:28+00:00,COMPLETED,0,0,
tfv1:000661,53368,france2.fr,2026-08-21T15:17:30+00:00,2026-08-21T15:17:31+00:00,COMPLETED,0,0,
tfv1:000662,53383,una.ac.cr,2026-08-21T15:17:33+00:00,2026-08-21T15:17:35+00:00,COMPLETED,50,0,
tfv1:000663,53414,b2match.com,2026-08-21T15:17:37+00:00,2026-08-21T15:17:38+00:00,COMPLETED,50,0,
tfv1:000664,53514,chipy.com,2026-08-21T15:17:40+00:00,2026-08-21T15:17:42+00:00,COMPLETED,0,0,
tfv1:000665,53553,webicom.si,2026-08-21T15:17:44+00:00,2026-08-21T15:17:45+00:00,COMPLETED,1,0,
tfv1:000666,53574,spintheblog.com,2026-08-21T15:17:47+00:00,2026-08-21T15:17:48+00:00,COMPLETED,0,0,
tfv1:000667,53678,dtlr.com,2026-08-21T15:17:50+00:00,2026-08-21T15:17:54+00:00,COMPLETED,50,0,
tfv1:000668,53909,sokolov.ru,2026-08-21T15:17:56+00:00,2026-08-21T15:18:05+00:00,COMPLETED,0,0,
tfv1:000669,53948,havells.com,2026-08-21T15:18:07+00:00,2026-08-21T15:18:09+00:00,COMPLETED,50,0,
tfv1:000670,54283,drmtoday.com,2026-08-21T15:18:11+00:00,2026-08-21T15:18:20+00:00,COMPLETED,1,1,
tfv1:000671,54485,tiiny.site,2026-08-21T15:18:22+00:00,2026-08-21T15:18:26+00:00,COMPLETED,12,0,
tfv1:000672,54497,lululemon.com.au,2026-08-21T15:18:28+00:00,2026-08-21T15:18:33+00:00,COMPLETED,0,0,
tfv1:000673,54520,b-orie.com.cn,2026-08-21T15:18:35+00:00,2026-08-21T15:18:36+00:00,COMPLETED,3,0,
tfv1:000674,54576,zhschip.com,2026-08-21T15:18:38+00:00,2026-08-21T15:18:43+00:00,COMPLETED,50,0,
tfv1:000675,54665,v-bets.win,2026-08-21T15:18:45+00:00,2026-08-21T15:18:48+00:00,COMPLETED,0,0,
tfv1:000676,54680,csustan.edu,2026-08-21T15:18:53+00:00,2026-08-21T15:18:58+00:00,COMPLETED,50,0,
tfv1:000677,54841,pixelmuose.com,2026-08-21T15:19:00+00:00,2026-08-21T15:19:01+00:00,COMPLETED,0,0,
tfv1:000678,54856,spankingtube.com,2026-08-21T15:19:03+00:00,2026-08-21T15:19:04+00:00,COMPLETED,0,0,
tfv1:000679,54904,imobiliare.ro,2026-08-21T15:19:06+00:00,2026-08-21T15:19:07+00:00,COMPLETED,50,0,
tfv1:000680,54920,initvv.com,2026-08-21T15:19:09+00:00,2026-08-21T15:19:16+00:00,COMPLETED,0,0,
tfv1:000681,54981,ttzgame.com,2026-08-21T15:19:18+00:00,2026-08-21T15:19:21+00:00,COMPLETED,0,0,
tfv1:000682,55176,spinics.net,2026-08-21T15:19:23+00:00,2026-08-21T15:19:25+00:00,COMPLETED,0,0,
tfv1:000683,55264,pom.go.id,2026-08-21T15:19:27+00:00,2026-08-21T15:19:29+00:00,COMPLETED,50,0,
tfv1:000684,55272,chipdocs.com,2026-08-21T15:19:31+00:00,2026-08-21T15:19:34+00:00,COMPLETED,50,0,
tfv1:000685,55321,telecominfraproject.com,2026-08-21T15:19:36+00:00,2026-08-21T15:19:38+00:00,COMPLETED,50,0,
tfv1:000686,55583,science.gov,2026-08-21T15:19:40+00:00,2026-08-21T15:19:45+00:00,COMPLETED,38,0,
tfv1:000687,55611,batteriesplus.com,2026-08-21T15:19:46+00:00,2026-08-21T15:19:49+00:00,COMPLETED,0,0,
tfv1:000688,55680,picodi.com,2026-08-21T15:19:50+00:00,2026-08-21T15:19:53+00:00,COMPLETED,50,0,
tfv1:000689,55772,snap.net.nz,2026-08-21T15:19:54+00:00,2026-08-21T15:19:56+00:00,COMPLETED,0,0,
tfv1:000690,55924,ultranova12.com,2026-08-21T15:19:57+00:00,2026-08-21T15:19:59+00:00,COMPLETED,0,0,
tfv1:000691,55980,recruitingbypaycor.com,2026-08-21T15:20:01+00:00,2026-08-21T15:20:02+00:00,COMPLETED,0,0,
tfv1:000692,55986,ticketsports.com.br,2026-08-21T15:20:04+00:00,2026-08-21T15:20:07+00:00,COMPLETED,50,0,
tfv1:000693,56099,nsn.fm,2026-08-21T15:20:09+00:00,2026-08-21T15:20:10+00:00,COMPLETED,50,0,
tfv1:000694,56109,nobodyschild.com,2026-08-21T15:20:12+00:00,2026-08-21T15:20:13+00:00,COMPLETED,2,0,
tfv1:000695,56368,tryhelium.com,2026-08-21T15:20:15+00:00,2026-08-21T15:20:16+00:00,COMPLETED,9,0,
tfv1:000696,56452,starrezhousing.com,2026-08-21T15:20:18+00:00,2026-08-21T15:20:20+00:00,COMPLETED,50,0,
tfv1:000697,56504,stillfront.com,2026-08-21T15:20:21+00:00,2026-08-21T15:20:23+00:00,COMPLETED,0,0,
tfv1:000698,56535,iris.tv,2026-08-21T15:20:25+00:00,2026-08-21T15:20:27+00:00,COMPLETED,50,0,
tfv1:000699,56578,core-vps.lv,2026-08-21T15:20:28+00:00,2026-08-21T15:20:30+00:00,COMPLETED,7,0,
tfv1:000700,56587,tmh.energy,2026-08-21T15:20:32+00:00,2026-08-21T15:20:33+00:00,COMPLETED,0,0,
tfv1:000701,56589,viooh.com,2026-08-21T15:20:38+00:00,2026-08-21T15:20:39+00:00,COMPLETED,50,0,
tfv1:000702,56679,ctmers.io,2026-08-21T15:20:41+00:00,2026-08-21T15:20:42+00:00,COMPLETED,0,0,
tfv1:000703,56724,materialise.com,2026-08-21T15:20:44+00:00,2026-08-21T15:20:46+00:00,COMPLETED,50,0,
tfv1:000704,56856,4p.de,2026-08-21T15:20:48+00:00,2026-08-21T15:20:49+00:00,COMPLETED,0,0,
tfv1:000705,56917,news.bg,2026-08-21T15:20:51+00:00,2026-08-21T15:20:55+00:00,COMPLETED,50,0,
tfv1:000706,56990,machinetools.com,2026-08-21T15:20:57+00:00,2026-08-21T15:20:58+00:00,COMPLETED,0,0,
tfv1:000707,57085,gmx.fr,2026-08-21T15:21:00+00:00,2026-08-21T15:21:02+00:00,COMPLETED,50,0,
tfv1:000708,57436,shareai.pro,2026-08-21T15:21:04+00:00,2026-08-21T15:21:05+00:00,COMPLETED,0,0,
tfv1:000709,57477,jellyneo.net,2026-08-21T15:21:07+00:00,2026-08-21T15:21:08+00:00,COMPLETED,50,0,
tfv1:000710,57497,bo3.gg,2026-08-21T15:21:10+00:00,2026-08-21T15:21:13+00:00,COMPLETED,50,0,
tfv1:000711,57507,mdlottery.com,2026-08-21T15:21:15+00:00,2026-08-21T15:21:29+00:00,COMPLETED,50,1,
tfv1:000712,57522,gentaur.com,2026-08-21T15:21:32+00:00,2026-08-21T15:21:34+00:00,COMPLETED,50,0,
tfv1:000713,57598,i-web.kr,2026-08-21T15:21:36+00:00,2026-08-21T15:21:38+00:00,COMPLETED,50,0,
tfv1:000714,57699,travala.com,2026-08-21T15:21:40+00:00,2026-08-21T15:21:41+00:00,COMPLETED,50,0,
tfv1:000715,57763,moshix2.net,2026-08-21T15:21:43+00:00,2026-08-21T15:21:45+00:00,COMPLETED,0,0,
tfv1:000716,57836,ashp.org,2026-08-21T15:21:47+00:00,2026-08-21T15:21:49+00:00,COMPLETED,50,0,
tfv1:000717,57908,intellectualreserveinc.org,2026-08-21T15:21:51+00:00,2026-08-21T15:21:54+00:00,COMPLETED,0,0,
tfv1:000718,57934,top-channel.tv,2026-08-21T15:21:56+00:00,2026-08-21T15:22:21+00:00,FAILED,0,1,HTTP_504
tfv1:000719,57958,leiphone.com,2026-08-21T15:22:23+00:00,2026-08-21T15:22:25+00:00,COMPLETED,50,0,
tfv1:000720,58150,revelup.com,2026-08-21T15:22:28+00:00,2026-08-21T15:22:32+00:00,COMPLETED,0,0,
tfv1:000721,58273,justone.ai,2026-08-21T15:22:34+00:00,2026-08-21T15:22:35+00:00,COMPLETED,0,0,
tfv1:000722,58274,swamp.net.au,2026-08-21T15:22:37+00:00,2026-08-21T15:22:38+00:00,COMPLETED,0,0,
tfv1:000723,58276,football365.fr,2026-08-21T15:22:40+00:00,2026-08-21T15:22:42+00:00,COMPLETED,50,0,
tfv1:000724,58296,kingtto.cn,2026-08-21T15:22:44+00:00,2026-08-21T15:22:58+00:00,COMPLETED,7,1,
tfv1:000725,58587,nextgen.com,2026-08-21T15:23:00+00:00,2026-08-21T15:23:03+00:00,COMPLETED,50,0,
tfv1:000726,58947,wbrc.com,2026-08-21T15:23:08+00:00,2026-08-21T15:23:14+00:00,COMPLETED,0,0,
tfv1:000727,58964,mastercard.de,2026-08-21T15:23:16+00:00,2026-08-21T15:23:19+00:00,COMPLETED,4,0,
tfv1:000728,59322,archeofuturae.com,2026-08-21T15:23:21+00:00,2026-08-21T15:23:35+00:00,COMPLETED,0,1,
tfv1:000729,59380,defencesecurityasia.com,2026-08-21T15:23:37+00:00,2026-08-21T15:23:39+00:00,COMPLETED,50,0,
tfv1:000730,59448,brsgolf.com,2026-08-21T15:23:41+00:00,2026-08-21T15:23:50+00:00,COMPLETED,2,1,
tfv1:000731,59480,entradium.com,2026-08-21T15:23:52+00:00,2026-08-21T15:23:53+00:00,COMPLETED,0,0,
tfv1:000732,59541,transas.com,2026-08-21T15:23:55+00:00,2026-08-21T15:23:57+00:00,COMPLETED,1,0,
tfv1:000733,59739,bboy1.com,2026-08-21T15:23:58+00:00,2026-08-21T15:24:00+00:00,COMPLETED,0,0,
tfv1:000734,59765,alisweb.org,2026-08-21T15:24:02+00:00,2026-08-21T15:24:03+00:00,COMPLETED,0,0,
tfv1:000735,59778,directauto.com,2026-08-21T15:24:05+00:00,2026-08-21T15:24:06+00:00,COMPLETED,50,0,
tfv1:000736,59944,cpost.cz,2026-08-21T15:24:08+00:00,2026-08-21T15:24:09+00:00,COMPLETED,1,0,
tfv1:000737,59969,apprenticeshipindia.gov.in,2026-08-21T15:24:11+00:00,2026-08-21T15:24:12+00:00,COMPLETED,0,0,
tfv1:000738,59987,springfarma.com,2026-08-21T15:24:14+00:00,2026-08-21T15:24:16+00:00,COMPLETED,5,0,
tfv1:000739,60027,holdemmanager.com,2026-08-21T15:24:18+00:00,2026-08-21T15:24:19+00:00,COMPLETED,50,0,
tfv1:000740,60091,leonbetcasino.org,2026-08-21T15:24:21+00:00,2026-08-21T15:24:23+00:00,COMPLETED,26,0,
tfv1:000741,60117,piapro.jp,2026-08-21T15:24:25+00:00,2026-08-21T15:24:28+00:00,COMPLETED,50,0,
tfv1:000742,60259,verifymywhois.com,2026-08-21T15:24:30+00:00,2026-08-21T15:24:33+00:00,COMPLETED,50,0,
tfv1:000743,60293,drimble.nl,2026-08-21T15:24:35+00:00,2026-08-21T15:24:36+00:00,COMPLETED,0,0,
tfv1:000744,60354,cai-media-management.com,2026-08-21T15:24:38+00:00,2026-08-21T15:24:39+00:00,COMPLETED,0,0,
tfv1:000745,60380,maxpreps.io,2026-08-21T15:24:41+00:00,2026-08-21T15:24:42+00:00,COMPLETED,0,0,
tfv1:000746,60540,garena.tw,2026-08-21T15:24:45+00:00,2026-08-21T15:24:46+00:00,COMPLETED,50,0,
tfv1:000747,60733,dihk.de,2026-08-21T15:24:48+00:00,2026-08-21T15:24:50+00:00,COMPLETED,50,0,
tfv1:000748,60874,laovm1sz5.com,2026-08-21T15:24:52+00:00,2026-08-21T15:24:53+00:00,COMPLETED,0,0,
tfv1:000749,60903,rmmservice.com,2026-08-21T15:24:55+00:00,2026-08-21T15:24:59+00:00,COMPLETED,22,0,
tfv1:000750,60997,israelinfo.co.il,2026-08-21T15:25:01+00:00,2026-08-21T15:25:03+00:00,COMPLETED,50,0,
tfv1:000751,61141,toyota.co.th,2026-08-21T15:25:08+00:00,2026-08-21T15:25:10+00:00,COMPLETED,50,0,
tfv1:000752,61392,da.gov.ph,2026-08-21T15:25:12+00:00,2026-08-21T15:25:18+00:00,COMPLETED,50,0,
tfv1:000753,61474,thepiratebay10.xyz,2026-08-21T15:25:21+00:00,2026-08-21T15:25:22+00:00,COMPLETED,0,0,
tfv1:000754,61482,clearid.io,2026-08-21T15:25:24+00:00,2026-08-21T15:25:25+00:00,COMPLETED,50,0,
tfv1:000755,61544,idtheftcenter.org,2026-08-21T15:25:27+00:00,2026-08-21T15:25:29+00:00,COMPLETED,0,0,
tfv1:000756,61760,analitycs.net,2026-08-21T15:25:31+00:00,2026-08-21T15:25:39+00:00,COMPLETED,0,0,
tfv1:000757,61801,threema.com,2026-08-21T15:25:40+00:00,2026-08-21T15:25:42+00:00,COMPLETED,50,0,
tfv1:000758,61895,trabalhabrasil.com.br,2026-08-21T15:25:44+00:00,2026-08-21T15:25:45+00:00,COMPLETED,0,0,
tfv1:000759,61918,trex.com,2026-08-21T15:25:47+00:00,2026-08-21T15:25:58+00:00,COMPLETED,50,0,
tfv1:000760,62083,buttonizer.io,2026-08-21T15:26:00+00:00,2026-08-21T15:26:06+00:00,COMPLETED,3,0,
tfv1:000761,62134,iptnet.net,2026-08-21T15:26:08+00:00,2026-08-21T15:26:09+00:00,COMPLETED,0,0,
tfv1:000762,62294,assembledhq.com,2026-08-21T15:26:11+00:00,2026-08-21T15:26:12+00:00,COMPLETED,2,0,
tfv1:000763,62364,romance.io,2026-08-21T15:26:14+00:00,2026-08-21T15:26:15+00:00,COMPLETED,0,0,
tfv1:000764,62461,fnlondon.com,2026-08-21T15:26:17+00:00,2026-08-21T15:26:18+00:00,COMPLETED,0,0,
tfv1:000765,62492,kiotviet.vn,2026-08-21T15:26:20+00:00,2026-08-21T15:26:22+00:00,COMPLETED,50,0,
tfv1:000766,62522,betway.com.gh,2026-08-21T15:26:24+00:00,2026-08-21T15:26:25+00:00,COMPLETED,50,0,
tfv1:000767,62553,gleeden.com,2026-08-21T15:26:27+00:00,2026-08-21T15:26:30+00:00,COMPLETED,0,0,
tfv1:000768,62622,afrihost.com,2026-08-21T15:26:32+00:00,2026-08-21T15:26:35+00:00,COMPLETED,50,0,
tfv1:000769,62722,article.com,2026-08-21T15:26:37+00:00,2026-08-21T15:26:39+00:00,COMPLETED,50,0,
tfv1:000770,62965,fashionbeans.com,2026-08-21T15:26:41+00:00,2026-08-21T15:26:42+00:00,COMPLETED,0,0,
tfv1:000771,62998,abiyefon.com,2026-08-21T15:26:44+00:00,2026-08-21T15:26:45+00:00,COMPLETED,0,0,
tfv1:000772,63056,venex.com.ar,2026-08-21T15:26:47+00:00,2026-08-21T15:26:57+00:00,COMPLETED,50,1,
tfv1:000773,63066,colab.dev,2026-08-21T15:26:58+00:00,2026-08-21T15:27:00+00:00,COMPLETED,0,0,
tfv1:000774,63341,fordforums.com.au,2026-08-21T15:27:02+00:00,2026-08-21T15:27:03+00:00,COMPLETED,0,0,
tfv1:000775,63618,chlh5o3vr.com,2026-08-21T15:27:05+00:00,2026-08-21T15:27:07+00:00,COMPLETED,0,0,
tfv1:000776,63830,q-t-p-9.com,2026-08-21T15:27:12+00:00,2026-08-21T15:27:13+00:00,COMPLETED,0,0,
tfv1:000777,63902,basilica.ro,2026-08-21T15:27:15+00:00,2026-08-21T15:27:16+00:00,COMPLETED,0,0,
tfv1:000778,64181,esic.in,2026-08-21T15:27:19+00:00,2026-08-21T15:27:20+00:00,COMPLETED,0,0,
tfv1:000779,64285,elance.com,2026-08-21T15:27:22+00:00,2026-08-21T15:27:43+00:00,FAILED,0,1,HTTP_504
tfv1:000780,64353,babe.today,2026-08-21T15:27:45+00:00,2026-08-21T15:27:53+00:00,COMPLETED,0,0,
tfv1:000781,64523,jialika.com,2026-08-21T15:27:55+00:00,2026-08-21T15:27:57+00:00,COMPLETED,50,0,
tfv1:000782,64695,dfrobot.com,2026-08-21T15:27:59+00:00,2026-08-21T15:28:02+00:00,COMPLETED,50,0,
tfv1:000783,64726,ndus.edu,2026-08-21T15:28:04+00:00,2026-08-21T15:28:09+00:00,COMPLETED,50,0,
tfv1:000784,64734,imprint.co,2026-08-21T15:28:11+00:00,2026-08-21T15:28:12+00:00,COMPLETED,50,0,
tfv1:000785,64791,bookline.hu,2026-08-21T15:28:14+00:00,2026-08-21T15:28:17+00:00,COMPLETED,50,0,
tfv1:000786,64909,nsd.se,2026-08-21T15:28:19+00:00,2026-08-21T15:28:22+00:00,COMPLETED,9,0,
tfv1:000787,65003,d2l.ai,2026-08-21T15:28:24+00:00,2026-08-21T15:28:30+00:00,COMPLETED,50,0,
tfv1:000788,65082,xfantazy.org,2026-08-21T15:28:32+00:00,2026-08-21T15:28:34+00:00,COMPLETED,50,0,
tfv1:000789,65109,fantrax.com,2026-08-21T15:28:36+00:00,2026-08-21T15:28:38+00:00,COMPLETED,0,0,
tfv1:000790,65171,nutripure.fr,2026-08-21T15:28:40+00:00,2026-08-21T15:28:42+00:00,COMPLETED,0,0,
tfv1:000791,65217,milliman.com,2026-08-21T15:28:44+00:00,2026-08-21T15:28:53+00:00,COMPLETED,50,0,
tfv1:000792,65298,barbend.com,2026-08-21T15:28:55+00:00,2026-08-21T15:28:57+00:00,COMPLETED,50,0,
tfv1:000793,65307,piatti.menu,2026-08-21T15:28:59+00:00,2026-08-21T15:29:09+00:00,COMPLETED,0,1,
tfv1:000794,65386,burbuja.info,2026-08-21T15:29:12+00:00,2026-08-21T15:29:14+00:00,COMPLETED,0,0,
tfv1:000795,65546,erasmusmc.nl,2026-08-21T15:29:16+00:00,2026-08-21T15:29:19+00:00,COMPLETED,50,0,
tfv1:000796,65634,epuskesmas.id,2026-08-21T15:29:21+00:00,2026-08-21T15:29:24+00:00,COMPLETED,0,0,
tfv1:000797,65651,aliyunwaf1.com,2026-08-21T15:29:26+00:00,2026-08-21T15:29:35+00:00,COMPLETED,0,0,
tfv1:000798,65683,zipformplus.com,2026-08-21T15:29:37+00:00,2026-08-21T15:29:44+00:00,COMPLETED,0,0,
tfv1:000799,65720,lely.cloud,2026-08-21T15:29:46+00:00,2026-08-21T15:29:47+00:00,COMPLETED,1,0,
tfv1:000800,65750,edreams.fr,2026-08-21T15:29:49+00:00,2026-08-21T15:29:51+00:00,COMPLETED,50,0,
tfv1:000801,65784,proporn.cc,2026-08-21T15:29:56+00:00,2026-08-21T15:30:12+00:00,COMPLETED,50,1,
tfv1:000802,65818,lebenslauf.com,2026-08-21T15:30:14+00:00,2026-08-21T15:30:15+00:00,COMPLETED,22,0,
tfv1:000803,65916,xgif.cc,2026-08-21T15:30:18+00:00,2026-08-21T15:30:27+00:00,COMPLETED,50,0,
tfv1:000804,65946,vipxdns.net,2026-08-21T15:30:29+00:00,2026-08-21T15:30:43+00:00,COMPLETED,0,1,
tfv1:000805,65974,enet.vn.ua,2026-08-21T15:30:46+00:00,2026-08-21T15:30:49+00:00,COMPLETED,0,0,
tfv1:000806,65982,lnwdns.net,2026-08-21T15:30:51+00:00,2026-08-21T15:31:05+00:00,COMPLETED,0,1,
tfv1:000807,66004,sunday-webry.com,2026-08-21T15:31:07+00:00,2026-08-21T15:31:26+00:00,COMPLETED,50,1,
tfv1:000808,66089,e-kakushin.com,2026-08-21T15:31:28+00:00,2026-08-21T15:31:52+00:00,FAILED,0,1,HTTP_504
tfv1:000809,66206,nin-nin-game.com,2026-08-21T15:31:54+00:00,2026-08-21T15:31:57+00:00,COMPLETED,50,0,
tfv1:000810,66266,shriramfinance.in,2026-08-21T15:31:59+00:00,2026-08-21T15:32:09+00:00,COMPLETED,50,0,
tfv1:000811,66391,indiainfoline.com,2026-08-21T15:32:11+00:00,2026-08-21T15:32:12+00:00,COMPLETED,50,0,
tfv1:000812,66409,rekrute.com,2026-08-21T15:32:14+00:00,2026-08-21T15:32:21+00:00,COMPLETED,12,0,
tfv1:000813,66426,briscoes.co.nz,2026-08-21T15:32:23+00:00,2026-08-21T15:32:25+00:00,COMPLETED,50,0,
tfv1:000814,66476,seewo.com,2026-08-21T15:32:27+00:00,2026-08-21T15:32:29+00:00,COMPLETED,50,0,
tfv1:000815,66542,bluehostwebservers.com,2026-08-21T15:32:31+00:00,2026-08-21T15:32:34+00:00,COMPLETED,0,0,
tfv1:000816,66547,mydesii.com,2026-08-21T15:32:36+00:00,2026-08-21T15:32:38+00:00,COMPLETED,50,0,
tfv1:000817,66645,historyhit.com,2026-08-21T15:32:40+00:00,2026-08-21T15:32:41+00:00,COMPLETED,50,0,
tfv1:000818,66734,istarski.hr,2026-08-21T15:32:43+00:00,2026-08-21T15:32:48+00:00,COMPLETED,0,0,
tfv1:000819,66794,lucida.to,2026-08-21T15:32:50+00:00,2026-08-21T15:32:51+00:00,COMPLETED,0,0,
tfv1:000820,66932,hosting-nation.net,2026-08-21T15:32:53+00:00,2026-08-21T15:33:13+00:00,FAILED,0,1,HTTP_504
tfv1:000821,67338,clouddy.online,2026-08-21T15:33:15+00:00,2026-08-21T15:33:18+00:00,COMPLETED,2,0,
tfv1:000822,67344,whatreallyhappened.com,2026-08-21T15:33:20+00:00,2026-08-21T15:33:22+00:00,COMPLETED,0,0,
tfv1:000823,67369,oxknit.com,2026-08-21T15:33:24+00:00,2026-08-21T15:33:25+00:00,COMPLETED,5,0,
tfv1:000824,67409,everytime.kr,2026-08-21T15:33:28+00:00,2026-08-21T15:33:29+00:00,COMPLETED,8,0,
tfv1:000825,67502,ertflix.gr,2026-08-21T15:33:31+00:00,2026-08-21T15:33:45+00:00,COMPLETED,0,1,
tfv1:000826,67510,skymetweather.com,2026-08-21T15:33:50+00:00,2026-08-21T15:33:59+00:00,COMPLETED,50,0,
tfv1:000827,67590,nethosted.co.uk,2026-08-21T15:34:01+00:00,2026-08-21T15:34:05+00:00,COMPLETED,50,0,
tfv1:000828,67663,zoho.uk,2026-08-21T15:34:08+00:00,2026-08-21T15:34:09+00:00,COMPLETED,2,0,
tfv1:000829,67701,beenergised.cloud,2026-08-21T15:34:11+00:00,2026-08-21T15:34:13+00:00,COMPLETED,6,0,
tfv1:000830,67755,yellowpepper.com,2026-08-21T15:34:15+00:00,2026-08-21T15:34:17+00:00,COMPLETED,0,0,
tfv1:000831,67842,colsubsidio.com,2026-08-21T15:34:19+00:00,2026-08-21T15:34:20+00:00,COMPLETED,50,0,
tfv1:000832,67920,kualo.com,2026-08-21T15:34:23+00:00,2026-08-21T15:34:25+00:00,COMPLETED,50,0,
tfv1:000833,67978,nic.at,2026-08-21T15:34:27+00:00,2026-08-21T15:34:31+00:00,COMPLETED,50,0,
tfv1:000834,67989,smarthomecs.com,2026-08-21T15:34:33+00:00,2026-08-21T15:34:35+00:00,COMPLETED,1,0,
tfv1:000835,68105,porntrex.tv,2026-08-21T15:34:37+00:00,2026-08-21T15:34:40+00:00,COMPLETED,50,0,
tfv1:000836,68106,tempatbokep.com,2026-08-21T15:34:42+00:00,2026-08-21T15:34:43+00:00,COMPLETED,0,0,
tfv1:000837,68121,nagoyatv.com,2026-08-21T15:34:45+00:00,2026-08-21T15:34:47+00:00,COMPLETED,50,0,
tfv1:000838,68230,door.ac,2026-08-21T15:34:49+00:00,2026-08-21T15:34:59+00:00,COMPLETED,50,0,
tfv1:000839,68280,anacams.com,2026-08-21T15:35:01+00:00,2026-08-21T15:35:02+00:00,COMPLETED,50,0,
tfv1:000840,68328,codemonkey.com,2026-08-21T15:35:04+00:00,2026-08-21T15:35:06+00:00,COMPLETED,50,0,
tfv1:000841,68529,praktiker.hu,2026-08-21T15:35:08+00:00,2026-08-21T15:35:10+00:00,COMPLETED,50,0,
tfv1:000842,68537,navimedix.com,2026-08-21T15:35:12+00:00,2026-08-21T15:35:15+00:00,COMPLETED,0,0,
tfv1:000843,68547,warthunder.ru,2026-08-21T15:35:17+00:00,2026-08-21T15:35:19+00:00,COMPLETED,50,0,
tfv1:000844,68635,xyyxm.cn,2026-08-21T15:35:21+00:00,2026-08-21T15:35:23+00:00,COMPLETED,0,0,
tfv1:000845,68757,strongh.cn,2026-08-21T15:35:25+00:00,2026-08-21T15:35:27+00:00,COMPLETED,50,0,
tfv1:000846,68834,stayz.com.au,2026-08-21T15:35:29+00:00,2026-08-21T15:35:33+00:00,COMPLETED,50,0,
tfv1:000847,68851,survivalmonkey.com,2026-08-21T15:35:35+00:00,2026-08-21T15:35:48+00:00,COMPLETED,50,1,
tfv1:000848,68877,wormhole.app,2026-08-21T15:35:50+00:00,2026-08-21T15:36:00+00:00,COMPLETED,5,1,
tfv1:000849,68882,k24.net,2026-08-21T15:36:02+00:00,2026-08-21T15:36:03+00:00,COMPLETED,50,0,
tfv1:000850,68889,clic2buy.com,2026-08-21T15:36:05+00:00,2026-08-21T15:36:07+00:00,COMPLETED,6,0,
tfv1:000851,68915,bucataras.ro,2026-08-21T15:36:12+00:00,2026-08-21T15:36:14+00:00,COMPLETED,0,0,
tfv1:000852,69088,my-caps.com,2026-08-21T15:36:16+00:00,2026-08-21T15:36:17+00:00,COMPLETED,0,0,
tfv1:000853,69128,jysk.dk,2026-08-21T15:36:19+00:00,2026-08-21T15:36:24+00:00,COMPLETED,50,0,
tfv1:000854,69146,helloproject.com,2026-08-21T15:36:26+00:00,2026-08-21T15:36:41+00:00,COMPLETED,50,1,
tfv1:000855,69227,udpf.com,2026-08-21T15:36:43+00:00,2026-08-21T15:36:44+00:00,COMPLETED,11,0,
tfv1:000856,69284,hotelmurah.com,2026-08-21T15:36:46+00:00,2026-08-21T15:36:48+00:00,COMPLETED,0,0,
tfv1:000857,69349,91app.io,2026-08-21T15:36:50+00:00,2026-08-21T15:36:51+00:00,COMPLETED,4,0,
tfv1:000858,69391,arcor-ip.net,2026-08-21T15:36:53+00:00,2026-08-21T15:36:54+00:00,COMPLETED,0,0,
tfv1:000859,69415,vola.ro,2026-08-21T15:36:56+00:00,2026-08-21T15:36:58+00:00,COMPLETED,50,0,
tfv1:000860,69488,nowosci.com.pl,2026-08-21T15:37:00+00:00,2026-08-21T15:37:01+00:00,COMPLETED,0,0,
tfv1:000861,69567,fallguys.com,2026-08-21T15:37:03+00:00,2026-08-21T15:37:05+00:00,COMPLETED,50,0,
tfv1:000862,69606,chiemgau24.de,2026-08-21T15:37:07+00:00,2026-08-21T15:37:09+00:00,COMPLETED,50,0,
tfv1:000863,69626,showjet.tv,2026-08-21T15:37:11+00:00,2026-08-21T15:37:12+00:00,COMPLETED,50,0,
tfv1:000864,69765,hibridosyelectricos.com,2026-08-21T15:37:14+00:00,2026-08-21T15:37:17+00:00,COMPLETED,50,0,
tfv1:000865,69800,t-nation.com,2026-08-21T15:37:19+00:00,2026-08-21T15:37:23+00:00,FAILED,0,1,RemoteDisconnected
tfv1:000866,69810,dotdigital-pages.com,2026-08-21T15:37:25+00:00,2026-08-21T15:37:29+00:00,FAILED,0,1,RemoteDisconnected
tfv1:000867,69913,uca.edu.ar,2026-08-21T15:37:31+00:00,2026-08-21T15:37:35+00:00,FAILED,0,1,RemoteDisconnected
tfv1:000868,69929,musiclike.top,2026-08-21T15:48:04+00:00,2026-08-21T15:48:09+00:00,FAILED,0,1,RemoteDisconnected
tfv1:000869,70014,trellocdn.com,2026-08-21T15:48:12+00:00,2026-08-21T15:48:16+00:00,FAILED,0,1,RemoteDisconnected
tfv1:000870,70068,cybba.solutions,2026-08-21T15:48:18+00:00,2026-08-21T15:48:22+00:00,FAILED,0,1,RemoteDisconnected
tfv1:000871,70095,lowtechmagazine.com,2026-08-23T12:47:07+00:00,2026-08-23T12:47:08+00:00,COMPLETED,50,0,
tfv1:000872,70160,wholewell.online,2026-08-23T12:47:10+00:00,2026-08-23T12:47:12+00:00,COMPLETED,0,0,
tfv1:000873,70247,riotesports.com,2026-08-23T12:47:14+00:00,2026-08-23T12:47:15+00:00,COMPLETED,0,0,
tfv1:000874,70366,zzhy.org,2026-08-23T12:47:17+00:00,2026-08-23T12:47:18+00:00,COMPLETED,1,0,
tfv1:000875,70385,up-4ever.net,2026-08-23T12:47:20+00:00,2026-08-23T12:47:21+00:00,COMPLETED,0,0,
tfv1:000876,70445,shoparize.com,2026-08-23T12:47:23+00:00,2026-08-23T12:47:25+00:00,COMPLETED,50,0,
tfv1:000877,70613,nike.in,2026-08-23T12:47:27+00:00,2026-08-23T12:47:28+00:00,COMPLETED,50,0,
tfv1:000878,70680,applianceconnect.net,2026-08-23T12:47:30+00:00,2026-08-23T12:47:31+00:00,COMPLETED,0,0,
tfv1:000879,70753,dalechatea.me,2026-08-23T12:47:34+00:00,2026-08-23T12:47:35+00:00,COMPLETED,0,0,
tfv1:000880,70853,metro.info,2026-08-23T12:47:37+00:00,2026-08-23T12:47:38+00:00,COMPLETED,3,0,
tfv1:000881,71041,sinasws.com,2026-08-23T12:47:40+00:00,2026-08-23T12:47:41+00:00,COMPLETED,0,0,
tfv1:000882,71089,usvx.net,2026-08-23T12:47:43+00:00,2026-08-23T12:47:45+00:00,COMPLETED,0,0,
tfv1:000883,71123,kore.co.il,2026-08-23T12:47:47+00:00,2026-08-23T12:47:48+00:00,COMPLETED,50,0,
tfv1:000884,71124,zjcia.com.cn,2026-08-23T12:47:51+00:00,2026-08-23T12:47:52+00:00,COMPLETED,50,0,
tfv1:000885,71187,horariodebrasilia.org,2026-08-23T12:47:54+00:00,2026-08-23T12:47:55+00:00,COMPLETED,1,0,
tfv1:000886,71259,tinyastro.io,2026-08-23T12:47:57+00:00,2026-08-23T12:47:59+00:00,COMPLETED,0,0,
tfv1:000887,71301,moe.gov.sg,2026-08-23T12:48:01+00:00,2026-08-23T12:48:02+00:00,COMPLETED,50,0,
tfv1:000888,71533,animexin.dev,2026-08-23T12:48:04+00:00,2026-08-23T12:48:06+00:00,COMPLETED,50,0,
tfv1:000889,71615,vitibet.com,2026-08-23T12:48:08+00:00,2026-08-23T12:48:09+00:00,COMPLETED,0,0,
tfv1:000890,71679,huffingtonpost.com.au,2026-08-23T12:48:11+00:00,2026-08-23T12:48:12+00:00,COMPLETED,0,0,
tfv1:000891,71758,gamewave.fr,2026-08-23T12:48:14+00:00,2026-08-23T12:48:16+00:00,COMPLETED,50,0,
tfv1:000892,71787,infraco.hu,2026-08-23T12:48:18+00:00,2026-08-23T12:48:19+00:00,COMPLETED,0,0,
tfv1:000893,71844,heywise.com,2026-08-23T12:48:21+00:00,2026-08-23T12:48:22+00:00,COMPLETED,0,0,
tfv1:000894,72047,uthsc.edu,2026-08-23T12:48:25+00:00,2026-08-23T12:48:26+00:00,COMPLETED,50,0,
tfv1:000895,72188,kontur-extern.ru,2026-08-23T12:48:28+00:00,2026-08-23T12:48:30+00:00,COMPLETED,0,0,
tfv1:000896,72275,betsson.it,2026-08-23T12:56:06+00:00,2026-08-23T12:56:07+00:00,COMPLETED,1,0,
tfv1:000897,72305,asajikan.jp,2026-08-23T12:56:09+00:00,2026-08-23T12:56:13+00:00,COMPLETED,50,0,
tfv1:000898,72329,hollandbikeshop.com,2026-08-23T12:56:15+00:00,2026-08-23T12:56:16+00:00,COMPLETED,0,0,
tfv1:000899,72363,livejoy.mobi,2026-08-23T12:56:18+00:00,2026-08-23T12:56:19+00:00,COMPLETED,0,0,
tfv1:000900,72529,cmshigh.com,2026-08-23T12:56:21+00:00,2026-08-23T12:56:24+00:00,COMPLETED,0,0,
tfv1:000901,72619,backabuddy.co.za,2026-08-23T12:56:26+00:00,2026-08-23T12:56:27+00:00,COMPLETED,50,0,
tfv1:000902,72647,canalplus.fr,2026-08-23T12:56:30+00:00,2026-08-23T12:56:31+00:00,COMPLETED,0,0,
tfv1:000903,72755,atkfan.com,2026-08-23T12:56:33+00:00,2026-08-23T12:56:34+00:00,COMPLETED,50,0,
tfv1:000904,72804,tirs.su,2026-08-23T12:56:36+00:00,2026-08-23T12:56:38+00:00,COMPLETED,0,0,
tfv1:000905,72936,botjfpwy7.com,2026-08-23T12:56:40+00:00,2026-08-23T12:56:41+00:00,COMPLETED,1,0,
tfv1:000906,73057,littlefries.com,2026-08-23T12:56:43+00:00,2026-08-23T12:56:45+00:00,COMPLETED,50,0,
tfv1:000907,73090,rtl-sdr.com,2026-08-23T12:56:47+00:00,2026-08-23T12:56:50+00:00,COMPLETED,50,0,
tfv1:000908,73254,cgswprod.com,2026-08-23T12:56:52+00:00,2026-08-23T12:56:54+00:00,COMPLETED,0,0,
tfv1:000909,73493,apdownload.com,2026-08-23T12:56:56+00:00,2026-08-23T12:56:58+00:00,COMPLETED,50,0,
tfv1:000910,73525,newgrodno.by,2026-08-23T12:57:00+00:00,2026-08-23T12:57:03+00:00,COMPLETED,50,0,
tfv1:000911,73651,vidwestxyz.com,2026-08-23T12:57:05+00:00,2026-08-23T12:57:07+00:00,COMPLETED,0,0,
tfv1:000912,73710,yadelus.ru,2026-08-23T12:57:10+00:00,2026-08-23T12:57:11+00:00,COMPLETED,0,0,
tfv1:000913,73737,ismcdn.jp,2026-08-23T12:57:13+00:00,2026-08-23T12:57:15+00:00,COMPLETED,0,0,
tfv1:000914,74176,aispeech.com,2026-08-23T12:57:17+00:00,2026-08-23T12:57:19+00:00,COMPLETED,6,0,
tfv1:000915,74185,datamanager.co.kr,2026-08-23T12:57:21+00:00,2026-08-23T12:57:23+00:00,COMPLETED,0,0,
tfv1:000916,74286,pocketchamps.com,2026-08-23T12:57:25+00:00,2026-08-23T12:57:26+00:00,COMPLETED,11,0,
tfv1:000917,74566,dubaiphone.net,2026-08-23T12:57:28+00:00,2026-08-23T12:57:30+00:00,COMPLETED,0,0,
tfv1:000918,74597,evernimble.com,2026-08-23T12:57:32+00:00,2026-08-23T12:57:34+00:00,COMPLETED,50,0,
tfv1:000919,74721,karavel.com,2026-08-23T12:57:36+00:00,2026-08-23T12:57:37+00:00,COMPLETED,9,0,
tfv1:000920,74838,clarotvmais.com.br,2026-08-23T12:57:39+00:00,2026-08-23T12:57:43+00:00,COMPLETED,50,0,
tfv1:000921,74905,shopino.app,2026-08-23T12:57:49+00:00,2026-08-23T12:57:50+00:00,COMPLETED,50,0,
tfv1:000922,74929,ampledns.com,2026-08-23T12:57:52+00:00,2026-08-23T12:57:53+00:00,COMPLETED,0,0,
tfv1:000923,74985,ballarddesigns.com,2026-08-23T12:57:55+00:00,2026-08-23T12:57:57+00:00,COMPLETED,50,0,
tfv1:000924,74994,bancnetonline.com,2026-08-23T12:57:59+00:00,2026-08-23T12:58:00+00:00,COMPLETED,3,0,
tfv1:000925,75071,smallbizgenius.net,2026-08-23T12:58:03+00:00,2026-08-23T12:58:06+00:00,COMPLETED,50,0,
tfv1:000926,75099,etuc.org,2026-08-23T12:58:08+00:00,2026-08-23T12:58:10+00:00,COMPLETED,50,0,
tfv1:000927,75139,tpdads.com,2026-08-23T12:58:12+00:00,2026-08-23T12:58:13+00:00,COMPLETED,0,0,
tfv1:000928,75212,mxthunder.com,2026-08-23T12:58:15+00:00,2026-08-23T12:58:16+00:00,COMPLETED,0,0,
tfv1:000929,75303,rider.edu,2026-08-23T12:58:19+00:00,2026-08-23T12:58:22+00:00,COMPLETED,50,0,
tfv1:000930,75940,newspointapp.com,2026-08-23T12:58:24+00:00,2026-08-23T12:58:27+00:00,COMPLETED,50,0,
tfv1:000931,75996,gosnadzor.ru,2026-08-23T12:58:29+00:00,2026-08-23T12:58:30+00:00,COMPLETED,50,0,
tfv1:000932,76050,phoneware.com,2026-08-23T12:58:32+00:00,2026-08-23T12:58:34+00:00,COMPLETED,0,0,
tfv1:000933,76245,whatwapp.io,2026-08-23T12:58:36+00:00,2026-08-23T12:58:37+00:00,COMPLETED,0,0,
tfv1:000934,76261,dnspartner.de,2026-08-23T12:58:39+00:00,2026-08-23T12:58:40+00:00,COMPLETED,0,0,
tfv1:000935,76379,mcnet.co.mz,2026-08-23T12:58:42+00:00,2026-08-23T12:58:44+00:00,COMPLETED,3,0,
tfv1:000936,76489,asusrouter.com,2026-08-23T12:58:46+00:00,2026-08-23T12:58:47+00:00,COMPLETED,0,0,
tfv1:000937,76503,damanwoo.com,2026-08-23T12:58:49+00:00,2026-08-23T12:58:51+00:00,COMPLETED,50,0,
tfv1:000938,76636,neothek.com,2026-08-23T12:58:53+00:00,2026-08-23T12:58:56+00:00,COMPLETED,50,0,
tfv1:000939,76739,rewardgateway.net,2026-08-23T12:58:58+00:00,2026-08-23T12:58:59+00:00,COMPLETED,1,0,
tfv1:000940,76762,voice.fi,2026-08-23T12:59:02+00:00,2026-08-23T12:59:03+00:00,COMPLETED,50,0,
tfv1:000941,76773,benesse.jp,2026-08-23T12:59:06+00:00,2026-08-23T12:59:07+00:00,COMPLETED,50,0,
tfv1:000942,76869,gliwice.pl,2026-08-23T12:59:09+00:00,2026-08-23T12:59:11+00:00,COMPLETED,50,0,
tfv1:000943,76921,sie.gov.hk,2026-08-23T12:59:14+00:00,2026-08-23T12:59:16+00:00,COMPLETED,50,0,
tfv1:000944,76978,wellness-insider.org,2026-08-23T12:59:19+00:00,2026-08-23T12:59:20+00:00,COMPLETED,0,0,
tfv1:000945,77005,smcb.jp,2026-08-23T12:59:23+00:00,2026-08-23T12:59:25+00:00,COMPLETED,23,0,
tfv1:000946,77083,kantotin.com,2026-08-23T12:59:31+00:00,2026-08-23T12:59:32+00:00,COMPLETED,50,0,
tfv1:000947,77194,servicios-fusion.es,2026-08-23T12:59:35+00:00,2026-08-23T12:59:36+00:00,COMPLETED,0,0,
tfv1:000948,77230,cinego.co,2026-08-23T12:59:39+00:00,2026-08-23T12:59:41+00:00,COMPLETED,50,0,
tfv1:000949,77275,starbet.com.lr,2026-08-23T12:59:43+00:00,2026-08-23T12:59:44+00:00,COMPLETED,0,0,
tfv1:000950,77529,xhpro.blog,2026-08-23T12:59:46+00:00,2026-08-23T12:59:48+00:00,COMPLETED,0,0,
tfv1:000951,77808,genyo.com.br,2026-08-23T12:59:50+00:00,2026-08-23T12:59:52+00:00,COMPLETED,50,0,
tfv1:000952,77862,betarades.gr,2026-08-23T12:59:55+00:00,2026-08-23T12:59:57+00:00,COMPLETED,50,0,
tfv1:000953,77886,motorcyclevalley.com,2026-08-23T12:59:59+00:00,2026-08-23T13:00:00+00:00,COMPLETED,0,0,
tfv1:000954,78075,sesame.bg,2026-08-23T13:00:02+00:00,2026-08-23T13:00:06+00:00,COMPLETED,3,0,
tfv1:000955,78104,winloot.com,2026-08-23T13:00:09+00:00,2026-08-23T13:00:10+00:00,COMPLETED,0,0,
tfv1:000956,78226,litoralulromanesc.ro,2026-08-23T13:00:12+00:00,2026-08-23T13:00:14+00:00,COMPLETED,50,0,
tfv1:000957,78314,sharkninja.jp,2026-08-23T13:00:16+00:00,2026-08-23T13:00:18+00:00,COMPLETED,0,0,
tfv1:000958,78412,servrapp.com,2026-08-23T13:00:20+00:00,2026-08-23T13:00:22+00:00,COMPLETED,0,0,
tfv1:000959,78441,arturia.com,2026-08-23T13:00:24+00:00,2026-08-23T13:00:26+00:00,COMPLETED,50,0,
tfv1:000960,78541,buzzap.jp,2026-08-23T13:00:28+00:00,2026-08-23T13:00:31+00:00,COMPLETED,0,0,
tfv1:000961,78546,pirsch.io,2026-08-23T13:00:33+00:00,2026-08-23T13:00:36+00:00,COMPLETED,50,0,
tfv1:000962,78567,hmservers.net,2026-08-23T13:00:38+00:00,2026-08-23T13:00:40+00:00,COMPLETED,0,0,
tfv1:000963,78689,gadgetandgear.com,2026-08-23T13:00:42+00:00,2026-08-23T13:00:43+00:00,COMPLETED,17,0,
tfv1:000964,78713,asianetcom.net,2026-08-23T13:00:45+00:00,2026-08-23T13:00:49+00:00,COMPLETED,0,0,
tfv1:000965,78781,wattboxdns.com,2026-08-23T13:00:51+00:00,2026-08-23T13:00:52+00:00,COMPLETED,0,0,
tfv1:000966,78856,ispyconnect.com,2026-08-23T13:00:54+00:00,2026-08-23T13:00:57+00:00,COMPLETED,50,0,
tfv1:000967,78867,gazeteler.com,2026-08-23T13:00:59+00:00,2026-08-23T13:01:01+00:00,COMPLETED,50,0,
tfv1:000968,78890,inkasex.com,2026-08-23T13:01:03+00:00,2026-08-23T13:01:05+00:00,COMPLETED,50,0,
tfv1:000969,78950,xfkjwifi.com,2026-08-23T13:01:07+00:00,2026-08-23T13:01:11+00:00,COMPLETED,0,0,
tfv1:000970,78970,fansone.co,2026-08-23T13:01:13+00:00,2026-08-23T13:01:14+00:00,COMPLETED,0,0,
tfv1:000971,78982,tatapower-ddl.com,2026-08-23T13:01:19+00:00,2026-08-23T13:01:21+00:00,COMPLETED,0,0,
tfv1:000972,79015,okmart.com,2026-08-23T13:01:23+00:00,2026-08-23T13:01:25+00:00,COMPLETED,50,0,
tfv1:000973,79077,play2go.cloud,2026-08-23T13:01:28+00:00,2026-08-23T13:01:29+00:00,COMPLETED,6,0,
tfv1:000974,79265,ane.cr,2026-08-23T13:01:31+00:00,2026-08-23T13:01:33+00:00,COMPLETED,50,0,
tfv1:000975,79372,kickresume.com,2026-08-23T13:01:35+00:00,2026-08-23T13:01:42+00:00,COMPLETED,50,0,
tfv1:000976,79525,isladejuegos.com,2026-08-23T13:01:44+00:00,2026-08-23T13:01:48+00:00,COMPLETED,50,0,
tfv1:000977,79544,onmohub.com,2026-08-23T13:01:50+00:00,2026-08-23T13:01:51+00:00,COMPLETED,1,0,
tfv1:000978,79737,customervoice360.com,2026-08-23T13:01:54+00:00,2026-08-23T13:01:56+00:00,COMPLETED,3,0,
tfv1:000979,79756,spoken-tutorial.org,2026-08-23T13:01:58+00:00,2026-08-23T13:02:00+00:00,COMPLETED,50,0,
tfv1:000980,79808,ae12372.com,2026-08-23T13:02:02+00:00,2026-08-23T13:02:04+00:00,COMPLETED,0,0,
tfv1:000981,79842,memeosupdates.com,2026-08-23T13:02:06+00:00,2026-08-23T13:02:08+00:00,COMPLETED,0,0,
tfv1:000982,79936,brettspielnetz.de,2026-08-23T13:02:10+00:00,2026-08-23T13:02:22+00:00,COMPLETED,50,1,
tfv1:000983,79940,betaflight.com,2026-08-23T13:02:24+00:00,2026-08-23T13:02:28+00:00,COMPLETED,0,0,
tfv1:000984,79946,zoner.com,2026-08-23T13:02:30+00:00,2026-08-23T13:02:32+00:00,COMPLETED,50,0,
tfv1:000985,80119,uol.edu.pk,2026-08-23T13:02:34+00:00,2026-08-23T13:02:37+00:00,COMPLETED,0,0,
tfv1:000986,80130,dominospizza.es,2026-08-23T13:02:39+00:00,2026-08-23T13:02:40+00:00,COMPLETED,25,0,
tfv1:000987,80222,esoo.ru,2026-08-23T13:02:43+00:00,2026-08-23T13:02:44+00:00,COMPLETED,1,0,
tfv1:000988,80242,freemcserver.net,2026-08-23T13:02:47+00:00,2026-08-23T13:02:49+00:00,COMPLETED,41,0,
tfv1:000989,80277,legalblink.it,2026-08-23T13:02:51+00:00,2026-08-23T13:03:00+00:00,COMPLETED,50,0,
tfv1:000990,80456,amarstock.com,2026-08-23T13:03:02+00:00,2026-08-23T13:03:07+00:00,COMPLETED,50,0,
tfv1:000991,80466,mensagemaniversario.com.br,2026-08-23T13:03:10+00:00,2026-08-23T13:03:12+00:00,COMPLETED,50,0,
tfv1:000992,80477,varian.com,2026-08-23T13:03:14+00:00,2026-08-23T13:03:16+00:00,COMPLETED,29,0,
tfv1:000993,80491,esnips.com,2026-08-23T13:03:18+00:00,2026-08-23T13:03:20+00:00,COMPLETED,0,0,
tfv1:000994,80717,dvet.gov.in,2026-08-23T13:03:22+00:00,2026-08-23T13:03:24+00:00,COMPLETED,50,0,
tfv1:000995,80763,spectrumchemical.com,2026-08-23T13:03:26+00:00,2026-08-23T13:03:27+00:00,COMPLETED,0,0,
tfv1:000996,80769,meuhost.net,2026-08-23T13:03:32+00:00,2026-08-23T13:03:35+00:00,COMPLETED,0,0,
tfv1:000997,80797,tdbtrk.com,2026-08-23T13:03:37+00:00,2026-08-23T13:03:39+00:00,COMPLETED,0,0,
tfv1:000998,80803,hoho.media,2026-08-23T13:03:41+00:00,2026-08-23T13:03:44+00:00,COMPLETED,0,0,
tfv1:000999,80835,joacademy.com,2026-08-23T13:03:47+00:00,2026-08-23T13:03:49+00:00,COMPLETED,50,0,
tfv1:001000,80948,fastfetch.info,2026-08-23T13:03:51+00:00,2026-08-23T13:03:56+00:00,COMPLETED,0,0,
tfv1:001001,80997,idg.se,2026-08-23T13:03:59+00:00,2026-08-23T13:04:05+00:00,COMPLETED,0,0,
tfv1:001002,81016,cafe24api.com,2026-08-23T13:04:08+00:00,2026-08-23T13:04:15+00:00,COMPLETED,0,0,
tfv1:001003,81036,festalab.com.br,2026-08-23T13:04:17+00:00,2026-08-23T13:04:20+00:00,COMPLETED,50,0,
tfv1:001004,81202,rakko.zone,2026-08-23T13:04:22+00:00,2026-08-23T13:04:26+00:00,COMPLETED,0,0,
tfv1:001005,81309,ichancy100.com,2026-08-23T13:04:28+00:00,2026-08-23T13:04:32+00:00,COMPLETED,0,0,
tfv1:001006,81374,staydns.com,2026-08-23T13:04:34+00:00,2026-08-23T13:04:37+00:00,COMPLETED,0,0,
tfv1:001007,81622,biv.com,2026-08-23T13:04:39+00:00,2026-08-23T13:04:41+00:00,COMPLETED,9,0,
tfv1:001008,81668,cloud-mx-ns.net,2026-08-23T13:04:43+00:00,2026-08-23T13:04:44+00:00,COMPLETED,0,0,
tfv1:001009,81687,tekkietown.co.za,2026-08-23T13:04:46+00:00,2026-08-23T13:04:48+00:00,COMPLETED,2,0,
tfv1:001010,81733,teamsg.in,2026-08-23T13:04:50+00:00,2026-08-23T13:04:51+00:00,COMPLETED,50,0,
tfv1:001011,81742,loto.lt,2026-08-23T13:04:54+00:00,2026-08-23T13:04:55+00:00,COMPLETED,0,0,
tfv1:001012,81767,hbtbank.com,2026-08-23T13:04:57+00:00,2026-08-23T13:05:01+00:00,COMPLETED,50,0,
tfv1:001013,81953,6zv5h6l.com,2026-08-23T13:05:03+00:00,2026-08-23T13:05:04+00:00,COMPLETED,0,0,
tfv1:001014,81979,we88m08.com,2026-08-23T13:05:07+00:00,2026-08-23T13:05:10+00:00,COMPLETED,35,0,
tfv1:001015,82020,fiteasy.jp,2026-08-23T13:05:12+00:00,2026-08-23T13:05:16+00:00,COMPLETED,50,0,
tfv1:001016,82090,gossip.it,2026-08-23T13:05:19+00:00,2026-08-23T13:05:20+00:00,COMPLETED,0,0,
tfv1:001017,82126,computerandvideogames.com,2026-08-23T13:05:22+00:00,2026-08-23T13:05:24+00:00,COMPLETED,0,0,
tfv1:001018,82167,esfera.site,2026-08-23T13:05:26+00:00,2026-08-23T13:05:30+00:00,COMPLETED,0,0,
tfv1:001019,82171,mpbhulekh.gov.in,2026-08-23T13:05:32+00:00,2026-08-23T13:05:34+00:00,COMPLETED,0,0,
tfv1:001020,82226,trf5.jus.br,2026-08-23T13:05:36+00:00,2026-08-23T13:05:39+00:00,COMPLETED,50,0,
tfv1:001021,82228,tradedepot.co.nz,2026-08-23T13:05:44+00:00,2026-08-23T13:06:09+00:00,FAILED,0,1,HTTP_504
tfv1:001022,82362,edgeaccelerator.space,2026-08-23T13:06:11+00:00,2026-08-23T13:06:12+00:00,COMPLETED,0,0,
tfv1:001023,82395,vnts.io,2026-08-23T13:06:15+00:00,2026-08-23T13:06:17+00:00,COMPLETED,0,0,
tfv1:001024,82462,toxicstream.com,2026-08-23T13:06:19+00:00,2026-08-23T13:06:27+00:00,COMPLETED,0,0,
tfv1:001025,82472,dropmms.forum,2026-08-23T13:06:29+00:00,2026-08-23T13:06:30+00:00,COMPLETED,0,0,
tfv1:001026,82554,kfcpakistan.com,2026-08-23T13:06:33+00:00,2026-08-23T13:06:36+00:00,COMPLETED,1,0,
tfv1:001027,82616,printler.com,2026-08-23T13:06:39+00:00,2026-08-23T13:06:40+00:00,COMPLETED,0,0,
tfv1:001028,82662,lapdonline.org,2026-08-23T13:06:42+00:00,2026-08-23T13:06:57+00:00,COMPLETED,50,1,
tfv1:001029,82670,nouveautes-tele.com,2026-08-23T13:07:00+00:00,2026-08-23T13:07:01+00:00,COMPLETED,50,0,
tfv1:001030,82799,nbc.ca,2026-08-23T13:07:04+00:00,2026-08-23T13:07:06+00:00,COMPLETED,50,0,
tfv1:001031,82919,sbat.ru,2026-08-23T13:07:08+00:00,2026-08-23T13:07:10+00:00,COMPLETED,0,0,
tfv1:001032,83159,donutshield.net,2026-08-23T13:07:12+00:00,2026-08-23T13:07:14+00:00,COMPLETED,0,0,
tfv1:001033,83276,alfredapp.com,2026-08-23T13:07:17+00:00,2026-08-23T13:07:18+00:00,COMPLETED,50,0,
tfv1:001034,83309,divoke-kmene.sk,2026-08-23T13:07:21+00:00,2026-08-23T13:07:22+00:00,COMPLETED,50,0,
tfv1:001035,83350,hgamefree.info,2026-08-23T13:07:25+00:00,2026-08-23T13:07:26+00:00,COMPLETED,50,0,
tfv1:001036,83725,bulbankonline.bg,2026-08-23T13:07:29+00:00,2026-08-23T13:07:30+00:00,COMPLETED,2,0,
tfv1:001037,83858,honeywellaerospace.com,2026-08-23T13:07:32+00:00,2026-08-23T13:07:35+00:00,COMPLETED,50,0,
tfv1:001038,83977,spfbl.net,2026-08-23T13:07:37+00:00,2026-08-23T13:07:40+00:00,COMPLETED,0,0,
tfv1:001039,84011,101kks.com,2026-08-23T13:07:43+00:00,2026-08-23T13:07:44+00:00,COMPLETED,0,0,
tfv1:001040,84194,nakaman-music.ir,2026-08-23T13:07:46+00:00,2026-08-23T13:07:48+00:00,COMPLETED,0,0,
tfv1:001041,84248,songsara.net,2026-08-23T13:07:50+00:00,2026-08-23T13:07:51+00:00,COMPLETED,0,0,
tfv1:001042,84383,newnonmun.com,2026-08-23T13:07:54+00:00,2026-08-23T13:07:56+00:00,COMPLETED,50,0,
tfv1:001043,84469,deltarockme.com,2026-08-23T13:07:59+00:00,2026-08-23T13:08:00+00:00,COMPLETED,1,0,
tfv1:001044,84795,taibahu.edu.sa,2026-08-23T13:08:02+00:00,2026-08-23T13:08:04+00:00,COMPLETED,50,0,
tfv1:001045,84811,eagletribune.com,2026-08-23T13:08:07+00:00,2026-08-23T13:08:08+00:00,COMPLETED,50,0,
tfv1:001046,84914,hollow-mint.com,2026-08-23T13:08:14+00:00,2026-08-23T13:08:15+00:00,COMPLETED,0,0,
tfv1:001047,84972,nationalpartnership.org,2026-08-23T13:08:18+00:00,2026-08-23T13:08:22+00:00,COMPLETED,50,0,
tfv1:001048,85006,naughtyblog.org,2026-08-23T13:08:25+00:00,2026-08-23T13:08:26+00:00,COMPLETED,0,0,
tfv1:001049,85119,afpnet.com.pe,2026-08-23T13:08:28+00:00,2026-08-23T13:08:30+00:00,COMPLETED,2,0,
tfv1:001050,85270,aldi.fr,2026-08-23T13:08:33+00:00,2026-08-23T13:08:34+00:00,COMPLETED,50,0,
tfv1:001051,85297,nectar.org.au,2026-08-23T13:08:37+00:00,2026-08-23T13:08:41+00:00,COMPLETED,50,0,
tfv1:001052,85389,scored.co,2026-08-23T13:08:43+00:00,2026-08-23T13:08:47+00:00,COMPLETED,50,0,
tfv1:001053,85457,flamingtext.com,2026-08-23T13:08:49+00:00,2026-08-23T13:08:51+00:00,COMPLETED,50,0,
tfv1:001054,85560,radios.com.co,2026-08-23T13:08:53+00:00,2026-08-23T13:08:57+00:00,COMPLETED,50,0,
tfv1:001055,85615,aileen-novel.online,2026-08-23T13:08:59+00:00,2026-08-23T13:09:00+00:00,COMPLETED,0,0,
tfv1:001056,85689,lanbide.eus,2026-08-23T13:09:03+00:00,2026-08-23T13:09:04+00:00,COMPLETED,50,0,
tfv1:001057,85822,evalar.ru,2026-08-23T13:09:06+00:00,2026-08-23T13:09:09+00:00,COMPLETED,50,0,
tfv1:001058,85994,33win00.com,2026-08-23T13:09:11+00:00,2026-08-23T13:09:12+00:00,COMPLETED,0,0,
tfv1:001059,86052,poseidon-scans.net,2026-08-23T13:09:14+00:00,2026-08-23T13:09:16+00:00,COMPLETED,0,0,
tfv1:001060,86071,shffls.com,2026-08-23T13:09:18+00:00,2026-08-23T13:09:22+00:00,COMPLETED,50,0,
tfv1:001061,86100,dent-sys.net,2026-08-23T13:09:24+00:00,2026-08-23T13:09:26+00:00,COMPLETED,20,0,
tfv1:001062,86128,letstranzact.com,2026-08-23T13:09:29+00:00,2026-08-23T13:09:31+00:00,COMPLETED,50,0,
tfv1:001063,86171,vlute.edu.vn,2026-08-23T13:09:33+00:00,2026-08-23T13:09:40+00:00,COMPLETED,50,0,
tfv1:001064,86176,upwr.edu.pl,2026-08-23T13:09:42+00:00,2026-08-23T13:09:45+00:00,COMPLETED,50,0,
tfv1:001065,86193,iochile.cl,2026-08-23T13:09:47+00:00,2026-08-23T13:09:49+00:00,COMPLETED,50,0,
tfv1:001066,86265,netboxlabs.com,2026-08-23T13:09:51+00:00,2026-08-23T13:09:53+00:00,COMPLETED,50,0,
tfv1:001067,86273,radwell.com,2026-08-23T13:09:55+00:00,2026-08-23T13:09:57+00:00,COMPLETED,1,0,
tfv1:001068,86385,projectcalico.org,2026-08-23T13:09:59+00:00,2026-08-23T13:10:01+00:00,COMPLETED,0,0,
tfv1:001069,86425,ytxinyongshengzl.com,2026-08-23T13:10:03+00:00,2026-08-23T13:10:10+00:00,COMPLETED,0,0,
tfv1:001070,86574,gd4d.co,2026-08-23T13:10:12+00:00,2026-08-23T13:10:14+00:00,COMPLETED,50,0,
tfv1:001071,86887,tofugu.com,2026-08-23T13:10:19+00:00,2026-08-23T13:10:21+00:00,COMPLETED,50,0,
tfv1:001072,86961,toon-hub.com,2026-08-23T13:10:24+00:00,2026-08-23T13:10:25+00:00,COMPLETED,50,0,
tfv1:001073,87089,topper.com.ar,2026-08-23T13:10:28+00:00,2026-08-23T13:10:29+00:00,COMPLETED,50,0,
tfv1:001074,87266,totalcleaner.com,2026-08-23T13:10:32+00:00,2026-08-23T13:10:33+00:00,COMPLETED,50,0,
tfv1:001075,87304,fastbull.com,2026-08-23T13:10:35+00:00,2026-08-23T13:10:37+00:00,COMPLETED,50,0,
tfv1:001076,87346,next.ae,2026-08-23T13:10:39+00:00,2026-08-23T13:10:41+00:00,COMPLETED,50,0,
tfv1:001077,87474,jyxo-tls.cz,2026-08-23T13:10:43+00:00,2026-08-23T13:10:44+00:00,COMPLETED,0,0,
tfv1:001078,87482,shabu-yuzuan.jp,2026-08-23T13:10:47+00:00,2026-08-23T13:10:48+00:00,COMPLETED,50,0,
tfv1:001079,87622,rogeriomenezes.com.br,2026-08-23T13:10:51+00:00,2026-08-23T13:10:54+00:00,COMPLETED,50,0,
tfv1:001080,87671,zonaepic.vip,2026-08-23T13:10:56+00:00,2026-08-23T13:10:57+00:00,COMPLETED,0,0,
tfv1:001081,87697,karmasgame.com,2026-08-23T13:11:00+00:00,2026-08-23T13:11:02+00:00,COMPLETED,3,0,
tfv1:001082,87736,bp96.ru,2026-08-23T13:11:04+00:00,2026-08-23T13:11:05+00:00,COMPLETED,0,0,
tfv1:001083,87765,zen-manga.com,2026-08-23T13:11:08+00:00,2026-08-23T13:11:09+00:00,COMPLETED,0,0,
tfv1:001084,87816,aqualogica.in,2026-08-23T13:11:11+00:00,2026-08-23T13:11:13+00:00,COMPLETED,19,0,
tfv1:001085,87925,cspire.com,2026-08-23T13:11:15+00:00,2026-08-23T13:11:21+00:00,COMPLETED,50,0,
tfv1:001086,87983,nilfisk.com,2026-08-23T13:11:24+00:00,2026-08-23T13:11:27+00:00,COMPLETED,50,0,
tfv1:001087,88006,mysticocean.baby,2026-08-23T13:11:29+00:00,2026-08-23T13:11:31+00:00,COMPLETED,0,0,
tfv1:001088,88113,danamon.co.id,2026-08-23T13:11:33+00:00,2026-08-23T13:11:35+00:00,COMPLETED,50,0,
tfv1:001089,88218,aysoocollection.com,2026-08-23T13:11:37+00:00,2026-08-23T13:11:46+00:00,COMPLETED,50,0,
tfv1:001090,88361,indahlogistik.co.id,2026-08-23T13:11:48+00:00,2026-08-23T13:11:50+00:00,COMPLETED,1,0,
tfv1:001091,88466,nuevasrevistas.com,2026-08-23T13:11:52+00:00,2026-08-23T13:11:55+00:00,COMPLETED,50,0,
tfv1:001092,88478,omnisport.com,2026-08-23T13:11:58+00:00,2026-08-23T13:12:01+00:00,COMPLETED,50,0,
tfv1:001093,88508,placedescelibataires.fr,2026-08-23T13:12:04+00:00,2026-08-23T13:12:07+00:00,COMPLETED,7,0,
tfv1:001094,88570,svetserialu.io,2026-08-23T13:12:09+00:00,2026-08-23T13:12:12+00:00,COMPLETED,0,0,
tfv1:001095,88640,xvideos.green,2026-08-23T13:12:14+00:00,2026-08-23T13:12:17+00:00,COMPLETED,0,0,
tfv1:001096,88653,zenfisio.com,2026-08-23T13:12:22+00:00,2026-08-23T13:12:26+00:00,COMPLETED,50,0,
tfv1:001097,88679,userscontent.net,2026-08-23T13:12:28+00:00,2026-08-23T13:12:29+00:00,COMPLETED,0,0,
tfv1:001098,88804,misagames.net,2026-08-23T13:12:32+00:00,2026-08-23T13:12:33+00:00,COMPLETED,0,0,
tfv1:001099,88829,commerce7.com,2026-08-23T13:12:35+00:00,2026-08-23T13:12:38+00:00,COMPLETED,50,0,
tfv1:001100,88917,gbets.in,2026-08-23T13:12:40+00:00,2026-08-23T13:12:42+00:00,COMPLETED,4,0,
tfv1:001101,88997,xn--42c6aa0a3cb5b5do1a.com,2026-08-23T13:12:44+00:00,2026-08-23T13:12:46+00:00,COMPLETED,0,0,
tfv1:001102,89068,flirtchat.in,2026-08-23T13:12:49+00:00,2026-08-23T13:12:55+00:00,COMPLETED,0,0,
tfv1:001103,89070,imgsrv4.com,2026-08-23T13:12:58+00:00,2026-08-23T13:12:59+00:00,COMPLETED,0,0,
tfv1:001104,89112,cirrius.in,2026-08-23T13:13:01+00:00,2026-08-23T13:13:02+00:00,COMPLETED,1,0,
tfv1:001105,89193,rewe.co.at,2026-08-23T13:13:05+00:00,2026-08-23T13:13:07+00:00,COMPLETED,50,0,
tfv1:001106,89281,downloadhub.food,2026-08-23T13:13:09+00:00,2026-08-23T13:13:10+00:00,COMPLETED,50,0,
tfv1:001107,89349,ly200-cdn.com,2026-08-23T13:13:13+00:00,2026-08-23T13:13:14+00:00,COMPLETED,2,0,
tfv1:001108,89565,juejin.im,2026-08-23T13:13:16+00:00,2026-08-23T13:13:18+00:00,COMPLETED,0,0,
tfv1:001109,89708,mavigoldgallery.com,2026-08-23T13:13:21+00:00,2026-08-23T13:13:25+00:00,COMPLETED,50,0,
tfv1:001110,89736,gosupermodel.com,2026-08-23T13:13:27+00:00,2026-08-23T13:13:29+00:00,COMPLETED,50,0,
tfv1:001111,89742,tadalafffil.com,2026-08-23T13:13:31+00:00,2026-08-23T13:13:33+00:00,COMPLETED,1,0,
tfv1:001112,89785,watsons.com.hk,2026-08-23T13:13:35+00:00,2026-08-23T13:13:36+00:00,COMPLETED,50,0,
tfv1:001113,89797,mep-cdn.net,2026-08-23T13:13:39+00:00,2026-08-23T13:13:40+00:00,COMPLETED,0,0,
tfv1:001114,89904,arnotts.ie,2026-08-23T13:13:42+00:00,2026-08-23T13:13:44+00:00,COMPLETED,50,0,
tfv1:001115,89944,puneprimenews.com,2026-08-23T13:13:46+00:00,2026-08-23T13:13:48+00:00,COMPLETED,0,0,
tfv1:001116,89953,revspin.net,2026-08-23T13:13:50+00:00,2026-08-23T13:13:59+00:00,COMPLETED,0,0,
tfv1:001117,89999,app-ses.com,2026-08-23T13:14:01+00:00,2026-08-23T13:14:08+00:00,COMPLETED,0,0,
tfv1:001118,90365,rtbxrtb.com,2026-08-23T13:14:10+00:00,2026-08-23T13:14:12+00:00,COMPLETED,0,0,
tfv1:001119,90466,railways.gov.mm,2026-08-23T13:14:14+00:00,2026-08-23T13:14:17+00:00,COMPLETED,1,0,
tfv1:001120,90529,faymas.in,2026-08-23T13:14:20+00:00,2026-08-23T13:14:21+00:00,COMPLETED,0,0,
tfv1:001121,90614,bostonscally.com,2026-08-23T13:14:27+00:00,2026-08-23T13:14:28+00:00,COMPLETED,10,0,
tfv1:001122,90691,speedstream.live,2026-08-23T13:14:31+00:00,2026-08-23T13:14:32+00:00,COMPLETED,0,0,
tfv1:001123,90700,xoxs13chik.com,2026-08-23T13:14:35+00:00,2026-08-23T13:14:36+00:00,COMPLETED,0,0,
tfv1:001124,90720,losango.com.br,2026-08-23T13:14:38+00:00,2026-08-23T13:14:41+00:00,COMPLETED,13,0,
tfv1:001125,90805,onemedical.com,2026-08-23T13:14:44+00:00,2026-08-23T13:14:45+00:00,COMPLETED,50,0,
tfv1:001126,90846,green-api.com,2026-08-23T13:14:48+00:00,2026-08-23T13:14:50+00:00,COMPLETED,50,0,
tfv1:001127,90964,smartagent.app,2026-08-23T13:14:52+00:00,2026-08-23T13:15:09+00:00,COMPLETED,0,1,
tfv1:001128,90987,eroanime-aniruto.net,2026-08-23T13:15:11+00:00,2026-08-23T13:15:29+00:00,COMPLETED,1,1,
tfv1:001129,90994,mn4u.net,2026-08-23T13:15:31+00:00,2026-08-23T13:15:41+00:00,COMPLETED,0,0,
tfv1:001130,91078,dcsaas.eu,2026-08-23T13:15:44+00:00,2026-08-23T13:15:46+00:00,COMPLETED,0,0,
tfv1:001131,91107,conagrabrands.com,2026-08-23T13:15:48+00:00,2026-08-23T13:15:52+00:00,COMPLETED,50,0,
tfv1:001132,91122,aumanaged.com,2026-08-23T13:15:54+00:00,2026-08-23T13:15:55+00:00,COMPLETED,0,0,
tfv1:001133,91173,vzmr.ru,2026-08-23T13:15:58+00:00,2026-08-23T13:16:00+00:00,COMPLETED,0,0,
tfv1:001134,91252,ragnarevival.com,2026-08-23T13:16:02+00:00,2026-08-23T13:16:05+00:00,COMPLETED,50,0,
tfv1:001135,91290,miss148.com,2026-08-23T13:16:07+00:00,2026-08-23T13:16:09+00:00,COMPLETED,0,0,
tfv1:001136,91364,chatzone.jp,2026-08-23T13:16:11+00:00,2026-08-23T13:16:13+00:00,COMPLETED,50,0,
tfv1:001137,91534,aten.com,2026-08-23T13:16:15+00:00,2026-08-23T13:16:18+00:00,COMPLETED,50,0,
tfv1:001138,91602,trai.gov.in,2026-08-23T13:16:20+00:00,2026-08-23T13:16:23+00:00,COMPLETED,50,0,
tfv1:001139,91654,thebaseballcube.com,2026-08-23T13:16:25+00:00,2026-08-23T13:16:27+00:00,COMPLETED,0,0,
tfv1:001140,91722,dafatoto.lol,2026-08-23T13:16:29+00:00,2026-08-23T13:16:31+00:00,COMPLETED,0,0,
tfv1:001141,91804,mictest.cn,2026-08-23T13:16:34+00:00,2026-08-23T13:16:35+00:00,COMPLETED,2,0,
tfv1:001142,91806,bucgexam.in,2026-08-23T13:16:37+00:00,2026-08-23T13:16:42+00:00,COMPLETED,13,0,
tfv1:001143,91874,thecollegefix.com,2026-08-23T13:16:44+00:00,2026-08-23T13:16:47+00:00,COMPLETED,50,0,
tfv1:001144,92330,4bets365.com,2026-08-23T13:16:49+00:00,2026-08-23T13:16:52+00:00,COMPLETED,0,0,
tfv1:001145,92359,a2zsuvidhaa.com,2026-08-23T13:16:54+00:00,2026-08-23T13:16:56+00:00,COMPLETED,0,0,
tfv1:001146,92438,apkguide.online,2026-08-23T13:17:01+00:00,2026-08-23T13:17:04+00:00,COMPLETED,50,0,
tfv1:001147,92444,arabsnude.com,2026-08-23T13:17:06+00:00,2026-08-23T13:17:07+00:00,COMPLETED,9,0,
tfv1:001148,92449,arohan.in,2026-08-23T13:17:09+00:00,2026-08-23T13:17:10+00:00,COMPLETED,0,0,
tfv1:001149,92588,blackdragon.mobi,2026-08-23T13:17:13+00:00,2026-08-23T13:17:14+00:00,COMPLETED,0,0,
tfv1:001150,92608,bpexch.io,2026-08-23T13:17:16+00:00,2026-08-23T13:17:17+00:00,COMPLETED,0,0,
tfv1:001151,92629,burnesstyle.com,2026-08-23T13:17:20+00:00,2026-08-23T13:17:21+00:00,COMPLETED,50,0,
tfv1:001152,92698,chatiw.fr,2026-08-23T13:17:24+00:00,2026-08-23T13:17:25+00:00,COMPLETED,0,0,
tfv1:001153,92714,cidadewap.net,2026-08-23T13:17:27+00:00,2026-08-23T13:17:28+00:00,COMPLETED,0,0,
tfv1:001154,92731,coitonic.com,2026-08-23T13:17:30+00:00,2026-08-23T13:17:32+00:00,COMPLETED,1,0,
tfv1:001155,92912,ednuva.com,2026-08-23T13:17:34+00:00,2026-08-23T13:17:36+00:00,COMPLETED,25,0,
tfv1:001156,93101,gelinler.az,2026-08-23T13:17:38+00:00,2026-08-23T13:17:54+00:00,COMPLETED,0,1,
tfv1:001157,93138,gold-price-live.com,2026-08-23T13:17:56+00:00,2026-08-23T13:17:58+00:00,COMPLETED,50,0,
tfv1:001158,93201,hiddenadda.com,2026-08-23T13:18:00+00:00,2026-08-23T13:18:01+00:00,COMPLETED,0,0,
tfv1:001159,93250,idpaper.co.kr,2026-08-23T13:18:04+00:00,2026-08-23T13:18:05+00:00,COMPLETED,50,0,
tfv1:001160,93282,indo126-v.com,2026-08-23T13:18:08+00:00,2026-08-23T13:18:09+00:00,COMPLETED,0,0,
tfv1:001161,93332,javxhub.io,2026-08-23T13:18:11+00:00,2026-08-23T13:18:19+00:00,COMPLETED,0,0,
tfv1:001162,93354,jkrevenue.nic.in,2026-08-23T13:18:21+00:00,2026-08-23T13:18:28+00:00,COMPLETED,0,0,
tfv1:001163,93424,khanapara.com,2026-08-23T13:18:30+00:00,2026-08-23T13:18:37+00:00,COMPLETED,1,0,
tfv1:001164,93496,leonevil.com,2026-08-23T13:18:39+00:00,2026-08-23T13:18:41+00:00,COMPLETED,0,0,
tfv1:001165,93514,livegames.co.il,2026-08-23T13:18:43+00:00,2026-08-23T13:18:51+00:00,COMPLETED,0,0,
tfv1:001166,93703,mp3j.me,2026-08-23T13:18:53+00:00,2026-08-23T13:18:55+00:00,COMPLETED,0,0,
tfv1:001167,93791,nicedeer.net,2026-08-23T13:18:57+00:00,2026-08-23T13:18:58+00:00,COMPLETED,0,0,
tfv1:001168,93874,p7prx5xn.com,2026-08-23T13:19:01+00:00,2026-08-23T13:19:02+00:00,COMPLETED,0,0,
tfv1:001169,93918,pepco.es,2026-08-23T13:19:04+00:00,2026-08-23T13:19:06+00:00,COMPLETED,50,0,
tfv1:001170,94059,quicketail.com,2026-08-23T13:19:08+00:00,2026-08-23T13:19:10+00:00,COMPLETED,0,0,
tfv1:001171,94191,satta-king-fix-no.in,2026-08-23T13:19:15+00:00,2026-08-23T13:19:17+00:00,COMPLETED,31,0,
tfv1:001172,94195,sattaindianmatka.com,2026-08-23T13:19:19+00:00,2026-08-23T13:19:21+00:00,COMPLETED,40,0,
tfv1:001173,94391,suruma.in,2026-08-23T13:19:24+00:00,2026-08-23T13:19:25+00:00,COMPLETED,42,0,
tfv1:001174,94408,szexfilmek.com,2026-08-23T13:19:28+00:00,2026-08-23T13:19:30+00:00,COMPLETED,50,0,
tfv1:001175,94418,taiwan-sugar.net,2026-08-23T13:19:32+00:00,2026-08-23T13:19:33+00:00,COMPLETED,16,0,
tfv1:001176,94621,viralnests.in,2026-08-23T13:19:36+00:00,2026-08-23T13:19:37+00:00,COMPLETED,0,0,
tfv1:001177,94683,wildliker.com,2026-08-23T13:19:40+00:00,2026-08-23T13:19:41+00:00,COMPLETED,0,0,
tfv1:001178,94770,yourvoicepanel.co.uk,2026-08-23T13:19:44+00:00,2026-08-23T13:19:45+00:00,COMPLETED,0,0,
tfv1:001179,94844,xuexila.com,2026-08-23T13:19:47+00:00,2026-08-23T13:19:49+00:00,COMPLETED,50,0,
tfv1:001180,94853,udd.cl,2026-08-23T13:19:52+00:00,2026-08-23T13:19:54+00:00,COMPLETED,50,0,
tfv1:001181,94945,rtrs.tv,2026-08-23T13:19:56+00:00,2026-08-23T13:19:58+00:00,COMPLETED,50,0,
tfv1:001182,94988,vkvideo.uk,2026-08-23T13:20:00+00:00,2026-08-23T13:20:02+00:00,COMPLETED,0,0,
tfv1:001183,95049,g10498469755.co,2026-08-23T13:20:04+00:00,2026-08-23T13:20:06+00:00,COMPLETED,0,0,
tfv1:001184,95134,sol.net,2026-08-23T13:20:09+00:00,2026-08-23T13:20:10+00:00,COMPLETED,0,0,
tfv1:001185,95179,jingwxcx.com,2026-08-23T13:20:12+00:00,2026-08-23T13:20:13+00:00,COMPLETED,20,0,
tfv1:001186,95231,sspcdn-a.net,2026-08-23T13:20:15+00:00,2026-08-23T13:20:18+00:00,COMPLETED,0,0,
tfv1:001187,95241,danaher.com,2026-08-23T13:20:20+00:00,2026-08-23T13:20:21+00:00,COMPLETED,50,0,
tfv1:001188,95260,ffalcon.cn,2026-08-23T13:20:24+00:00,2026-08-23T13:20:25+00:00,COMPLETED,0,0,
tfv1:001189,95261,tokyo2020.org,2026-08-23T13:20:27+00:00,2026-08-23T13:20:28+00:00,COMPLETED,0,0,
tfv1:001190,95337,backup.management,2026-08-23T13:20:31+00:00,2026-08-23T13:20:32+00:00,COMPLETED,1,0,
tfv1:001191,95398,allplan.com,2026-08-23T13:20:34+00:00,2026-08-23T13:20:36+00:00,COMPLETED,50,0,
tfv1:001192,95461,fminside.net,2026-08-23T13:20:39+00:00,2026-08-23T13:20:40+00:00,COMPLETED,0,0,
tfv1:001193,95483,akeneo.com,2026-08-23T13:20:42+00:00,2026-08-23T13:20:45+00:00,COMPLETED,50,0,
tfv1:001194,95692,breeam.com,2026-08-23T13:20:47+00:00,2026-08-23T13:20:49+00:00,COMPLETED,0,0,
tfv1:001195,95706,schedulegalaxy.com,2026-08-23T13:20:51+00:00,2026-08-23T13:20:56+00:00,COMPLETED,50,0,
tfv1:001196,95712,nrpa.org,2026-08-23T13:21:02+00:00,2026-08-23T13:21:07+00:00,COMPLETED,50,0,
tfv1:001197,95761,leader-id.ru,2026-08-23T13:21:10+00:00,2026-08-23T13:21:11+00:00,COMPLETED,24,0,
tfv1:001198,95828,fleetio.com,2026-08-23T13:21:14+00:00,2026-08-23T13:21:22+00:00,COMPLETED,50,0,
tfv1:001199,95841,barebackbastards.com,2026-08-23T13:21:24+00:00,2026-08-23T13:21:26+00:00,COMPLETED,50,0,
tfv1:001200,95858,sex-rezmoa.com,2026-08-23T13:21:29+00:00,2026-08-23T13:21:30+00:00,COMPLETED,0,0,
tfv1:001201,95953,modohiyaku.com,2026-08-23T13:21:33+00:00,2026-08-23T13:21:35+00:00,COMPLETED,0,0,
tfv1:001202,96063,slidegeeks.com,2026-08-23T13:21:37+00:00,2026-08-23T13:21:40+00:00,COMPLETED,0,0,
tfv1:001203,96071,clorox.com,2026-08-23T13:21:42+00:00,2026-08-23T13:21:44+00:00,COMPLETED,50,0,
tfv1:001204,96131,nafezly.com,2026-08-23T13:21:46+00:00,2026-08-23T13:21:50+00:00,COMPLETED,50,0,
tfv1:001205,96218,ctrtraffic.com,2026-08-23T13:21:52+00:00,2026-08-23T13:21:54+00:00,COMPLETED,0,0,
tfv1:001206,96230,ohioresidentdatabase.com,2026-08-23T13:21:56+00:00,2026-08-23T13:21:57+00:00,COMPLETED,0,0,
tfv1:001207,96332,axonify.com,2026-08-23T13:22:00+00:00,2026-08-23T13:22:02+00:00,COMPLETED,50,0,
tfv1:001208,96355,onerpm.link,2026-08-23T13:22:04+00:00,2026-08-23T13:22:07+00:00,COMPLETED,50,0,
tfv1:001209,96401,blackbox.com,2026-08-23T13:22:10+00:00,2026-08-23T13:22:14+00:00,COMPLETED,5,0,
tfv1:001210,96517,zinrelo.com,2026-08-23T13:22:17+00:00,2026-08-23T13:22:18+00:00,COMPLETED,0,0,
tfv1:001211,96652,redway.ru,2026-08-23T13:22:20+00:00,2026-08-23T13:22:21+00:00,COMPLETED,0,0,
tfv1:001212,96860,javidnaman.com,2026-08-23T13:22:24+00:00,2026-08-23T13:22:25+00:00,COMPLETED,0,0,
tfv1:001213,96964,hbtvby.com,2026-08-23T13:22:27+00:00,2026-08-23T13:22:31+00:00,COMPLETED,32,0,
tfv1:001214,97079,mergeab.uk,2026-08-23T13:22:34+00:00,2026-08-23T13:22:35+00:00,COMPLETED,0,0,
tfv1:001215,97102,nationsreportcard.gov,2026-08-23T13:22:37+00:00,2026-08-23T13:22:39+00:00,COMPLETED,50,0,
tfv1:001216,97191,tengrisport.kz,2026-08-23T13:22:41+00:00,2026-08-23T13:22:43+00:00,COMPLETED,50,0,
tfv1:001217,97247,kaixin001.com,2026-08-23T13:22:46+00:00,2026-08-23T13:22:47+00:00,COMPLETED,0,0,
tfv1:001218,97271,finestresullarte.info,2026-08-23T13:22:49+00:00,2026-08-23T13:22:51+00:00,COMPLETED,50,0,
tfv1:001219,97347,entitydata.net.au,2026-08-23T13:22:53+00:00,2026-08-23T13:22:54+00:00,COMPLETED,0,0,
tfv1:001220,97487,alean.ru,2026-08-23T13:22:57+00:00,2026-08-23T13:22:59+00:00,COMPLETED,50,0,
tfv1:001221,97583,radioking.com,2026-08-23T13:23:05+00:00,2026-08-23T13:23:07+00:00,COMPLETED,50,0,
tfv1:001222,97909,gouv.mc,2026-08-23T13:23:09+00:00,2026-08-23T13:23:11+00:00,COMPLETED,50,0,
tfv1:001223,98091,beinarun.com,2026-08-23T13:23:13+00:00,2026-08-23T13:23:15+00:00,COMPLETED,0,0,
tfv1:001224,98139,jobscout24.ch,2026-08-23T13:23:18+00:00,2026-08-23T13:23:21+00:00,COMPLETED,50,0,
tfv1:001225,98406,vermax.com,2026-08-23T13:23:24+00:00,2026-08-23T13:23:25+00:00,COMPLETED,1,0,
tfv1:001226,98503,gemini.edu,2026-08-23T13:23:28+00:00,2026-08-23T13:23:29+00:00,COMPLETED,1,0,
tfv1:001227,98686,beatbot.com,2026-08-23T13:23:31+00:00,2026-08-23T13:23:35+00:00,COMPLETED,50,0,
tfv1:001228,98803,shine.cn,2026-08-23T13:23:38+00:00,2026-08-23T13:23:39+00:00,COMPLETED,2,0,
tfv1:001229,98805,bitcash.jp,2026-08-23T13:23:42+00:00,2026-08-23T13:23:45+00:00,COMPLETED,50,0,
tfv1:001230,98836,usmc-mccs.org,2026-08-23T13:23:48+00:00,2026-08-23T13:23:51+00:00,COMPLETED,50,0,
tfv1:001231,98886,divers-supply.com,2026-08-23T13:23:53+00:00,2026-08-23T13:23:56+00:00,COMPLETED,50,0,
tfv1:001232,98910,xoilaccm.tv,2026-08-23T13:23:58+00:00,2026-08-23T13:23:59+00:00,COMPLETED,0,0,
tfv1:001233,98941,kaartje2go.nl,2026-08-23T13:24:02+00:00,2026-08-23T13:24:04+00:00,COMPLETED,50,0,
tfv1:001234,99017,darwin-online.org.uk,2026-08-23T13:24:06+00:00,2026-08-23T13:24:08+00:00,COMPLETED,50,0,
tfv1:001235,99084,livetruematch.com,2026-08-23T13:24:10+00:00,2026-08-23T13:24:13+00:00,COMPLETED,0,0,
tfv1:001236,99184,brandyourself.com,2026-08-23T13:24:15+00:00,2026-08-23T13:24:17+00:00,COMPLETED,50,0,
tfv1:001237,99335,fiberx.co.in,2026-08-23T13:24:20+00:00,2026-08-23T13:24:21+00:00,COMPLETED,15,0,
tfv1:001238,99430,highereddive.com,2026-08-23T13:24:23+00:00,2026-08-23T13:24:25+00:00,COMPLETED,50,0,
tfv1:001239,99518,upm.edu.ph,2026-08-23T13:24:27+00:00,2026-08-23T13:24:30+00:00,COMPLETED,50,0,
tfv1:001240,99563,wan.com,2026-08-23T13:24:32+00:00,2026-08-23T13:24:34+00:00,COMPLETED,50,0,
tfv1:001241,99575,collabstr.com,2026-08-23T13:24:36+00:00,2026-08-23T13:24:37+00:00,COMPLETED,0,0,
tfv1:001242,99688,usbanklocations.com,2026-08-23T13:24:40+00:00,2026-08-23T13:24:41+00:00,COMPLETED,0,0,
tfv1:001243,99769,frf-ajf.ro,2026-08-23T13:24:43+00:00,2026-08-23T13:24:45+00:00,COMPLETED,0,0,
tfv1:001244,99807,morellato.com,2026-08-23T13:24:47+00:00,2026-08-23T13:24:48+00:00,COMPLETED,1,0,
tfv1:001245,99821,lancashire.gov.uk,2026-08-23T13:24:51+00:00,2026-08-23T13:24:52+00:00,COMPLETED,50,0,
tfv1:001246,99832,workato-preview.app,2026-08-23T13:24:58+00:00,2026-08-23T13:24:59+00:00,COMPLETED,0,0,
tfv1:001247,99841,themedialine.org,2026-08-23T13:25:02+00:00,2026-08-23T13:25:03+00:00,COMPLETED,0,0,
tfv1:001248,99951,cyberfusion.nl,2026-08-23T13:25:06+00:00,2026-08-23T13:25:07+00:00,COMPLETED,0,0,
tfv1:001249,99987,ltetadafiilus.com,2026-08-23T13:25:09+00:00,2026-08-23T13:25:11+00:00,COMPLETED,0,0,
tfv1:001250,99996,xecce.com,2026-08-23T13:25:13+00:00,2026-08-23T13:25:15+00:00,COMPLETED,50,0,
tfv1:001251,100411,rekord.com.pl,2026-08-23T13:32:01+00:00,2026-08-23T13:32:03+00:00,COMPLETED,50,0,
tfv1:001252,100744,crackberry.com,2026-08-23T13:32:06+00:00,2026-08-23T13:32:07+00:00,COMPLETED,0,0,
tfv1:001253,101377,szsltx.com,2026-08-23T13:32:09+00:00,2026-08-23T13:32:19+00:00,COMPLETED,50,1,
tfv1:001254,101601,vincispins.com,2026-08-23T13:32:21+00:00,2026-08-23T13:32:22+00:00,COMPLETED,0,0,
tfv1:001255,102016,167.in-addr.arpa,2026-08-23T13:32:25+00:00,2026-08-23T13:32:26+00:00,COMPLETED,0,0,
tfv1:001256,102027,classifiedads.com,2026-08-23T13:32:29+00:00,2026-08-23T13:32:34+00:00,COMPLETED,50,0,
tfv1:001257,103649,san-x.co.jp,2026-08-23T13:32:36+00:00,2026-08-23T13:32:38+00:00,COMPLETED,50,0,
tfv1:001258,103896,agame.com,2026-08-23T13:32:41+00:00,2026-08-23T13:32:42+00:00,COMPLETED,50,0,
tfv1:001259,104137,wias-berlin.de,2026-08-23T13:32:45+00:00,2026-08-23T13:32:48+00:00,COMPLETED,50,0,
tfv1:001260,104258,poules.com,2026-08-23T13:32:51+00:00,2026-08-23T13:32:52+00:00,COMPLETED,50,0,
tfv1:001261,104309,booksci.cn,2026-08-23T13:32:54+00:00,2026-08-23T13:32:56+00:00,COMPLETED,50,0,
tfv1:001262,104780,fineapptech.com,2026-08-23T13:32:59+00:00,2026-08-23T13:33:00+00:00,COMPLETED,0,0,
tfv1:001263,104913,20gigs.com,2026-08-23T13:33:02+00:00,2026-08-23T13:33:04+00:00,COMPLETED,0,0,
tfv1:001264,104982,ses-network.net,2026-08-23T13:33:07+00:00,2026-08-23T13:33:08+00:00,COMPLETED,0,0,
tfv1:001265,105331,pryntavo.xyz,2026-08-23T13:33:10+00:00,2026-08-23T13:33:11+00:00,COMPLETED,0,0,
tfv1:001266,105468,astrotalk.in,2026-08-23T13:33:14+00:00,2026-08-23T13:33:15+00:00,COMPLETED,0,0,
tfv1:001267,105599,engagereaders.net,2026-08-23T13:33:17+00:00,2026-08-23T13:33:19+00:00,COMPLETED,0,0,
tfv1:001268,106561,avalonia.com,2026-08-23T13:33:21+00:00,2026-08-23T13:33:22+00:00,COMPLETED,0,0,
tfv1:001269,106759,smsv.com.ar,2026-08-23T13:33:24+00:00,2026-08-23T13:33:26+00:00,COMPLETED,13,0,
tfv1:001270,106883,ymkt0o6ebj.ru,2026-08-23T13:33:28+00:00,2026-08-23T13:33:30+00:00,COMPLETED,0,0,
tfv1:001271,106992,3pkf5m0gd.com,2026-08-23T13:33:32+00:00,2026-08-23T13:33:33+00:00,COMPLETED,0,0,
tfv1:001272,107390,1eobuchg.com,2026-08-23T13:33:35+00:00,2026-08-23T13:33:37+00:00,COMPLETED,0,0,
tfv1:001273,107590,flvto.onl,2026-08-23T13:33:39+00:00,2026-08-23T13:33:40+00:00,COMPLETED,0,0,
tfv1:001274,108037,vlbook247.co,2026-08-23T13:33:42+00:00,2026-08-23T13:33:44+00:00,COMPLETED,0,0,
tfv1:001275,108166,wm.ru,2026-08-23T13:33:46+00:00,2026-08-23T13:33:48+00:00,COMPLETED,50,0,
tfv1:001276,108577,aefinfo.fr,2026-08-23T13:33:54+00:00,2026-08-23T13:33:56+00:00,COMPLETED,7,0,
tfv1:001277,109600,qmjth2940637fafa.com,2026-08-23T13:33:58+00:00,2026-08-23T13:33:59+00:00,COMPLETED,0,0,
tfv1:001278,109696,lemoyne.edu,2026-08-23T13:34:02+00:00,2026-08-23T13:34:04+00:00,COMPLETED,50,0,
tfv1:001279,109755,leads.su,2026-08-23T13:34:06+00:00,2026-08-23T13:34:09+00:00,COMPLETED,50,0,
tfv1:001280,109859,cidadania.gov.br,2026-08-23T13:34:12+00:00,2026-08-23T13:34:13+00:00,COMPLETED,9,0,
tfv1:001281,109896,fingerprint.com,2026-08-23T13:34:16+00:00,2026-08-23T13:34:17+00:00,COMPLETED,50,0,
tfv1:001282,110041,bbfc.co.uk,2026-08-23T13:34:20+00:00,2026-08-23T13:34:23+00:00,COMPLETED,50,0,
tfv1:001283,110261,reestr-pki.ru,2026-08-23T13:34:25+00:00,2026-08-23T13:34:26+00:00,COMPLETED,0,0,
tfv1:001284,110754,enterticket.es,2026-08-23T13:34:29+00:00,2026-08-23T13:34:31+00:00,COMPLETED,50,0,
tfv1:001285,110986,uic.org,2026-08-23T13:34:33+00:00,2026-08-23T13:34:35+00:00,COMPLETED,30,0,
tfv1:001286,111090,3xchina.net,2026-08-23T13:34:37+00:00,2026-08-23T13:34:39+00:00,COMPLETED,0,0,
tfv1:001287,111368,thebusinessdesk.com,2026-08-23T13:34:41+00:00,2026-08-23T13:34:43+00:00,COMPLETED,50,0,
tfv1:001288,111413,ipsl.fr,2026-08-23T13:34:45+00:00,2026-08-23T13:34:47+00:00,COMPLETED,50,0,
tfv1:001289,111454,whkf.net,2026-08-23T13:34:50+00:00,2026-08-23T13:34:52+00:00,COMPLETED,11,0,
tfv1:001290,111484,sst.dk,2026-08-23T13:34:55+00:00,2026-08-23T13:34:56+00:00,COMPLETED,50,0,
tfv1:001291,111623,generadordeprecios.info,2026-08-23T13:34:59+00:00,2026-08-23T13:35:01+00:00,COMPLETED,50,0,
tfv1:001292,111888,epg.pw,2026-08-23T13:35:04+00:00,2026-08-23T13:35:06+00:00,COMPLETED,50,0,
tfv1:001293,111906,evereve.com,2026-08-23T13:35:09+00:00,2026-08-23T13:35:11+00:00,COMPLETED,50,0,
tfv1:001294,112518,rummy-stars.com,2026-08-23T13:35:13+00:00,2026-08-23T13:35:15+00:00,COMPLETED,1,0,
tfv1:001295,112532,sinai.net.co,2026-08-23T13:35:17+00:00,2026-08-23T13:35:18+00:00,COMPLETED,0,0,
tfv1:001296,113045,grainajz.com,2026-08-23T13:35:21+00:00,2026-08-23T13:35:22+00:00,COMPLETED,0,0,
tfv1:001297,113259,connect.de,2026-08-23T13:35:25+00:00,2026-08-23T13:35:27+00:00,COMPLETED,21,0,
tfv1:001298,113487,alliancebernstein.com,2026-08-23T13:35:30+00:00,2026-08-23T13:35:31+00:00,COMPLETED,50,0,
tfv1:001299,113679,booktavern.com,2026-08-23T13:35:34+00:00,2026-08-23T13:35:35+00:00,COMPLETED,0,0,
tfv1:001300,113728,ihscp.com,2026-08-23T13:35:37+00:00,2026-08-23T13:35:41+00:00,COMPLETED,0,0,
tfv1:001301,113737,accesscomm.ca,2026-08-23T13:35:47+00:00,2026-08-23T13:35:49+00:00,COMPLETED,50,0,
tfv1:001302,113792,mccdn.me,2026-08-23T13:35:52+00:00,2026-08-23T13:35:53+00:00,COMPLETED,0,0,
tfv1:001303,113961,dolomitisuperski.com,2026-08-23T13:35:55+00:00,2026-08-23T13:35:57+00:00,COMPLETED,7,0,
tfv1:001304,114361,fonecta.fi,2026-08-23T13:35:59+00:00,2026-08-23T13:36:01+00:00,COMPLETED,50,0,
tfv1:001305,114726,easistent.com,2026-08-23T13:36:04+00:00,2026-08-23T13:36:05+00:00,COMPLETED,50,0,
tfv1:001306,114914,typenetwork.com,2026-08-23T13:36:08+00:00,2026-08-23T13:36:11+00:00,COMPLETED,50,0,
tfv1:001307,115724,ppipe.net,2026-08-23T13:36:13+00:00,2026-08-23T13:36:14+00:00,COMPLETED,0,0,
tfv1:001308,115873,bisag-n.gov.in,2026-08-23T13:36:17+00:00,2026-08-23T13:36:20+00:00,COMPLETED,22,0,
tfv1:001309,115946,bitbin.it,2026-08-23T13:36:22+00:00,2026-08-23T13:36:24+00:00,COMPLETED,50,0,
tfv1:001310,116220,ient.fr,2026-08-23T13:36:26+00:00,2026-08-23T13:36:28+00:00,COMPLETED,0,0,
tfv1:001311,116465,racik198b.xn--6frz82g,2026-08-23T13:36:30+00:00,2026-08-23T13:36:31+00:00,COMPLETED,1,0,
tfv1:001312,116542,telemeet.online,2026-08-23T13:36:34+00:00,2026-08-23T13:36:35+00:00,COMPLETED,0,0,
tfv1:001313,116572,uye-terongbet.site,2026-08-23T13:36:37+00:00,2026-08-23T13:36:39+00:00,COMPLETED,0,0,
tfv1:001314,116662,twgdns.com,2026-08-23T13:36:41+00:00,2026-08-23T13:36:43+00:00,COMPLETED,0,0,
tfv1:001315,117219,basefarm.net,2026-08-23T13:36:45+00:00,2026-08-23T13:36:46+00:00,COMPLETED,10,0,
tfv1:001316,117279,alpharatio.cc,2026-08-23T13:36:49+00:00,2026-08-23T13:36:50+00:00,COMPLETED,0,0,
tfv1:001317,117599,providus.rs,2026-08-23T13:36:52+00:00,2026-08-23T13:36:53+00:00,COMPLETED,1,0,
tfv1:001318,117711,ion-as.nl,2026-08-23T13:36:56+00:00,2026-08-23T13:36:57+00:00,COMPLETED,0,0,
tfv1:001319,117742,pyridostigmine0x7.com,2026-08-23T13:37:00+00:00,2026-08-23T13:37:01+00:00,COMPLETED,0,0,
tfv1:001320,117901,algorand.co,2026-08-23T13:37:04+00:00,2026-08-23T13:37:06+00:00,COMPLETED,50,0,
tfv1:001321,117986,knet.ca,2026-08-23T13:37:08+00:00,2026-08-23T13:37:12+00:00,COMPLETED,50,0,
tfv1:001322,118242,woolworthsgroup.com.au,2026-08-23T13:37:15+00:00,2026-08-23T13:37:16+00:00,COMPLETED,50,0,
tfv1:001323,118895,ch-aviation.com,2026-08-23T13:37:19+00:00,2026-08-23T13:37:21+00:00,COMPLETED,50,0,
tfv1:001324,119266,revivephotopro.com,2026-08-23T13:37:23+00:00,2026-08-23T13:37:24+00:00,COMPLETED,0,0,
tfv1:001325,119449,anychars.fun,2026-08-23T13:37:27+00:00,2026-08-23T13:37:28+00:00,COMPLETED,0,0,
tfv1:001326,119740,acheckerviet.xyz,2026-08-23T13:37:34+00:00,2026-08-23T13:37:35+00:00,COMPLETED,0,0,
tfv1:001327,119754,alexisgrunt.com,2026-08-23T13:37:38+00:00,2026-08-23T13:37:39+00:00,COMPLETED,0,0,
tfv1:001328,120023,etofilm.com,2026-08-23T13:37:42+00:00,2026-08-23T13:37:45+00:00,COMPLETED,0,0,
tfv1:001329,120115,grandpashabet8203.com,2026-08-23T13:37:48+00:00,2026-08-23T13:37:49+00:00,COMPLETED,0,0,
tfv1:001330,120229,kilau4dasli.org,2026-08-23T13:37:52+00:00,2026-08-23T13:37:54+00:00,COMPLETED,0,0,
tfv1:001331,120412,mp4izle.com,2026-08-23T13:37:57+00:00,2026-08-23T13:37:58+00:00,COMPLETED,0,0,
tfv1:001332,120617,rophim10.app,2026-08-23T13:38:00+00:00,2026-08-23T13:38:01+00:00,COMPLETED,0,0,
tfv1:001333,120769,teslatoto344.com,2026-08-23T13:38:04+00:00,2026-08-23T13:38:05+00:00,COMPLETED,0,0,
tfv1:001334,121179,hotporntubes.com,2026-08-23T13:38:08+00:00,2026-08-23T13:38:09+00:00,COMPLETED,50,0,
tfv1:001335,121366,cl-system.jp,2026-08-23T13:38:12+00:00,2026-08-23T13:38:13+00:00,COMPLETED,17,0,
tfv1:001336,121387,officiallondontheatre.com,2026-08-23T13:38:16+00:00,2026-08-23T13:38:17+00:00,COMPLETED,0,0,
tfv1:001337,121393,w3fizxl65eud8-jau3o.so,2026-08-23T13:38:19+00:00,2026-08-23T13:38:21+00:00,COMPLETED,0,0,
tfv1:001338,121988,kmuh.org.tw,2026-08-23T13:38:23+00:00,2026-08-23T13:38:25+00:00,COMPLETED,29,0,
tfv1:001339,122107,sendwave.com,2026-08-23T13:38:27+00:00,2026-08-23T13:38:29+00:00,COMPLETED,50,0,
tfv1:001340,122209,diy-artclub.com,2026-08-23T13:38:31+00:00,2026-08-23T13:38:33+00:00,COMPLETED,31,0,
tfv1:001341,122271,visitthecapitol.gov,2026-08-23T13:38:35+00:00,2026-08-23T13:38:37+00:00,COMPLETED,50,0,
tfv1:001342,122378,isbn.nu,2026-08-23T13:38:39+00:00,2026-08-23T13:38:41+00:00,COMPLETED,0,0,
tfv1:001343,122444,szbldt.com,2026-08-23T13:38:43+00:00,2026-08-23T13:38:46+00:00,COMPLETED,11,0,
tfv1:001344,123103,urait.ru,2026-08-23T13:38:48+00:00,2026-08-23T13:38:59+00:00,COMPLETED,50,1,
tfv1:001345,123628,socom.mil,2026-08-23T13:39:02+00:00,2026-08-23T13:39:04+00:00,COMPLETED,50,0,
tfv1:001346,123671,partizan.global,2026-08-23T13:39:07+00:00,2026-08-23T13:39:08+00:00,COMPLETED,7,0,
tfv1:001347,123673,hnagroup.com,2026-08-23T13:39:11+00:00,2026-08-23T13:39:12+00:00,COMPLETED,2,0,
tfv1:001348,123915,jctrans.com,2026-08-23T13:39:14+00:00,2026-08-23T13:39:16+00:00,COMPLETED,50,0,
tfv1:001349,124032,ocadu.ca,2026-08-23T13:39:19+00:00,2026-08-23T13:39:21+00:00,COMPLETED,50,0,
tfv1:001350,124043,moluch.ru,2026-08-23T13:39:23+00:00,2026-08-23T13:39:25+00:00,COMPLETED,50,0,
tfv1:001351,124054,tq12532.com,2026-08-23T13:39:31+00:00,2026-08-23T13:39:33+00:00,COMPLETED,0,0,
tfv1:001352,124440,spar.co.za,2026-08-23T13:39:35+00:00,2026-08-23T13:39:37+00:00,COMPLETED,50,0,
tfv1:001353,124499,bilbao.eus,2026-08-23T13:39:40+00:00,2026-08-23T13:39:43+00:00,COMPLETED,50,0,
tfv1:001354,124775,rebyte.me,2026-08-23T13:39:46+00:00,2026-08-23T13:39:47+00:00,COMPLETED,0,0,
tfv1:001355,124927,smart-sense.org,2026-08-23T13:39:49+00:00,2026-08-23T13:39:50+00:00,COMPLETED,0,0,
tfv1:001356,125314,identitymanagementcenter.com,2026-08-23T13:39:53+00:00,2026-08-23T13:39:54+00:00,COMPLETED,3,0,
tfv1:001357,125479,canonrumors.com,2026-08-23T13:39:57+00:00,2026-08-23T13:39:59+00:00,COMPLETED,30,0,
tfv1:001358,125958,alpsview.com,2026-08-23T13:40:01+00:00,2026-08-23T13:40:02+00:00,COMPLETED,8,0,
tfv1:001359,125975,heraklion.gr,2026-08-23T13:40:05+00:00,2026-08-23T13:40:08+00:00,COMPLETED,50,0,
tfv1:001360,126000,northside.com,2026-08-23T13:40:11+00:00,2026-08-23T13:40:12+00:00,COMPLETED,50,0,
tfv1:001361,126046,rerrkvifj.com,2026-08-23T13:40:15+00:00,2026-08-23T13:40:16+00:00,COMPLETED,0,0,
tfv1:001362,126514,hostingindustries.nl,2026-08-23T13:40:18+00:00,2026-08-23T13:40:19+00:00,COMPLETED,11,0,
tfv1:001363,126894,szccm.com,2026-08-23T13:40:22+00:00,2026-08-23T13:40:25+00:00,COMPLETED,50,0,
tfv1:001364,126950,basistheory.com,2026-08-23T13:40:28+00:00,2026-08-23T13:40:29+00:00,COMPLETED,50,0,
tfv1:001365,127133,cdmmc.org,2026-08-23T13:40:32+00:00,2026-08-23T13:40:33+00:00,COMPLETED,0,0,
tfv1:001366,127159,jimcarreyonline.com,2026-08-23T13:40:36+00:00,2026-08-23T13:40:39+00:00,COMPLETED,50,0,
tfv1:001367,127175,avaamo.com,2026-08-23T13:40:42+00:00,2026-08-23T13:40:43+00:00,COMPLETED,0,0,
tfv1:001368,127752,ntuity.io,2026-08-23T13:40:45+00:00,2026-08-23T13:40:47+00:00,COMPLETED,1,0,
tfv1:001369,128302,escentual.com,2026-08-23T13:40:49+00:00,2026-08-23T13:40:51+00:00,COMPLETED,4,0,
tfv1:001370,128369,graphy.com,2026-08-23T13:40:53+00:00,2026-08-23T13:40:57+00:00,COMPLETED,50,0,
tfv1:001371,128403,basenet.nl,2026-08-23T13:40:59+00:00,2026-08-23T13:41:00+00:00,COMPLETED,16,0,
tfv1:001372,128588,cardeasexml.com,2026-08-23T13:41:03+00:00,2026-08-23T13:41:04+00:00,COMPLETED,0,0,
tfv1:001373,128817,canalesfurniture.com,2026-08-23T13:41:07+00:00,2026-08-23T13:41:08+00:00,COMPLETED,4,0,
tfv1:001374,129061,000domains.com,2026-08-23T13:41:10+00:00,2026-08-23T13:41:11+00:00,COMPLETED,0,0,
tfv1:001375,129070,senraise.com,2026-08-23T13:41:14+00:00,2026-08-23T13:41:15+00:00,COMPLETED,0,0,
tfv1:001376,129147,gundamit.com,2026-08-23T13:41:22+00:00,2026-08-23T13:41:23+00:00,COMPLETED,0,0,
tfv1:001377,129793,acientirani-uor4.ir,2026-08-23T13:41:25+00:00,2026-08-23T13:41:26+00:00,COMPLETED,0,0,
tfv1:001378,129837,acres.com,2026-08-23T13:41:29+00:00,2026-08-23T13:41:31+00:00,COMPLETED,45,0,
tfv1:001379,129892,webhostingireland.eu,2026-08-23T13:41:33+00:00,2026-08-23T13:41:34+00:00,COMPLETED,0,0,
tfv1:001380,129993,law.asia,2026-08-23T13:41:37+00:00,2026-08-23T13:41:39+00:00,COMPLETED,50,0,
tfv1:001381,130117,ns2.gob.cl,2026-08-23T13:41:41+00:00,2026-08-23T13:41:43+00:00,COMPLETED,0,0,
tfv1:001382,130192,initjj.com,2026-08-23T13:41:45+00:00,2026-08-23T13:41:46+00:00,COMPLETED,0,0,
tfv1:001383,130193,rspamd.net,2026-08-23T13:41:49+00:00,2026-08-23T13:41:50+00:00,COMPLETED,0,0,
tfv1:001384,130441,pandawhole.com,2026-08-23T13:41:52+00:00,2026-08-23T13:41:53+00:00,COMPLETED,0,0,
tfv1:001385,130586,libn.com,2026-08-23T13:41:56+00:00,2026-08-23T13:41:57+00:00,COMPLETED,0,0,
tfv1:001386,131454,mybuddy.ai,2026-08-23T13:42:00+00:00,2026-08-23T13:42:01+00:00,COMPLETED,2,0,
tfv1:001387,131942,keenswh.com,2026-08-23T13:42:04+00:00,2026-08-23T13:42:09+00:00,COMPLETED,50,0,
tfv1:001388,132024,route66auctions.com,2026-08-23T13:42:11+00:00,2026-08-23T13:42:13+00:00,COMPLETED,50,0,
tfv1:001389,132043,awsdns-cn-32.cn,2026-08-23T13:42:16+00:00,2026-08-23T13:42:17+00:00,COMPLETED,0,0,
tfv1:001390,132399,amdocs-dbs.com,2026-08-23T13:42:20+00:00,2026-08-23T13:42:21+00:00,COMPLETED,0,0,
tfv1:001391,132631,ayaosgb.com,2026-08-23T13:42:24+00:00,2026-08-23T13:42:25+00:00,COMPLETED,0,0,
tfv1:001392,132684,auburntigers.com,2026-08-23T13:42:28+00:00,2026-08-23T13:42:33+00:00,COMPLETED,50,0,
tfv1:001393,133011,tenement.org,2026-08-23T13:42:36+00:00,2026-08-23T13:42:38+00:00,COMPLETED,50,0,
tfv1:001394,133081,worldwinner.com,2026-08-23T13:42:40+00:00,2026-08-23T13:42:43+00:00,COMPLETED,11,0,
tfv1:001395,133229,kt1.io,2026-08-23T13:42:45+00:00,2026-08-23T13:42:48+00:00,COMPLETED,0,0,
tfv1:001396,133501,multitronic.fi,2026-08-23T13:42:51+00:00,2026-08-23T13:42:56+00:00,COMPLETED,50,0,
tfv1:001397,133804,helcel.net,2026-08-23T13:42:59+00:00,2026-08-23T13:43:00+00:00,COMPLETED,3,0,
tfv1:001398,133866,svobodanews.ru,2026-08-23T13:43:03+00:00,2026-08-23T13:43:04+00:00,COMPLETED,0,0,
tfv1:001399,134077,cco-nantes.org,2026-08-23T13:43:07+00:00,2026-08-23T13:43:08+00:00,COMPLETED,0,0,
tfv1:001400,134109,bcicdn.com,2026-08-23T13:43:11+00:00,2026-08-23T13:43:12+00:00,COMPLETED,1,0,
tfv1:001401,134354,duoke.com,2026-08-23T13:43:19+00:00,2026-08-23T13:43:21+00:00,COMPLETED,0,0,
tfv1:001402,134449,doane.edu,2026-08-23T13:43:24+00:00,2026-08-23T13:43:25+00:00,COMPLETED,50,0,
tfv1:001403,134552,shrsjsgc.com,2026-08-23T13:43:28+00:00,2026-08-23T13:43:30+00:00,COMPLETED,0,0,
tfv1:001404,134645,n.nu,2026-08-23T13:43:32+00:00,2026-08-23T13:43:34+00:00,COMPLETED,50,0,
tfv1:001405,134973,a3kvau184uea.com,2026-08-23T13:43:37+00:00,2026-08-23T13:43:38+00:00,COMPLETED,0,0,
tfv1:001406,135351,snaptik.sbs,2026-08-23T13:43:41+00:00,2026-08-23T13:43:42+00:00,COMPLETED,0,0,
tfv1:001407,135564,trkkn.com,2026-08-23T13:43:45+00:00,2026-08-23T13:43:46+00:00,COMPLETED,50,0,
tfv1:001408,135976,freestart.plc.uk,2026-08-23T13:43:49+00:00,2026-08-23T13:43:50+00:00,COMPLETED,0,0,
tfv1:001409,136062,adidas.fi,2026-08-23T13:43:53+00:00,2026-08-23T13:43:54+00:00,COMPLETED,50,0,
tfv1:001410,136071,fisheriessupply.com,2026-08-23T13:43:57+00:00,2026-08-23T13:43:58+00:00,COMPLETED,0,0,
tfv1:001411,136281,brightsg.com,2026-08-23T13:44:01+00:00,2026-08-23T13:44:03+00:00,COMPLETED,50,0,
tfv1:001412,136384,citis.ru,2026-08-23T13:44:06+00:00,2026-08-23T13:44:08+00:00,COMPLETED,50,0,
tfv1:001413,136642,passion.com,2026-08-23T13:44:11+00:00,2026-08-23T13:44:13+00:00,COMPLETED,50,0,
tfv1:001414,136899,beppegrillo.it,2026-08-23T13:44:16+00:00,2026-08-23T13:44:18+00:00,COMPLETED,50,0,
tfv1:001415,137075,tipp24.de,2026-08-23T13:44:20+00:00,2026-08-23T13:44:22+00:00,COMPLETED,0,0,
tfv1:001416,137192,qubed.ai,2026-08-23T13:44:24+00:00,2026-08-23T13:44:26+00:00,COMPLETED,0,0,
tfv1:001417,137553,rehabs.com,2026-08-23T13:44:29+00:00,2026-08-23T13:44:31+00:00,COMPLETED,50,0,
tfv1:001418,137638,cdngwc.club,2026-08-23T13:44:33+00:00,2026-08-23T13:44:35+00:00,COMPLETED,0,0,
tfv1:001419,137930,nishitetsu.co.jp,2026-08-23T13:44:37+00:00,2026-08-23T13:44:39+00:00,COMPLETED,50,0,
tfv1:001420,138286,nipponham.co.jp,2026-08-23T13:44:42+00:00,2026-08-23T13:44:44+00:00,COMPLETED,50,0,
tfv1:001421,138390,dewr.gov.au,2026-08-23T13:44:47+00:00,2026-08-23T13:44:49+00:00,COMPLETED,50,0,
tfv1:001422,138627,selectel.org,2026-08-23T13:44:52+00:00,2026-08-23T13:44:53+00:00,COMPLETED,0,0,
tfv1:001423,138681,capacities.io,2026-08-23T13:44:56+00:00,2026-08-23T13:44:58+00:00,COMPLETED,50,0,
tfv1:001424,138717,radioitalia.it,2026-08-23T13:45:01+00:00,2026-08-23T13:45:04+00:00,COMPLETED,50,0,
tfv1:001425,138885,s7host.net,2026-08-23T13:45:06+00:00,2026-08-23T13:45:07+00:00,COMPLETED,1,0,
tfv1:001426,139196,vyprodejpovleceni.cz,2026-08-23T13:45:14+00:00,2026-08-23T13:45:16+00:00,COMPLETED,50,0,
tfv1:001427,139420,flaconi-platform.net,2026-08-23T13:45:19+00:00,2026-08-23T13:45:20+00:00,COMPLETED,0,0,
tfv1:001428,139548,inode.at,2026-08-23T13:45:22+00:00,2026-08-23T13:45:24+00:00,COMPLETED,31,0,
tfv1:001429,139573,safelinkwireless.com,2026-08-23T13:45:26+00:00,2026-08-23T13:45:28+00:00,COMPLETED,50,0,
tfv1:001430,140014,mindovermoney.com,2026-08-23T13:45:31+00:00,2026-08-23T13:45:32+00:00,COMPLETED,1,0,
tfv1:001431,140074,kyoceradocumentsolutions.com,2026-08-23T13:45:35+00:00,2026-08-23T13:45:37+00:00,COMPLETED,50,0,
tfv1:001432,140437,roketsan.com.tr,2026-08-23T13:45:39+00:00,2026-08-23T13:45:41+00:00,COMPLETED,50,0,
tfv1:001433,140508,808ontv1.com,2026-08-23T13:45:43+00:00,2026-08-23T13:45:44+00:00,COMPLETED,0,0,
tfv1:001434,140562,acuvity.ai,2026-08-23T13:45:47+00:00,2026-08-23T13:45:48+00:00,COMPLETED,0,0,
tfv1:001435,140618,amag.ch,2026-08-23T13:45:51+00:00,2026-08-23T13:45:52+00:00,COMPLETED,50,0,
tfv1:001436,140785,ballonixplay.com,2026-08-23T13:45:55+00:00,2026-08-23T13:45:57+00:00,COMPLETED,24,0,
tfv1:001437,141264,dutchreview.com,2026-08-23T13:45:59+00:00,2026-08-23T13:46:03+00:00,COMPLETED,20,0,
tfv1:001438,141265,meteor-turystyka.pl,2026-08-23T13:46:05+00:00,2026-08-23T13:46:11+00:00,COMPLETED,50,0,
tfv1:001439,141615,ahievran.edu.tr,2026-08-23T13:46:13+00:00,2026-08-23T13:46:16+00:00,COMPLETED,50,0,
tfv1:001440,142025,callawaygolfpreowned.com,2026-08-23T13:46:18+00:00,2026-08-23T13:46:20+00:00,COMPLETED,50,0,
tfv1:001441,142483,chiangraitimes.com,2026-08-23T13:46:23+00:00,2026-08-23T13:46:25+00:00,COMPLETED,2,0,
tfv1:001442,142533,botsrv2.com,2026-08-23T13:46:27+00:00,2026-08-23T13:46:29+00:00,COMPLETED,0,0,
tfv1:001443,143135,llguanglisf.com,2026-08-23T13:46:31+00:00,2026-08-23T13:46:33+00:00,COMPLETED,0,0,
tfv1:001444,143396,smartrg.ca,2026-08-23T13:46:35+00:00,2026-08-23T13:46:37+00:00,COMPLETED,0,0,
tfv1:001445,144075,ratingbet.com,2026-08-23T13:46:39+00:00,2026-08-23T13:46:40+00:00,COMPLETED,0,0,
tfv1:001446,145056,watchtowr.com,2026-08-23T13:46:43+00:00,2026-08-23T13:46:45+00:00,COMPLETED,50,0,
tfv1:001447,145236,redcams-free.com,2026-08-23T13:46:47+00:00,2026-08-23T13:46:49+00:00,COMPLETED,50,0,
tfv1:001448,145482,michaellamarr.com,2026-08-23T13:46:52+00:00,2026-08-23T13:46:54+00:00,COMPLETED,0,0,
tfv1:001449,145678,cgscholar.com,2026-08-23T13:46:57+00:00,2026-08-23T13:46:59+00:00,COMPLETED,50,0,
tfv1:001450,145744,theworldfolio.com,2026-08-23T13:47:01+00:00,2026-08-23T13:47:02+00:00,COMPLETED,0,0,
tfv1:001451,145899,digiopinion.com,2026-08-23T13:47:09+00:00,2026-08-23T13:47:11+00:00,COMPLETED,0,0,
tfv1:001452,146043,yourhealthfile.com,2026-08-23T13:47:13+00:00,2026-08-23T13:47:16+00:00,COMPLETED,22,0,
tfv1:001453,146058,coredao.org,2026-08-23T13:47:18+00:00,2026-08-23T13:47:20+00:00,COMPLETED,50,0,
tfv1:001454,146438,outback.com.br,2026-08-23T13:47:23+00:00,2026-08-23T13:47:25+00:00,COMPLETED,50,0,
tfv1:001455,147255,uicore.co,2026-08-23T13:47:27+00:00,2026-08-23T13:47:35+00:00,COMPLETED,50,0,
tfv1:001456,147295,cba24n.com.ar,2026-08-23T13:47:38+00:00,2026-08-23T13:47:39+00:00,COMPLETED,0,0,
tfv1:001457,147408,corph.ru,2026-08-23T13:47:42+00:00,2026-08-23T13:47:43+00:00,COMPLETED,0,0,
tfv1:001458,147555,indymedia.org.uk,2026-08-23T13:47:46+00:00,2026-08-23T13:47:48+00:00,COMPLETED,50,0,
tfv1:001459,147784,exahost.ru,2026-08-23T13:47:51+00:00,2026-08-23T13:47:52+00:00,COMPLETED,0,0,
tfv1:001460,148974,passwordstore.org,2026-08-23T13:47:55+00:00,2026-08-23T13:47:56+00:00,COMPLETED,1,0,
tfv1:001461,149104,domenomania.eu,2026-08-23T13:47:59+00:00,2026-08-23T13:48:01+00:00,COMPLETED,50,0,
tfv1:001462,149346,aboutamazon.in,2026-08-23T13:48:04+00:00,2026-08-23T13:48:05+00:00,COMPLETED,50,0,
tfv1:001463,149758,gzhxg.cn,2026-08-23T13:48:08+00:00,2026-08-23T13:48:10+00:00,COMPLETED,50,0,
tfv1:001464,150097,jaguarforums.com,2026-08-23T13:48:13+00:00,2026-08-23T13:48:14+00:00,COMPLETED,0,0,
tfv1:001465,150334,theoceanac.com,2026-08-23T13:48:17+00:00,2026-08-23T13:48:18+00:00,COMPLETED,0,0,
tfv1:001466,150831,steadyhealth.com,2026-08-23T13:48:21+00:00,2026-08-23T13:48:22+00:00,COMPLETED,0,0,
tfv1:001467,150861,businesspromotioninc.com,2026-08-23T13:48:25+00:00,2026-08-23T13:48:26+00:00,COMPLETED,1,0,
tfv1:001468,151714,recapture.io,2026-08-23T13:48:29+00:00,2026-08-23T13:48:30+00:00,COMPLETED,50,0,
tfv1:001469,152290,ancpi.ro,2026-08-23T13:48:33+00:00,2026-08-23T13:48:35+00:00,COMPLETED,50,0,
tfv1:001470,152350,free-power-point-templates.com,2026-08-23T13:48:37+00:00,2026-08-23T13:48:39+00:00,COMPLETED,50,0,
tfv1:001471,152638,eufymake.com,2026-08-23T13:48:42+00:00,2026-08-23T13:48:44+00:00,COMPLETED,50,0,
tfv1:001472,152846,my1003app.com,2026-08-23T13:48:47+00:00,2026-08-23T13:48:48+00:00,COMPLETED,50,0,
tfv1:001473,153589,awsdns-eusc-33.de,2026-08-23T13:48:51+00:00,2026-08-23T13:48:52+00:00,COMPLETED,0,0,
tfv1:001474,153794,click-tt.de,2026-08-23T13:48:55+00:00,2026-08-23T13:48:57+00:00,COMPLETED,50,0,
tfv1:001475,154306,ztupic.com,2026-08-23T13:49:00+00:00,2026-08-23T13:49:02+00:00,COMPLETED,50,0,
tfv1:001476,155374,pizzahut.ca,2026-08-23T13:49:10+00:00,2026-08-23T13:49:11+00:00,COMPLETED,1,0,
tfv1:001477,155603,nic.gratis,2026-08-23T13:49:13+00:00,2026-08-23T13:49:15+00:00,COMPLETED,1,0,
tfv1:001478,155769,telecom-paris.fr,2026-08-23T13:49:18+00:00,2026-08-23T13:49:21+00:00,COMPLETED,50,0,
tfv1:001479,156150,pismin.com,2026-08-23T13:49:24+00:00,2026-08-23T13:49:26+00:00,COMPLETED,0,0,
tfv1:001480,156368,davidlloyd.co.uk,2026-08-23T13:49:29+00:00,2026-08-23T13:49:31+00:00,COMPLETED,50,0,
tfv1:001481,156396,easycolour.cn,2026-08-23T13:49:34+00:00,2026-08-23T13:49:36+00:00,COMPLETED,0,0,
tfv1:001482,156511,erasmusplus.fr,2026-08-23T13:49:39+00:00,2026-08-23T13:49:40+00:00,COMPLETED,50,0,
tfv1:001483,156533,netxinvestor.com,2026-08-23T13:49:43+00:00,2026-08-23T13:49:45+00:00,COMPLETED,50,0,
tfv1:001484,156611,stape.de,2026-08-23T13:49:48+00:00,2026-08-23T13:49:49+00:00,COMPLETED,0,0,
tfv1:001485,156956,premium.exchange,2026-08-23T13:49:52+00:00,2026-08-23T13:49:53+00:00,COMPLETED,1,0,
tfv1:001486,157808,kidsoutandabout.com,2026-08-23T13:49:56+00:00,2026-08-23T13:49:58+00:00,COMPLETED,50,0,
tfv1:001487,158031,roanoke.edu,2026-08-23T13:50:01+00:00,2026-08-23T13:50:03+00:00,COMPLETED,50,0,
tfv1:001488,158078,lawhub.org,2026-08-23T13:50:05+00:00,2026-08-23T13:50:11+00:00,COMPLETED,50,0,
tfv1:001489,158084,socdo.com,2026-08-23T13:50:14+00:00,2026-08-23T13:50:16+00:00,COMPLETED,0,0,
tfv1:001490,158206,paulschwartzdds.com,2026-08-23T13:50:19+00:00,2026-08-23T13:50:20+00:00,COMPLETED,0,0,
tfv1:001491,158785,alabouledepain.fr,2026-08-23T13:50:23+00:00,2026-08-23T13:50:25+00:00,COMPLETED,0,0,
tfv1:001492,158862,kihapp.com,2026-08-23T13:50:28+00:00,2026-08-23T13:50:29+00:00,COMPLETED,50,0,
tfv1:001493,159144,flashfire.site,2026-08-23T13:50:32+00:00,2026-08-23T13:50:36+00:00,COMPLETED,0,0,
tfv1:001494,159287,ph-freiburg.de,2026-08-23T13:50:39+00:00,2026-08-23T13:50:40+00:00,COMPLETED,50,0,
tfv1:001495,159387,bretagnetelecom.fr,2026-08-23T13:50:43+00:00,2026-08-23T13:51:07+00:00,COMPLETED,0,1,
tfv1:001496,159899,beautyplussalon.com,2026-08-23T13:51:10+00:00,2026-08-23T13:51:11+00:00,COMPLETED,0,0,
tfv1:001497,160323,hypurrscan.io,2026-08-23T13:51:14+00:00,2026-08-23T13:51:15+00:00,COMPLETED,4,0,
tfv1:001498,161080,birissine.com,2026-08-23T13:51:18+00:00,2026-08-23T13:51:20+00:00,COMPLETED,50,0,
tfv1:001499,161296,l444.io,2026-08-23T13:51:23+00:00,2026-08-23T13:51:24+00:00,COMPLETED,0,0,
tfv1:001500,161343,mpogacoridn.site,2026-08-23T13:51:27+00:00,2026-08-23T13:51:28+00:00,COMPLETED,0,0,
tfv1:001501,161552,vidfiles.site,2026-08-23T13:51:35+00:00,2026-08-23T13:51:37+00:00,COMPLETED,0,0,
tfv1:001502,161808,bank.lv,2026-08-23T13:51:39+00:00,2026-08-23T13:51:41+00:00,COMPLETED,50,0,
tfv1:001503,161896,eurons.ro,2026-08-23T13:51:44+00:00,2026-08-23T13:51:45+00:00,COMPLETED,0,0,
tfv1:001504,161937,x-cdn-x.com,2026-08-23T13:51:48+00:00,2026-08-23T13:51:50+00:00,COMPLETED,0,0,
tfv1:001505,162268,wvtourism.com,2026-08-23T13:51:53+00:00,2026-08-23T13:51:54+00:00,COMPLETED,50,0,
tfv1:001506,162296,maisonetstyles.com,2026-08-23T13:51:57+00:00,2026-08-23T13:51:58+00:00,COMPLETED,0,0,
tfv1:001507,162373,dali0432.com,2026-08-23T13:52:01+00:00,2026-08-23T13:52:02+00:00,COMPLETED,4,0,
tfv1:001508,162506,tylerhub.com,2026-08-23T13:52:05+00:00,2026-08-23T13:52:07+00:00,COMPLETED,0,0,
tfv1:001509,162697,1000km.by,2026-08-23T13:52:09+00:00,2026-08-23T13:52:11+00:00,COMPLETED,50,0,
tfv1:001510,163063,activesoft.com.br,2026-08-23T13:52:14+00:00,2026-08-23T13:52:15+00:00,COMPLETED,11,0,
tfv1:001511,163210,konicaminolta.us,2026-08-23T13:52:18+00:00,2026-08-23T13:52:20+00:00,COMPLETED,50,0,
tfv1:001512,163423,protiming.fr,2026-08-23T13:52:23+00:00,2026-08-23T13:52:25+00:00,COMPLETED,3,0,
tfv1:001513,163784,mintishop.pl,2026-08-23T13:52:27+00:00,2026-08-23T13:52:30+00:00,COMPLETED,50,0,
tfv1:001514,163851,justmpeg.com,2026-08-23T13:52:32+00:00,2026-08-23T13:52:34+00:00,COMPLETED,0,0,
tfv1:001515,164945,chr.gov.ph,2026-08-23T13:52:37+00:00,2026-08-23T13:52:39+00:00,COMPLETED,50,0,
tfv1:001516,165537,gramps-project.org,2026-08-23T13:52:41+00:00,2026-08-23T13:52:43+00:00,COMPLETED,0,0,
tfv1:001517,165708,rg.org,2026-08-23T13:52:45+00:00,2026-08-23T13:52:54+00:00,COMPLETED,0,1,
tfv1:001518,166060,typefully.com,2026-08-23T13:52:57+00:00,2026-08-23T13:52:59+00:00,COMPLETED,50,0,
tfv1:001519,166405,opinionlab.com,2026-08-23T13:53:02+00:00,2026-08-23T13:53:03+00:00,COMPLETED,0,0,
tfv1:001520,166493,spacelan.ne.jp,2026-08-23T13:53:06+00:00,2026-08-23T13:53:08+00:00,COMPLETED,50,0,
tfv1:001521,166818,flowlu.com,2026-08-23T13:53:11+00:00,2026-08-23T13:53:13+00:00,COMPLETED,50,0,
tfv1:001522,166983,regsystem.net,2026-08-23T13:53:16+00:00,2026-08-23T13:53:17+00:00,COMPLETED,0,0,
tfv1:001523,167089,paragraphsbookstore.com,2026-08-23T13:53:20+00:00,2026-08-23T13:53:21+00:00,COMPLETED,0,0,
tfv1:001524,167101,hotspace.net.au,2026-08-23T13:53:24+00:00,2026-08-23T13:53:25+00:00,COMPLETED,0,0,
tfv1:001525,167364,mfua.ru,2026-08-23T13:53:28+00:00,2026-08-23T13:53:30+00:00,COMPLETED,50,0,
tfv1:001526,168725,31stk.ru,2026-08-23T13:53:37+00:00,2026-08-23T13:53:39+00:00,COMPLETED,50,0,
tfv1:001527,169327,cbdb.cz,2026-08-23T13:53:41+00:00,2026-08-23T13:53:42+00:00,COMPLETED,0,0,
tfv1:001528,169565,shxixile.com,2026-08-23T13:53:45+00:00,2026-08-23T13:53:48+00:00,COMPLETED,13,0,
tfv1:001529,170110,tabernaclegames.com.au,2026-08-23T13:53:51+00:00,2026-08-23T13:53:53+00:00,COMPLETED,1,0,
tfv1:001530,171331,weltderfertigung.de,2026-08-23T13:53:56+00:00,2026-08-23T13:53:58+00:00,COMPLETED,50,0,
tfv1:001531,171442,dolomitenstadt.at,2026-08-23T13:54:01+00:00,2026-08-23T13:54:03+00:00,COMPLETED,50,0,
tfv1:001532,171511,oldenmihael.icu,2026-08-23T13:54:06+00:00,2026-08-23T13:54:07+00:00,COMPLETED,0,0,
tfv1:001533,171610,denverzoo.org,2026-08-23T13:54:10+00:00,2026-08-23T13:54:12+00:00,COMPLETED,50,0,
tfv1:001534,171623,amateurchat.xxx,2026-08-23T13:54:15+00:00,2026-08-23T13:54:16+00:00,COMPLETED,0,0,
tfv1:001535,171637,craniusmed.com,2026-08-23T13:54:19+00:00,2026-08-23T13:54:20+00:00,COMPLETED,0,0,
tfv1:001536,172005,refinemirror.com,2026-08-23T13:54:23+00:00,2026-08-23T13:54:24+00:00,COMPLETED,0,0,
tfv1:001537,172094,hatz.com,2026-08-23T13:54:27+00:00,2026-08-23T13:54:29+00:00,COMPLETED,50,0,
tfv1:001538,172321,filestore.to,2026-08-23T13:54:31+00:00,2026-08-23T13:54:34+00:00,COMPLETED,0,0,
tfv1:001539,172686,dnsbox.de,2026-08-23T13:54:36+00:00,2026-08-23T13:54:38+00:00,COMPLETED,0,0,
tfv1:001540,173025,skinbetter.com,2026-08-23T13:54:41+00:00,2026-08-23T13:54:43+00:00,COMPLETED,50,0,
tfv1:001541,173333,fourstarapartments.com,2026-08-23T13:54:45+00:00,2026-08-23T13:54:46+00:00,COMPLETED,0,0,
tfv1:001542,173865,pyuio.com,2026-08-23T13:54:49+00:00,2026-08-23T13:54:51+00:00,COMPLETED,0,0,
tfv1:001543,174159,viewpoint.ca,2026-08-23T13:54:53+00:00,2026-08-23T13:54:55+00:00,COMPLETED,0,0,
tfv1:001544,174252,iplayerhls.com,2026-08-23T13:54:58+00:00,2026-08-23T13:54:59+00:00,COMPLETED,50,0,
tfv1:001545,174488,radio5.com.pl,2026-08-23T13:55:02+00:00,2026-08-23T13:55:04+00:00,COMPLETED,50,0,
tfv1:001546,174693,armsport.am,2026-08-23T13:55:06+00:00,2026-08-23T13:55:08+00:00,COMPLETED,0,0,
tfv1:001547,174728,ar-raniry.ac.id,2026-08-23T13:55:10+00:00,2026-08-23T13:55:12+00:00,COMPLETED,50,0,
tfv1:001548,175003,mediacollege.com,2026-08-23T13:55:15+00:00,2026-08-23T13:55:18+00:00,COMPLETED,50,0,
tfv1:001549,175204,hawaiipacifichealth.org,2026-08-23T13:55:20+00:00,2026-08-23T13:55:23+00:00,COMPLETED,50,0,
tfv1:001550,175256,ale-hop.org,2026-08-23T13:55:26+00:00,2026-08-23T13:55:27+00:00,COMPLETED,5,0,
tfv1:001551,175401,giga-hamburg.de,2026-08-23T13:55:34+00:00,2026-08-23T13:55:36+00:00,COMPLETED,5,0,
tfv1:001552,175525,ujn.gov.rs,2026-08-23T13:55:38+00:00,2026-08-23T13:55:42+00:00,COMPLETED,50,0,
tfv1:001553,175877,prd-prsn.com,2026-08-23T13:55:45+00:00,2026-08-23T13:55:46+00:00,COMPLETED,0,0,
tfv1:001554,175895,qxciw.com,2026-08-23T13:55:48+00:00,2026-08-23T13:55:49+00:00,COMPLETED,0,0,
tfv1:001555,176356,dolphinim.com,2026-08-23T13:55:52+00:00,2026-08-23T13:56:03+00:00,COMPLETED,1,0,
tfv1:001556,176925,tages.ru,2026-08-23T13:56:06+00:00,2026-08-23T13:56:21+00:00,COMPLETED,29,1,
tfv1:001557,177306,pronosticoextendido.net,2026-08-23T13:56:24+00:00,2026-08-23T13:56:26+00:00,COMPLETED,0,0,
tfv1:001558,177362,thgeyer.com,2026-08-23T13:56:28+00:00,2026-08-23T13:56:32+00:00,COMPLETED,50,0,
tfv1:001559,177370,up.ac.th,2026-08-23T13:56:35+00:00,2026-08-23T13:56:38+00:00,COMPLETED,50,0,
tfv1:001560,177541,ekstralys.no,2026-08-23T13:56:41+00:00,2026-08-23T13:56:43+00:00,COMPLETED,50,0,
tfv1:001561,178945,geneatrees.net,2026-08-23T13:56:46+00:00,2026-08-23T13:56:48+00:00,COMPLETED,0,0,
tfv1:001562,179016,nossopalestra.com.br,2026-08-23T13:56:51+00:00,2026-08-23T13:56:53+00:00,COMPLETED,50,0,
tfv1:001563,179071,produttivo.com.br,2026-08-23T13:56:56+00:00,2026-08-23T13:57:11+00:00,COMPLETED,50,1,
tfv1:001564,179218,exodustravels.com,2026-08-23T13:57:14+00:00,2026-08-23T13:57:16+00:00,COMPLETED,50,0,
tfv1:001565,179383,offermate.us,2026-08-23T13:57:19+00:00,2026-08-23T13:57:23+00:00,COMPLETED,50,0,
tfv1:001566,179788,totolink.net,2026-08-23T13:57:26+00:00,2026-08-23T13:57:28+00:00,COMPLETED,22,0,
tfv1:001567,180851,1988top1.com,2026-08-23T13:57:31+00:00,2026-08-23T13:57:33+00:00,COMPLETED,0,0,
tfv1:001568,180968,cosmicjs.com,2026-08-23T13:57:36+00:00,2026-08-23T13:57:37+00:00,COMPLETED,50,0,
tfv1:001569,180999,holdet.dk,2026-08-23T13:57:40+00:00,2026-08-23T13:57:41+00:00,COMPLETED,27,0,
tfv1:001570,181126,servizipubblicaamministrazione.it,2026-08-23T13:57:44+00:00,2026-08-23T13:57:46+00:00,COMPLETED,50,0,
tfv1:001571,181156,bloytleeue.net,2026-08-23T13:57:49+00:00,2026-08-23T13:57:52+00:00,COMPLETED,0,0,
tfv1:001572,181285,tamasha.com,2026-08-23T13:57:55+00:00,2026-08-23T13:57:57+00:00,COMPLETED,50,0,
tfv1:001573,181326,travelks.com,2026-08-23T13:57:59+00:00,2026-08-23T13:58:02+00:00,COMPLETED,50,0,
tfv1:001574,181337,calciozz.it,2026-08-23T13:58:06+00:00,2026-08-23T13:58:07+00:00,COMPLETED,0,0,
tfv1:001575,181372,dsh.icu,2026-08-23T13:58:10+00:00,2026-08-23T13:58:11+00:00,COMPLETED,0,0,
tfv1:001576,181694,bulnews.bg,2026-08-23T13:58:19+00:00,2026-08-23T13:58:21+00:00,COMPLETED,50,0,
tfv1:001577,181907,y2jar.cc,2026-08-23T13:58:24+00:00,2026-08-23T13:58:26+00:00,COMPLETED,0,0,
tfv1:001578,181927,trustedcomputinggroup.org,2026-08-23T13:58:29+00:00,2026-08-23T13:58:30+00:00,COMPLETED,3,0,
tfv1:001579,181933,ticketsforgood.co.uk,2026-08-23T13:58:33+00:00,2026-08-23T13:58:35+00:00,COMPLETED,50,0,
tfv1:001580,182067,xiaomistore.pt,2026-08-23T13:58:38+00:00,2026-08-23T13:58:40+00:00,COMPLETED,0,0,
tfv1:001581,182732,anyxan.com,2026-08-23T13:58:43+00:00,2026-08-23T13:58:44+00:00,COMPLETED,50,0,
tfv1:001582,182874,viessmann.com,2026-08-23T13:58:47+00:00,2026-08-23T13:58:48+00:00,COMPLETED,0,0,
tfv1:001583,183542,cleverdot.com,2026-08-23T13:58:51+00:00,2026-08-23T13:58:53+00:00,COMPLETED,32,0,
tfv1:001584,184287,medicalyp.com,2026-08-23T13:58:55+00:00,2026-08-23T13:58:57+00:00,COMPLETED,0,0,
tfv1:001585,184440,freelance.com,2026-08-23T13:59:00+00:00,2026-08-23T13:59:01+00:00,COMPLETED,50,0,
tfv1:001586,184728,eupgroup.net,2026-08-23T13:59:04+00:00,2026-08-23T13:59:06+00:00,COMPLETED,16,0,
tfv1:001587,184875,dewasyscrm.com,2026-08-23T13:59:08+00:00,2026-08-23T13:59:09+00:00,COMPLETED,0,0,
tfv1:001588,185036,trimbleplatform.com,2026-08-23T13:59:12+00:00,2026-08-23T13:59:14+00:00,COMPLETED,0,0,
tfv1:001589,185137,storefront7.co.za,2026-08-23T13:59:16+00:00,2026-08-23T13:59:18+00:00,COMPLETED,0,0,
tfv1:001590,185246,naspers.com,2026-08-23T13:59:21+00:00,2026-08-23T13:59:22+00:00,COMPLETED,50,0,
tfv1:001591,185648,sektedoujin.cc,2026-08-23T13:59:25+00:00,2026-08-23T13:59:27+00:00,COMPLETED,50,0,
tfv1:001592,185985,biblioteche.cloud,2026-08-23T13:59:30+00:00,2026-08-23T13:59:31+00:00,COMPLETED,0,0,
tfv1:001593,186016,jupicasino.net,2026-08-23T13:59:34+00:00,2026-08-23T13:59:35+00:00,COMPLETED,0,0,
tfv1:001594,186109,friesian.com,2026-08-23T13:59:38+00:00,2026-08-23T13:59:39+00:00,COMPLETED,0,0,
tfv1:001595,186130,000nethost.com,2026-08-23T13:59:42+00:00,2026-08-23T13:59:43+00:00,COMPLETED,0,0,
tfv1:001596,186415,krosno112.pl,2026-08-23T13:59:46+00:00,2026-08-23T13:59:47+00:00,COMPLETED,0,0,
tfv1:001597,186427,drugbank.ca,2026-08-23T13:59:50+00:00,2026-08-23T13:59:51+00:00,COMPLETED,0,0,
tfv1:001598,187013,juskys.de,2026-08-23T13:59:54+00:00,2026-08-23T13:59:55+00:00,COMPLETED,7,0,
tfv1:001599,187168,lidl.com.cy,2026-08-23T13:59:58+00:00,2026-08-23T14:00:00+00:00,COMPLETED,50,0,
tfv1:001600,187312,crypto.jobs,2026-08-23T14:00:03+00:00,2026-08-23T14:00:05+00:00,COMPLETED,0,0,
tfv1:001601,187389,tanesco.co.tz,2026-08-23T14:00:12+00:00,2026-08-23T14:00:14+00:00,COMPLETED,50,0,
tfv1:001602,187428,heyflow.cloud,2026-08-23T14:00:17+00:00,2026-08-23T14:00:19+00:00,COMPLETED,0,0,
tfv1:001603,187727,lanaco.com,2026-08-23T14:00:21+00:00,2026-08-23T14:00:23+00:00,COMPLETED,0,0,
tfv1:001604,187895,concern.net,2026-08-23T14:00:25+00:00,2026-08-23T14:00:27+00:00,COMPLETED,50,0,
tfv1:001605,188281,sciflow.net,2026-08-23T14:00:30+00:00,2026-08-23T14:00:33+00:00,COMPLETED,50,0,
tfv1:001606,188701,daouidc.com,2026-08-23T14:00:36+00:00,2026-08-23T14:00:46+00:00,COMPLETED,50,0,
tfv1:001607,188749,burgerprofiel.be,2026-08-23T14:00:49+00:00,2026-08-23T14:00:51+00:00,COMPLETED,50,0,
tfv1:001608,188793,afspraakjes.be,2026-08-23T14:00:54+00:00,2026-08-23T14:00:55+00:00,COMPLETED,50,0,
tfv1:001609,188849,compugeeks.net,2026-08-23T14:00:58+00:00,2026-08-23T14:00:59+00:00,COMPLETED,0,0,
tfv1:001610,188877,jcdecaux.com,2026-08-23T14:01:02+00:00,2026-08-23T14:01:05+00:00,COMPLETED,50,0,
tfv1:001611,189002,stratologia.gr,2026-08-23T14:01:08+00:00,2026-08-23T14:01:09+00:00,COMPLETED,20,0,
tfv1:001612,189083,sidechef.com,2026-08-23T14:01:12+00:00,2026-08-23T14:01:13+00:00,COMPLETED,50,0,
tfv1:001613,189364,aol.jp,2026-08-23T14:01:16+00:00,2026-08-23T14:01:17+00:00,COMPLETED,0,0,
tfv1:001614,189584,cctvsv.com,2026-08-23T14:01:21+00:00,2026-08-23T14:01:23+00:00,COMPLETED,0,0,
tfv1:001615,190031,perivoz.ru,2026-08-23T14:01:26+00:00,2026-08-23T14:01:27+00:00,COMPLETED,0,0,
tfv1:001616,190388,nwc.com.sa,2026-08-23T14:01:29+00:00,2026-08-23T14:01:31+00:00,COMPLETED,0,0,
tfv1:001617,190485,barahla.net,2026-08-23T14:01:34+00:00,2026-08-23T14:01:36+00:00,COMPLETED,50,0,
tfv1:001618,191587,ftbucket.info,2026-08-23T14:01:39+00:00,2026-08-23T14:01:50+00:00,COMPLETED,0,1,
tfv1:001619,191642,c21.ca,2026-08-23T14:01:53+00:00,2026-08-23T14:01:55+00:00,COMPLETED,50,0,
tfv1:001620,191704,sandwichconscientiousroadside.com,2026-08-23T14:01:58+00:00,2026-08-23T14:02:00+00:00,COMPLETED,0,0,
tfv1:001621,191781,arkadin.com,2026-08-23T14:02:02+00:00,2026-08-23T14:02:03+00:00,COMPLETED,5,0,
tfv1:001622,192019,christine-laure.fr,2026-08-23T14:02:06+00:00,2026-08-23T14:02:08+00:00,COMPLETED,50,0,
tfv1:001623,192039,cantabilshop.com,2026-08-23T14:02:10+00:00,2026-08-23T14:02:12+00:00,COMPLETED,2,0,
tfv1:001624,192182,moon-win.org,2026-08-23T14:02:14+00:00,2026-08-23T14:02:16+00:00,COMPLETED,0,0,
tfv1:001625,192260,elive.ie,2026-08-23T14:02:18+00:00,2026-08-23T14:02:20+00:00,COMPLETED,0,0,
tfv1:001626,192354,glendaleaz.com,2026-08-23T14:02:27+00:00,2026-08-23T14:02:29+00:00,COMPLETED,34,0,
tfv1:001627,192489,single-baltic-lady.com,2026-08-23T14:02:32+00:00,2026-08-23T14:02:36+00:00,COMPLETED,50,0,
tfv1:001628,192694,glowcose.io,2026-08-23T14:02:39+00:00,2026-08-23T14:02:40+00:00,COMPLETED,1,0,
tfv1:001629,192843,auditmypc.com,2026-08-23T14:02:43+00:00,2026-08-23T14:02:53+00:00,COMPLETED,50,1,
tfv1:001630,193579,tetu.com,2026-08-23T14:02:56+00:00,2026-08-23T14:02:57+00:00,COMPLETED,50,0,
tfv1:001631,193611,leta.lv,2026-08-23T14:03:00+00:00,2026-08-23T14:03:01+00:00,COMPLETED,1,0,
tfv1:001632,193912,pornnorth.com,2026-08-23T14:03:04+00:00,2026-08-23T14:03:05+00:00,COMPLETED,0,0,
tfv1:001633,194025,wegenenverkeer.be,2026-08-23T14:03:08+00:00,2026-08-23T14:03:10+00:00,COMPLETED,50,0,
tfv1:001634,194531,mobo.news,2026-08-23T14:03:13+00:00,2026-08-23T14:03:14+00:00,COMPLETED,50,0,
tfv1:001635,194852,umweltinstitut.org,2026-08-23T14:03:17+00:00,2026-08-23T14:03:18+00:00,COMPLETED,50,0,
tfv1:001636,194858,hi-fi.ru,2026-08-23T14:03:21+00:00,2026-08-23T14:03:22+00:00,COMPLETED,50,0,
tfv1:001637,194907,asitisnutrition.com,2026-08-23T14:03:25+00:00,2026-08-23T14:03:26+00:00,COMPLETED,1,0,
tfv1:001638,195053,sportpulseapiz.com,2026-08-23T14:03:29+00:00,2026-08-23T14:03:31+00:00,COMPLETED,0,0,
tfv1:001639,195076,hostlix.pl,2026-08-23T14:03:34+00:00,2026-08-23T14:03:35+00:00,COMPLETED,50,0,
tfv1:001640,195394,bigshoe.london,2026-08-23T14:03:38+00:00,2026-08-23T14:03:40+00:00,COMPLETED,0,0,
tfv1:001641,195499,samsungscl.com,2026-08-23T14:03:42+00:00,2026-08-23T14:03:44+00:00,COMPLETED,0,0,
tfv1:001642,195647,phbet.info,2026-08-23T14:03:46+00:00,2026-08-23T14:03:48+00:00,COMPLETED,0,0,
tfv1:001643,195886,saicmotor.com,2026-08-23T14:03:50+00:00,2026-08-23T14:03:52+00:00,COMPLETED,50,0,
tfv1:001644,195908,8ung.at,2026-08-23T14:03:55+00:00,2026-08-23T14:03:56+00:00,COMPLETED,11,0,
tfv1:001645,196295,wizard.com.br,2026-08-23T14:03:59+00:00,2026-08-23T14:04:09+00:00,COMPLETED,50,1,
tfv1:001646,196354,punchadoro.com,2026-08-23T14:04:12+00:00,2026-08-23T14:04:13+00:00,COMPLETED,0,0,
tfv1:001647,196428,cdrom.com,2026-08-23T14:04:16+00:00,2026-08-23T14:04:17+00:00,COMPLETED,0,0,
tfv1:001648,196475,roxiestreams.su,2026-08-23T14:04:20+00:00,2026-08-23T14:04:32+00:00,COMPLETED,0,1,
tfv1:001649,196623,jwmatch.com,2026-08-23T14:04:35+00:00,2026-08-23T14:04:37+00:00,COMPLETED,50,0,
tfv1:001650,196663,clrn.org,2026-08-23T14:04:40+00:00,2026-08-23T14:04:41+00:00,COMPLETED,0,0,
tfv1:001651,197008,jog.fm,2026-08-23T14:04:49+00:00,2026-08-23T14:04:50+00:00,COMPLETED,50,0,
tfv1:001652,197133,kontramarka.ua,2026-08-23T14:04:53+00:00,2026-08-23T14:04:56+00:00,COMPLETED,50,0,
tfv1:001653,197259,deployapp.space,2026-08-23T14:04:59+00:00,2026-08-23T14:05:01+00:00,COMPLETED,0,0,
tfv1:001654,197312,shopfurniturestars.com,2026-08-23T14:05:04+00:00,2026-08-23T14:05:05+00:00,COMPLETED,1,0,
tfv1:001655,197380,ncloud.site,2026-08-23T14:05:08+00:00,2026-08-23T14:05:09+00:00,COMPLETED,0,0,
tfv1:001656,197688,xboxlive.cn,2026-08-23T14:05:13+00:00,2026-08-23T14:05:14+00:00,COMPLETED,0,0,
tfv1:001657,197741,adapundi.com,2026-08-23T14:05:17+00:00,2026-08-23T14:05:19+00:00,COMPLETED,50,0,
tfv1:001658,197859,nadlancenter.co.il,2026-08-23T14:05:22+00:00,2026-08-23T14:05:24+00:00,COMPLETED,50,0,
tfv1:001659,198032,vidivid.ru,2026-08-23T14:05:27+00:00,2026-08-23T14:05:28+00:00,COMPLETED,0,0,
tfv1:001660,198121,webb-database.com,2026-08-23T14:05:31+00:00,2026-08-23T14:05:33+00:00,COMPLETED,50,0,
tfv1:001661,198282,raiffeisen.ro,2026-08-23T14:05:35+00:00,2026-08-23T14:05:38+00:00,COMPLETED,50,0,
tfv1:001662,198618,svenskafans.com,2026-08-23T14:05:41+00:00,2026-08-23T14:05:42+00:00,COMPLETED,1,0,
tfv1:001663,198745,asn-news.ru,2026-08-23T14:05:45+00:00,2026-08-23T14:05:47+00:00,COMPLETED,50,0,
tfv1:001664,198755,randomwordgenerator.com,2026-08-23T14:05:50+00:00,2026-08-23T14:05:51+00:00,COMPLETED,0,0,
tfv1:001665,199670,amtamembers.com,2026-08-23T14:05:55+00:00,2026-08-23T14:05:56+00:00,COMPLETED,0,0,
tfv1:001666,199852,buzzsight.co,2026-08-23T14:05:59+00:00,2026-08-23T14:06:00+00:00,COMPLETED,50,0,
tfv1:001667,199884,ahstu.edu.cn,2026-08-23T14:06:03+00:00,2026-08-23T14:06:05+00:00,COMPLETED,50,0,
tfv1:001668,200106,euroimportmoto.com,2026-08-23T14:06:08+00:00,2026-08-23T14:06:09+00:00,COMPLETED,50,0,
tfv1:001669,200790,sane.org.uk,2026-08-23T14:06:13+00:00,2026-08-23T14:06:14+00:00,COMPLETED,0,0,
tfv1:001670,201232,kolejowyportal.pl,2026-08-23T14:06:17+00:00,2026-08-23T14:06:18+00:00,COMPLETED,0,0,
tfv1:001671,201336,midhudsondata.com,2026-08-23T14:06:21+00:00,2026-08-23T14:06:22+00:00,COMPLETED,0,0,
tfv1:001672,201357,yiqiziku.com,2026-08-23T14:06:25+00:00,2026-08-23T14:06:26+00:00,COMPLETED,0,0,
tfv1:001673,201419,summilux.net,2026-08-23T14:06:29+00:00,2026-08-23T14:06:31+00:00,COMPLETED,50,0,
tfv1:001674,201559,levenger.com,2026-08-23T14:06:34+00:00,2026-08-23T14:06:35+00:00,COMPLETED,3,0,
tfv1:001675,201882,glonv.com,2026-08-23T14:06:38+00:00,2026-08-23T14:06:40+00:00,COMPLETED,0,0,
tfv1:001676,202356,bymichiby.com,2026-08-23T14:06:48+00:00,2026-08-23T14:06:49+00:00,COMPLETED,0,0,
tfv1:001677,202750,thekrogerco.com,2026-08-23T14:06:52+00:00,2026-08-23T14:06:54+00:00,COMPLETED,50,0,
tfv1:001678,203436,ucumberlands.edu,2026-08-23T14:06:57+00:00,2026-08-23T14:06:59+00:00,COMPLETED,50,0,
tfv1:001679,203616,2roomz.com,2026-08-23T14:07:02+00:00,2026-08-23T14:07:03+00:00,COMPLETED,12,0,
tfv1:001680,203748,servware.org,2026-08-23T14:07:07+00:00,2026-08-23T14:07:08+00:00,COMPLETED,0,0,
tfv1:001681,203929,7321673.com,2026-08-23T14:07:11+00:00,2026-08-23T14:07:12+00:00,COMPLETED,0,0,
tfv1:001682,204090,allnet.co.in,2026-08-23T14:07:15+00:00,2026-08-23T14:07:19+00:00,FAILED,0,1,RemoteDisconnected
tfv1:001683,204180,superbheating.com,2026-08-23T14:07:23+00:00,2026-08-23T14:07:27+00:00,FAILED,0,1,RemoteDisconnected
tfv1:001684,204370,hdkore1.com,2026-08-23T14:07:29+00:00,2026-08-23T14:07:34+00:00,FAILED,0,1,RemoteDisconnected
tfv1:001685,204393,bytespiders.com,2026-08-23T15:36:56+00:00,2026-08-23T15:36:58+00:00,COMPLETED,0,0,
tfv1:001686,204525,areadevelopment.com,2026-08-23T15:37:01+00:00,2026-08-23T15:37:04+00:00,COMPLETED,50,0,
tfv1:001687,204864,webglobedns.com,2026-08-23T15:37:07+00:00,2026-08-23T15:37:09+00:00,COMPLETED,0,0,
tfv1:001688,204976,lojameumantosagrado.com,2026-08-23T15:37:13+00:00,2026-08-23T15:37:14+00:00,COMPLETED,0,0,
tfv1:001689,205064,pcb.com.pk,2026-08-23T15:37:17+00:00,2026-08-23T15:37:22+00:00,COMPLETED,2,0,
tfv1:001690,205282,89p89p.com,2026-08-23T15:37:25+00:00,2026-08-23T15:37:27+00:00,COMPLETED,1,0,
tfv1:001691,206018,altronics.com.au,2026-08-23T15:37:30+00:00,2026-08-23T15:37:33+00:00,COMPLETED,50,0,
tfv1:001692,206177,socialinplace.com,2026-08-23T15:37:35+00:00,2026-08-23T15:37:38+00:00,COMPLETED,50,0,
tfv1:001693,206986,climatewatchdata.org,2026-08-23T15:37:41+00:00,2026-08-23T15:37:43+00:00,COMPLETED,50,0,
tfv1:001694,207033,become-it.nl,2026-08-23T15:37:45+00:00,2026-08-23T15:37:47+00:00,COMPLETED,50,0,
tfv1:001695,207157,belbet.by,2026-08-23T15:37:50+00:00,2026-08-23T15:37:52+00:00,COMPLETED,24,0,
tfv1:001696,207692,forwomeninscience.com,2026-08-23T15:37:55+00:00,2026-08-23T15:37:57+00:00,COMPLETED,50,0,
tfv1:001697,207705,maisondevacances.fr,2026-08-23T15:38:01+00:00,2026-08-23T15:38:03+00:00,COMPLETED,50,0,
tfv1:001698,208479,hellojob.az,2026-08-23T15:38:06+00:00,2026-08-23T15:38:09+00:00,COMPLETED,50,0,
tfv1:001699,208576,dachu.co,2026-08-23T15:38:12+00:00,2026-08-23T15:38:13+00:00,COMPLETED,0,0,
tfv1:001700,208760,1in.am,2026-08-23T15:38:16+00:00,2026-08-23T15:38:18+00:00,COMPLETED,0,0,
tfv1:001701,208763,donnermusic.com,2026-08-23T15:38:21+00:00,2026-08-23T15:38:22+00:00,COMPLETED,50,0,
tfv1:001702,208922,openvela.com,2026-08-23T15:38:25+00:00,2026-08-23T15:38:26+00:00,COMPLETED,2,0,
tfv1:001703,209050,ellevationeducation.com,2026-08-23T15:38:29+00:00,2026-08-23T15:38:31+00:00,COMPLETED,50,0,
tfv1:001704,209201,spacial.com,2026-08-23T15:38:34+00:00,2026-08-23T15:38:35+00:00,COMPLETED,50,0,
tfv1:001705,209496,pztuning24.de,2026-08-23T15:38:38+00:00,2026-08-23T15:38:40+00:00,COMPLETED,50,0,
tfv1:001706,209750,clclubs.com,2026-08-23T15:38:43+00:00,2026-08-23T15:38:44+00:00,COMPLETED,0,0,
tfv1:001707,209872,ecansol.net,2026-08-23T15:38:47+00:00,2026-08-23T15:38:48+00:00,COMPLETED,0,0,
tfv1:001708,210055,grimaldiholding.it,2026-08-23T15:38:51+00:00,2026-08-23T15:38:53+00:00,COMPLETED,0,0,
tfv1:001709,210057,ironfx.com,2026-08-23T15:38:56+00:00,2026-08-23T15:38:57+00:00,COMPLETED,50,0,
tfv1:001710,210353,sagarmoveclick.com,2026-08-23T15:42:35+00:00,2026-08-23T15:42:37+00:00,COMPLETED,0,0,
tfv1:001711,210871,bokep234.club,2026-08-23T15:42:40+00:00,2026-08-23T15:42:42+00:00,COMPLETED,0,0,
tfv1:001712,210954,sloterman-nl.com,2026-08-23T15:42:45+00:00,2026-08-23T15:42:47+00:00,COMPLETED,0,0,
tfv1:001713,210994,bridgewinners.com,2026-08-23T15:42:50+00:00,2026-08-23T15:42:52+00:00,COMPLETED,0,0,
tfv1:001714,211153,assertivasolucoes.com.br,2026-08-23T15:42:55+00:00,2026-08-23T15:42:57+00:00,COMPLETED,50,0,
tfv1:001715,211746,ttl.fi,2026-08-23T15:43:00+00:00,2026-08-23T15:43:02+00:00,COMPLETED,50,0,
tfv1:001716,211874,lustfocus.net,2026-08-23T15:43:05+00:00,2026-08-23T15:43:06+00:00,COMPLETED,0,0,
tfv1:001717,212490,hairneva.com,2026-08-23T15:43:09+00:00,2026-08-23T15:43:11+00:00,COMPLETED,50,0,
tfv1:001718,212523,colab.ws,2026-08-23T15:43:14+00:00,2026-08-23T15:43:16+00:00,COMPLETED,50,0,
tfv1:001719,212535,sycor.eu,2026-08-23T15:43:19+00:00,2026-08-23T15:43:20+00:00,COMPLETED,0,0,
tfv1:001720,212700,virtualpbx.net,2026-08-23T15:43:23+00:00,2026-08-23T15:43:24+00:00,COMPLETED,0,0,
tfv1:001721,212741,prv.se,2026-08-23T15:43:27+00:00,2026-08-23T15:43:29+00:00,COMPLETED,50,0,
tfv1:001722,212775,webceo.com,2026-08-23T15:43:32+00:00,2026-08-23T15:43:34+00:00,COMPLETED,50,0,
tfv1:001723,212894,waimaosass.icu,2026-08-23T15:43:37+00:00,2026-08-23T15:43:38+00:00,COMPLETED,0,0,
tfv1:001724,213214,9kxpakek.com,2026-08-23T15:43:41+00:00,2026-08-23T15:43:42+00:00,COMPLETED,0,0,
tfv1:001725,214210,derbestatter.at,2026-08-23T15:43:45+00:00,2026-08-23T15:43:56+00:00,COMPLETED,50,0,
tfv1:001726,214353,e-smart.care,2026-08-23T15:43:59+00:00,2026-08-23T15:44:00+00:00,COMPLETED,0,0,
tfv1:001727,214482,enmongroup.com,2026-08-23T15:44:03+00:00,2026-08-23T15:44:06+00:00,COMPLETED,50,0,
tfv1:001728,214545,ev.or.kr,2026-08-23T15:44:08+00:00,2026-08-23T15:44:14+00:00,COMPLETED,13,0,
tfv1:001729,214681,flashventes.com,2026-08-23T15:44:17+00:00,2026-08-23T15:44:22+00:00,COMPLETED,50,0,
tfv1:001730,214734,freeshib.in,2026-08-23T15:44:25+00:00,2026-08-23T15:44:27+00:00,COMPLETED,7,0,
tfv1:001731,214756,furumado.jp,2026-08-23T15:44:30+00:00,2026-08-23T15:44:33+00:00,COMPLETED,5,0,
tfv1:001732,215192,inbaza.uz,2026-08-23T15:44:36+00:00,2026-08-23T15:44:38+00:00,COMPLETED,0,0,
tfv1:001733,215275,ix7game.org,2026-08-23T15:44:41+00:00,2026-08-23T15:44:42+00:00,COMPLETED,0,0,
tfv1:001734,215282,jadoocinema.net,2026-08-23T15:44:45+00:00,2026-08-23T15:44:46+00:00,COMPLETED,0,0,
tfv1:001735,215500,kilometrounoaereos.com.ar,2026-08-23T15:51:32+00:00,2026-08-23T15:51:34+00:00,COMPLETED,25,0,
tfv1:001736,215880,match44.vip,2026-08-23T15:51:37+00:00,2026-08-23T15:51:39+00:00,COMPLETED,0,0,
tfv1:001737,215923,mediabat.com,2026-08-23T15:51:42+00:00,2026-08-23T15:51:44+00:00,COMPLETED,50,0,
tfv1:001738,216160,myfund.pl,2026-08-23T15:51:47+00:00,2026-08-23T15:51:49+00:00,COMPLETED,50,0,
tfv1:001739,216231,nclsil.in,2026-08-23T15:51:52+00:00,2026-08-23T15:51:54+00:00,COMPLETED,0,0,
tfv1:001740,216278,niania.pl,2026-08-23T15:51:57+00:00,2026-08-23T15:51:58+00:00,COMPLETED,50,0,
tfv1:001741,216445,onthon.com,2026-08-23T15:52:02+00:00,2026-08-23T15:52:03+00:00,COMPLETED,0,0,
tfv1:001742,216575,payment-yamatofinancial.jp,2026-08-23T15:52:06+00:00,2026-08-23T15:52:08+00:00,COMPLETED,2,0,
tfv1:001743,217513,superkembar.site,2026-08-23T15:52:11+00:00,2026-08-23T15:52:12+00:00,COMPLETED,0,0,
tfv1:001744,217599,tanomailplus.com,2026-08-23T15:52:15+00:00,2026-08-23T15:52:16+00:00,COMPLETED,0,0,
tfv1:001745,217678,tgsrtclogistics.co.in,2026-08-23T15:52:20+00:00,2026-08-23T15:52:23+00:00,FAILED,0,1,RemoteDisconnected
tfv1:001746,217684,thb44.vip,2026-08-23T15:52:26+00:00,2026-08-23T15:52:30+00:00,FAILED,0,1,RemoteDisconnected
tfv1:001747,217787,transports.gov.mr,2026-08-23T15:52:33+00:00,2026-08-23T15:52:35+00:00,COMPLETED,50,0,
tfv1:001748,217895,umaximo.com,2026-08-23T15:52:38+00:00,2026-08-23T15:52:42+00:00,FAILED,0,1,RemoteDisconnected
tfv1:001749,218102,wbtconline.in,2026-08-23T15:52:46+00:00,2026-08-23T15:52:47+00:00,COMPLETED,6,0,
tfv1:001750,218261,xtotohengheng.com,2026-08-23T15:52:50+00:00,2026-08-23T15:52:53+00:00,FAILED,0,1,RemoteDisconnected
tfv1:001751,218373,zenlishtoeic.vn,2026-08-23T15:52:56+00:00,2026-08-23T15:53:01+00:00,COMPLETED,50,1,
tfv1:001752,218467,mondial.paris,2026-08-23T15:53:04+00:00,2026-08-23T15:53:06+00:00,COMPLETED,50,0,
tfv1:001753,218491,ipdroid.net,2026-08-23T15:53:09+00:00,2026-08-23T15:53:10+00:00,COMPLETED,0,0,
tfv1:001754,218883,southsidewreckers.com,2026-08-23T15:53:13+00:00,2026-08-23T15:53:18+00:00,COMPLETED,8,0,
tfv1:001755,218920,czcb.com.cn,2026-08-23T15:53:21+00:00,2026-08-23T15:53:24+00:00,COMPLETED,50,0,
tfv1:001756,218921,loveradvisor.org,2026-08-23T15:53:27+00:00,2026-08-23T15:53:31+00:00,FAILED,0,1,RemoteDisconnected
tfv1:001757,218939,pangoly.com,2026-08-23T15:53:34+00:00,2026-08-23T15:53:37+00:00,COMPLETED,0,1,
tfv1:001758,219202,freenet.com.ua,2026-08-23T15:53:40+00:00,2026-08-23T15:53:42+00:00,COMPLETED,0,0,
tfv1:001759,219220,suzukioutboardteam.com,2026-08-23T15:53:45+00:00,2026-08-23T15:53:46+00:00,COMPLETED,1,0,
tfv1:001760,219830,cambox.eu,2026-08-24T13:41:14+00:00,2026-08-24T13:41:15+00:00,COMPLETED,0,0,
tfv1:001761,219978,shici9.com,2026-08-24T13:41:35+00:00,2026-08-24T13:41:37+00:00,COMPLETED,0,0,
tfv1:001762,220074,verlagruhr.de,2026-08-24T13:41:40+00:00,2026-08-24T13:41:41+00:00,COMPLETED,50,0,
tfv1:001763,220522,jkdesa.com,2026-08-24T13:41:45+00:00,2026-08-24T13:41:46+00:00,COMPLETED,0,0,
tfv1:001764,220612,z0ne.dev,2026-08-24T13:41:49+00:00,2026-08-24T13:41:50+00:00,COMPLETED,0,0,
tfv1:001765,221027,htv.vn,2026-08-24T13:41:54+00:00,2026-08-24T13:41:55+00:00,COMPLETED,50,0,
tfv1:001766,221044,fabfilter.com,2026-08-24T13:41:59+00:00,2026-08-24T13:42:01+00:00,COMPLETED,50,0,
tfv1:001767,221298,totogroup.ru,2026-08-24T13:42:04+00:00,2026-08-24T13:42:07+00:00,COMPLETED,50,0,
tfv1:001768,221623,vinchi.ru,2026-08-24T13:42:10+00:00,2026-08-24T13:42:12+00:00,COMPLETED,22,0,
tfv1:001769,221705,oaxaca.gob.mx,2026-08-24T13:42:15+00:00,2026-08-24T13:42:18+00:00,COMPLETED,50,0,
tfv1:001770,221799,simplyprint.io,2026-08-24T13:42:21+00:00,2026-08-24T13:42:23+00:00,COMPLETED,50,0,
tfv1:001771,222771,xmdomino.com,2026-08-24T13:42:27+00:00,2026-08-24T13:42:28+00:00,COMPLETED,0,0,
tfv1:001772,222925,yalinclothing.com,2026-08-24T13:42:31+00:00,2026-08-24T13:42:34+00:00,COMPLETED,0,0,
tfv1:001773,222950,turk.estate,2026-08-24T13:42:37+00:00,2026-08-24T13:42:39+00:00,COMPLETED,50,0,
tfv1:001774,222975,cittel.ru,2026-08-24T13:42:42+00:00,2026-08-24T13:42:43+00:00,COMPLETED,7,0,
tfv1:001775,223244,fromgeek.com,2026-08-24T13:42:46+00:00,2026-08-24T13:42:47+00:00,COMPLETED,0,0,
tfv1:001776,223595,sa38.ru,2026-08-24T13:42:50+00:00,2026-08-24T13:42:52+00:00,COMPLETED,15,0,
tfv1:001777,223852,hitpromo.net,2026-08-24T13:42:55+00:00,2026-08-24T13:42:58+00:00,COMPLETED,50,0,
tfv1:001778,224099,icdcprague.org,2026-08-24T13:43:01+00:00,2026-08-24T13:43:02+00:00,COMPLETED,0,0,
tfv1:001779,224327,sunvalley.com,2026-08-24T13:43:05+00:00,2026-08-24T13:43:07+00:00,COMPLETED,50,0,
tfv1:001780,224684,fdfdata.fr,2026-08-24T13:43:10+00:00,2026-08-24T13:43:12+00:00,COMPLETED,0,0,
tfv1:001781,224846,asklent.com,2026-08-24T13:43:15+00:00,2026-08-24T13:43:18+00:00,COMPLETED,0,0,
tfv1:001782,225445,spareto.fi,2026-08-24T13:43:21+00:00,2026-08-24T13:43:23+00:00,COMPLETED,50,0,
tfv1:001783,225563,infinitytv.it,2026-08-24T13:43:26+00:00,2026-08-24T13:43:27+00:00,COMPLETED,0,0,
tfv1:001784,225984,clio-online.net,2026-08-24T13:43:30+00:00,2026-08-24T13:43:32+00:00,COMPLETED,0,0,
tfv1:001785,226314,scambioetico.org,2026-08-24T13:47:37+00:00,2026-08-24T13:47:38+00:00,COMPLETED,0,0,
tfv1:001786,226404,merida.sk,2026-08-24T13:47:41+00:00,2026-08-24T13:47:43+00:00,COMPLETED,50,0,
tfv1:001787,227314,ozhairandbeauty.com,2026-08-24T13:47:46+00:00,2026-08-24T13:47:49+00:00,COMPLETED,50,0,
tfv1:001788,227474,flic.io,2026-08-24T13:47:53+00:00,2026-08-24T13:47:54+00:00,COMPLETED,50,0,
tfv1:001789,227568,zenhosting.com.au,2026-08-24T13:47:58+00:00,2026-08-24T13:48:07+00:00,COMPLETED,13,0,
tfv1:001790,228280,tisi.jp,2026-08-24T13:48:10+00:00,2026-08-24T13:48:13+00:00,COMPLETED,50,0,
tfv1:001791,228522,thezephyr.com,2026-08-24T13:48:16+00:00,2026-08-24T13:48:30+00:00,COMPLETED,0,1,
tfv1:001792,229139,vnsgu.ac.in,2026-08-24T13:48:33+00:00,2026-08-24T13:48:35+00:00,COMPLETED,4,0,
tfv1:001793,229530,princeseating.furniture,2026-08-24T13:48:38+00:00,2026-08-24T13:48:40+00:00,COMPLETED,1,0,
tfv1:001794,230077,sistersncloth.com,2026-08-24T13:48:43+00:00,2026-08-24T13:48:44+00:00,COMPLETED,0,0,
tfv1:001795,230387,schwarzreport.org,2026-08-24T13:48:47+00:00,2026-08-24T13:48:49+00:00,COMPLETED,50,0,
tfv1:001796,230423,axial.net,2026-08-24T13:48:52+00:00,2026-08-24T13:48:53+00:00,COMPLETED,50,0,
tfv1:001797,231028,kuaizhika.cn,2026-08-24T13:48:57+00:00,2026-08-24T13:49:00+00:00,COMPLETED,0,0,
tfv1:001798,231141,remaxtexas.com,2026-08-24T13:49:03+00:00,2026-08-24T13:49:05+00:00,COMPLETED,0,0,
tfv1:001799,231431,infoquest.co.th,2026-08-24T13:49:08+00:00,2026-08-24T13:49:09+00:00,COMPLETED,50,0,
tfv1:001800,231543,tizu.ru,2026-08-24T13:49:12+00:00,2026-08-24T13:49:14+00:00,COMPLETED,50,0,
tfv1:001801,231599,stopwar.org.uk,2026-08-24T13:49:17+00:00,2026-08-24T13:49:19+00:00,COMPLETED,50,0,
tfv1:001802,231834,zuyd.nl,2026-08-24T13:49:21+00:00,2026-08-24T13:49:23+00:00,COMPLETED,50,0,
tfv1:001803,232079,anime.com,2026-08-24T13:49:26+00:00,2026-08-24T13:49:30+00:00,COMPLETED,50,0,
tfv1:001804,232265,ckee.ru,2026-08-24T13:49:33+00:00,2026-08-24T13:49:48+00:00,FAILED,0,1,HTTP_502
tfv1:001805,232528,torrent-empire.me,2026-08-24T13:49:51+00:00,2026-08-24T13:49:52+00:00,COMPLETED,0,0,
tfv1:001806,232925,organic-cdn.net,2026-08-24T13:49:56+00:00,2026-08-24T13:49:57+00:00,COMPLETED,0,0,
tfv1:001807,232993,aic.ru,2026-08-24T13:50:00+00:00,2026-08-24T13:50:01+00:00,COMPLETED,50,0,
tfv1:001808,232996,auclassifieds.com.au,2026-08-24T13:50:04+00:00,2026-08-24T13:50:06+00:00,COMPLETED,0,0,
tfv1:001809,233016,globalreject.com,2026-08-24T13:50:09+00:00,2026-08-24T13:50:10+00:00,COMPLETED,0,0,
tfv1:001810,233071,60.in-addr.arpa,2026-08-24T13:53:50+00:00,2026-08-24T13:54:00+00:00,COMPLETED,0,1,
tfv1:001811,233088,lutontoday.co.uk,2026-08-24T13:54:04+00:00,2026-08-24T13:54:13+00:00,COMPLETED,0,0,
tfv1:001812,233298,captainbookmark.com,2026-08-24T13:54:17+00:00,2026-08-24T13:54:19+00:00,COMPLETED,50,0,
tfv1:001813,233681,unmannedsystemstechnology.com,2026-08-24T13:54:22+00:00,2026-08-24T13:54:23+00:00,COMPLETED,0,0,
tfv1:001814,233821,senffshopping.com.br,2026-08-24T13:54:26+00:00,2026-08-24T13:54:29+00:00,COMPLETED,0,0,
tfv1:001815,234309,app-deutschebank.com,2026-08-24T13:54:32+00:00,2026-08-24T13:54:33+00:00,COMPLETED,0,0,
tfv1:001816,234543,mjhst.com,2026-08-24T13:54:36+00:00,2026-08-24T13:54:39+00:00,COMPLETED,1,0,
tfv1:001817,234573,sensualmarketplace.com,2026-08-24T13:54:42+00:00,2026-08-24T13:54:44+00:00,COMPLETED,50,0,
tfv1:001818,235103,hrcloud.com,2026-08-24T13:54:47+00:00,2026-08-24T13:54:48+00:00,COMPLETED,50,0,
tfv1:001819,235105,sitemercado.com.br,2026-08-24T13:54:51+00:00,2026-08-24T13:54:52+00:00,COMPLETED,0,0,
tfv1:001820,235243,dyd.gov.bd,2026-08-24T13:54:55+00:00,2026-08-24T13:54:57+00:00,COMPLETED,50,0,
tfv1:001821,236696,komikcast.cc,2026-08-24T13:55:00+00:00,2026-08-24T13:55:01+00:00,COMPLETED,0,0,
tfv1:001822,237036,musebyclios.com,2026-08-24T13:55:04+00:00,2026-08-24T13:55:05+00:00,COMPLETED,50,0,
tfv1:001823,237229,spdpa.vip,2026-08-24T13:55:08+00:00,2026-08-24T13:55:09+00:00,COMPLETED,10,0,
tfv1:001824,237354,stevemorse.org,2026-08-24T13:55:12+00:00,2026-08-24T13:55:13+00:00,COMPLETED,0,0,
tfv1:001825,237382,victorops.com,2026-08-24T13:55:16+00:00,2026-08-24T13:55:18+00:00,COMPLETED,15,0,
tfv1:001826,237904,6504.casino,2026-08-24T13:55:21+00:00,2026-08-24T13:55:22+00:00,COMPLETED,0,0,
tfv1:001827,237911,stressduell.com,2026-08-24T13:55:25+00:00,2026-08-24T13:55:26+00:00,COMPLETED,0,0,
tfv1:001828,237991,neogames.com,2026-08-24T13:55:29+00:00,2026-08-24T13:55:31+00:00,COMPLETED,50,0,
tfv1:001829,238028,bhinneka.com,2026-08-24T13:55:34+00:00,2026-08-24T13:55:36+00:00,COMPLETED,0,0,
tfv1:001830,238133,vatandoost.site,2026-08-24T13:55:39+00:00,2026-08-24T13:55:40+00:00,COMPLETED,0,0,
tfv1:001831,238271,finsfurniture.com,2026-08-24T13:55:44+00:00,2026-08-24T13:55:45+00:00,COMPLETED,6,0,
tfv1:001832,238353,oceancloudapi.com,2026-08-24T13:55:49+00:00,2026-08-24T13:55:50+00:00,COMPLETED,0,0,
tfv1:001833,239063,bocichina.com,2026-08-24T13:55:53+00:00,2026-08-24T13:55:55+00:00,COMPLETED,49,0,
tfv1:001834,239083,bluemediagroup.cn,2026-08-24T13:55:58+00:00,2026-08-24T13:56:01+00:00,COMPLETED,50,0,
tfv1:001835,239095,hypertek.net,2026-08-24T14:04:08+00:00,2026-08-24T14:04:10+00:00,COMPLETED,19,0,
tfv1:001836,239160,eip.gg,2026-08-24T14:04:14+00:00,2026-08-24T14:04:15+00:00,COMPLETED,0,0,
tfv1:001837,239614,countrybookshelf.com,2026-08-24T14:04:18+00:00,2026-08-24T14:04:19+00:00,COMPLETED,0,0,
tfv1:001838,239988,finance-heros.fr,2026-08-24T14:04:23+00:00,2026-08-24T14:04:24+00:00,COMPLETED,50,0,
tfv1:001839,240524,invivamedya.com,2026-08-24T14:04:27+00:00,2026-08-24T14:04:29+00:00,COMPLETED,0,0,
tfv1:001840,240660,improvenet.com,2026-08-24T14:04:32+00:00,2026-08-24T14:04:34+00:00,COMPLETED,0,0,
tfv1:001841,240915,fromvalerieskitchen.com,2026-08-24T14:04:37+00:00,2026-08-24T14:04:41+00:00,COMPLETED,50,0,
tfv1:001842,241403,sab.bz,2026-08-24T14:04:45+00:00,2026-08-24T14:04:47+00:00,COMPLETED,50,0,
tfv1:001843,241498,smarttelecom.net.br,2026-08-24T14:04:50+00:00,2026-08-24T14:04:51+00:00,COMPLETED,0,0,
tfv1:001844,241609,2zoo.com,2026-08-24T14:04:54+00:00,2026-08-24T14:04:56+00:00,COMPLETED,50,0,
tfv1:001845,241615,tot.co.th,2026-08-24T14:04:59+00:00,2026-08-24T14:05:00+00:00,COMPLETED,2,0,
tfv1:001846,242353,supererdocs.com,2026-08-24T14:05:04+00:00,2026-08-24T14:05:05+00:00,COMPLETED,1,0,
tfv1:001847,242628,spacecom.cc,2026-08-24T14:05:08+00:00,2026-08-24T14:05:11+00:00,COMPLETED,0,0,
tfv1:001848,242729,unrulywash.com,2026-08-24T14:05:14+00:00,2026-08-24T14:05:15+00:00,COMPLETED,0,0,
tfv1:001849,243135,activitysuperstore.com,2026-08-24T14:05:18+00:00,2026-08-24T14:05:20+00:00,COMPLETED,50,0,
tfv1:001850,243749,prqcyqtmyd.com,2026-08-24T14:05:24+00:00,2026-08-24T14:05:33+00:00,COMPLETED,0,1,
tfv1:001851,243866,babydeals.be,2026-08-24T14:05:36+00:00,2026-08-24T14:05:37+00:00,COMPLETED,0,0,
tfv1:001852,244530,schoolfi.net,2026-08-24T14:05:40+00:00,2026-08-24T14:05:42+00:00,COMPLETED,1,0,
tfv1:001853,245268,edgen.tech,2026-08-24T14:05:45+00:00,2026-08-24T14:05:46+00:00,COMPLETED,50,0,
tfv1:001854,245283,fairfaxva.gov,2026-08-24T14:05:49+00:00,2026-08-24T14:05:54+00:00,COMPLETED,36,0,
tfv1:001855,245311,adacreisen.de,2026-08-24T14:05:57+00:00,2026-08-24T14:05:59+00:00,COMPLETED,18,0,
tfv1:001856,245370,for-ns.pro,2026-08-24T14:06:02+00:00,2026-08-24T14:06:03+00:00,COMPLETED,0,0,
tfv1:001857,245822,honeatola.org,2026-08-24T14:06:06+00:00,2026-08-24T14:06:07+00:00,COMPLETED,0,0,
tfv1:001858,245850,vegadns.vn,2026-08-24T14:06:10+00:00,2026-08-24T14:06:12+00:00,COMPLETED,0,0,
tfv1:001859,245946,ub.edu.ar,2026-08-24T14:06:15+00:00,2026-08-24T14:06:18+00:00,COMPLETED,50,0,
tfv1:001860,246097,dpmsonline.co.uk,2026-08-24T14:07:15+00:00,2026-08-24T14:07:16+00:00,COMPLETED,0,0,
tfv1:001861,246267,recovery.gov,2026-08-24T14:07:19+00:00,2026-08-24T14:07:20+00:00,COMPLETED,0,0,
tfv1:001862,246467,sfenvironment.org,2026-08-24T14:07:23+00:00,2026-08-24T14:07:25+00:00,COMPLETED,0,0,
tfv1:001863,246519,tvid.vu,2026-08-24T14:07:28+00:00,2026-08-24T14:07:29+00:00,COMPLETED,0,0,
tfv1:001864,247054,s7airlines.com,2026-08-24T14:07:32+00:00,2026-08-24T14:07:34+00:00,COMPLETED,0,0,
tfv1:001865,247170,vets4pets.com,2026-08-24T14:07:37+00:00,2026-08-24T14:07:38+00:00,COMPLETED,50,0,
tfv1:001866,247217,oppictures.com,2026-08-24T14:07:41+00:00,2026-08-24T14:07:42+00:00,COMPLETED,0,0,
tfv1:001867,247242,awsdns-us-gov-62.net,2026-08-24T14:07:45+00:00,2026-08-24T14:07:47+00:00,COMPLETED,0,0,
tfv1:001868,247780,water.ie,2026-08-24T14:07:50+00:00,2026-08-24T14:07:51+00:00,COMPLETED,50,0,
tfv1:001869,247979,423down.com,2026-08-24T14:07:54+00:00,2026-08-24T14:07:57+00:00,COMPLETED,50,0,
tfv1:001870,248001,minionlab.ai,2026-08-24T14:08:00+00:00,2026-08-24T14:08:01+00:00,COMPLETED,0,0,
tfv1:001871,248458,pornogramxxx.com,2026-08-24T14:08:04+00:00,2026-08-24T14:08:06+00:00,COMPLETED,0,0,
tfv1:001872,248792,resmedjournal.com,2026-08-24T14:08:09+00:00,2026-08-24T14:08:10+00:00,COMPLETED,0,0,
tfv1:001873,249533,wharfttidc.com,2026-08-24T14:08:13+00:00,2026-08-24T14:08:14+00:00,COMPLETED,0,0,
tfv1:001874,249597,pornmovieslove.com,2026-08-24T14:08:17+00:00,2026-08-24T14:08:19+00:00,COMPLETED,50,0,
tfv1:001875,249857,darkmoney.ws,2026-08-24T14:08:22+00:00,2026-08-24T14:08:23+00:00,COMPLETED,0,0,
tfv1:001876,252144,argentinaout.com,,,PENDING,0,0,
tfv1:001877,254362,teerank.io,,,PENDING,0,0,
tfv1:001878,254965,cashpay.bz,,,PENDING,0,0,
tfv1:001879,256076,muhsems.ac.in,,,PENDING,0,0,
tfv1:001880,256794,talaatmoustafa.com,2026-08-24T14:52:42+00:00,2026-08-24T14:52:44+00:00,COMPLETED,50,0,
tfv1:001881,256891,trendeducar.com.br,2026-08-24T14:52:49+00:00,2026-08-24T14:52:50+00:00,COMPLETED,0,0,
tfv1:001882,256986,v8m2a6r.com,2026-08-24T14:52:54+00:00,2026-08-24T14:52:55+00:00,COMPLETED,0,0,
tfv1:001883,257438,externalcoop.com,2026-08-24T14:53:00+00:00,2026-08-24T14:53:01+00:00,COMPLETED,0,0,
tfv1:001884,257940,screensteps.com,2026-08-24T14:53:05+00:00,2026-08-24T14:53:07+00:00,COMPLETED,50,0,
tfv1:001885,258164,stockmarketsreview.com,2026-08-24T14:53:11+00:00,2026-08-24T14:53:12+00:00,COMPLETED,0,0,
tfv1:001886,258277,ibis-gear.com,2026-08-24T14:53:16+00:00,2026-08-24T14:53:18+00:00,COMPLETED,0,0,
tfv1:001887,258490,spotonmaine.com,2026-08-24T14:53:22+00:00,2026-08-24T14:53:23+00:00,COMPLETED,0,0,
tfv1:001888,259123,dainikamadershomoy.com,2026-08-24T14:53:27+00:00,2026-08-24T14:53:32+00:00,COMPLETED,50,0,
tfv1:001889,260202,saa.org,2026-08-24T14:53:36+00:00,2026-08-24T14:53:37+00:00,COMPLETED,1,0,
tfv1:001890,260553,convergencetraining.com,2026-08-24T14:53:42+00:00,2026-08-24T14:53:43+00:00,COMPLETED,39,0,
tfv1:001891,260799,homecompany-moebel.com,2026-08-24T14:53:47+00:00,2026-08-24T14:53:48+00:00,COMPLETED,2,0,
tfv1:001892,261028,renalandurologynews.com,2026-08-24T14:53:52+00:00,2026-08-24T14:53:54+00:00,COMPLETED,3,0,
tfv1:001893,261104,shopdecor.com,2026-08-24T14:53:59+00:00,2026-08-24T14:54:00+00:00,COMPLETED,5,0,
tfv1:001894,261861,tiu.ac.jp,2026-08-24T14:54:04+00:00,2026-08-24T14:54:06+00:00,COMPLETED,50,0,
tfv1:001895,261877,freefire-name.com,2026-08-24T14:54:10+00:00,2026-08-24T14:54:12+00:00,COMPLETED,50,0,
tfv1:001896,261918,maldef.org,2026-08-24T14:54:16+00:00,2026-08-24T14:54:20+00:00,COMPLETED,50,0,
tfv1:001897,262756,simcast.com,2026-08-24T14:54:24+00:00,2026-08-24T14:54:26+00:00,COMPLETED,50,0,
tfv1:001898,263249,spreadshirt.es,2026-08-24T14:54:30+00:00,2026-08-24T14:54:33+00:00,COMPLETED,50,0,
tfv1:001899,263266,skuzeshoes.com,2026-08-24T14:54:37+00:00,2026-08-24T14:54:38+00:00,COMPLETED,0,0,
tfv1:001900,263308,flipup.ru,2026-08-24T14:54:42+00:00,2026-08-24T14:54:46+00:00,COMPLETED,0,0,
tfv1:001901,263411,cowboy.com,2026-08-24T14:54:50+00:00,2026-08-24T14:54:54+00:00,COMPLETED,50,0,
tfv1:001902,263463,kdbookonline.com,2026-08-24T14:54:58+00:00,2026-08-24T14:54:59+00:00,COMPLETED,0,0,
tfv1:001903,263761,ipblocker.io,2026-08-24T14:55:03+00:00,2026-08-24T14:55:04+00:00,COMPLETED,1,0,
tfv1:001904,264527,starlamp.su,2026-08-24T14:55:08+00:00,2026-08-24T14:55:09+00:00,COMPLETED,10,0,
tfv1:001905,265037,blackblogs.org,2026-08-24T15:00:31+00:00,2026-08-24T15:00:33+00:00,COMPLETED,38,0,
tfv1:001906,265706,mawp.us,2026-08-24T15:00:36+00:00,2026-08-24T15:00:37+00:00,COMPLETED,0,0,
tfv1:001907,266327,miliarbetsite.online,2026-08-24T15:00:40+00:00,2026-08-24T15:00:42+00:00,COMPLETED,0,0,
tfv1:001908,267024,mpskills.gov.in,2026-08-24T15:00:45+00:00,2026-08-24T15:00:46+00:00,COMPLETED,0,0,
tfv1:001909,267236,jobprogress.com,2026-08-24T15:00:49+00:00,2026-08-24T15:00:51+00:00,COMPLETED,3,0,
tfv1:001910,267625,orioyujh.com,2026-08-24T15:00:54+00:00,2026-08-24T15:00:55+00:00,COMPLETED,0,0,
tfv1:001911,269130,swireproperties.com,2026-08-24T15:00:59+00:00,2026-08-24T15:01:00+00:00,COMPLETED,50,0,
tfv1:001912,269276,whypay.info,2026-08-24T15:01:03+00:00,2026-08-24T15:01:05+00:00,COMPLETED,0,0,
tfv1:001913,269334,tirroor.win,2026-08-24T15:01:08+00:00,2026-08-24T15:01:09+00:00,COMPLETED,0,0,
tfv1:001914,269413,breclav.eu,2026-08-24T15:01:12+00:00,2026-08-24T15:01:15+00:00,COMPLETED,50,0,
tfv1:001915,269442,mysticstamp.com,2026-08-24T15:01:18+00:00,2026-08-24T15:01:20+00:00,COMPLETED,50,0,
tfv1:001916,269672,set-pro.net,2026-08-24T15:01:24+00:00,2026-08-24T15:01:25+00:00,COMPLETED,25,0,
tfv1:001917,270156,woowa.in,2026-08-24T15:01:29+00:00,2026-08-24T15:01:31+00:00,COMPLETED,0,0,
tfv1:001918,270673,fungame777idn.com,2026-08-24T15:01:34+00:00,2026-08-24T15:01:35+00:00,COMPLETED,0,0,
tfv1:001919,270691,hrs-boc.com,2026-08-24T15:01:39+00:00,2026-08-24T15:01:41+00:00,COMPLETED,0,0,
tfv1:001920,270718,komengtotop.com,2026-08-24T15:01:44+00:00,2026-08-24T15:01:46+00:00,COMPLETED,0,0,
tfv1:001921,270990,komunita.cz,2026-08-24T15:01:49+00:00,2026-08-24T15:01:51+00:00,COMPLETED,50,0,
tfv1:001922,271293,uptreeid.com,2026-08-24T15:01:55+00:00,2026-08-24T15:01:56+00:00,COMPLETED,0,0,
tfv1:001923,271657,gaten.info,2026-08-24T15:01:59+00:00,2026-08-24T15:02:00+00:00,COMPLETED,1,0,
tfv1:001924,272601,rockbrookcamera.com,2026-08-24T15:02:04+00:00,2026-08-24T15:02:07+00:00,COMPLETED,41,0,
tfv1:001925,273014,minzdravrso.ru,2026-08-24T15:02:10+00:00,2026-08-24T15:02:12+00:00,COMPLETED,0,0,
tfv1:001926,273606,doeda-rfud.xyz,2026-08-24T15:02:15+00:00,2026-08-24T15:02:16+00:00,COMPLETED,0,0,
tfv1:001927,274492,rajacabe88berkah.space,2026-08-24T15:02:19+00:00,2026-08-24T15:02:21+00:00,COMPLETED,0,0,
tfv1:001928,275345,customer.tui,2026-08-24T15:02:24+00:00,2026-08-24T15:02:25+00:00,COMPLETED,0,0,
tfv1:001929,275379,hooliredir.com,2026-08-24T15:02:28+00:00,2026-08-24T15:02:29+00:00,COMPLETED,0,0,
tfv1:001930,276267,nd-cdn.us,2026-08-24T15:30:55+00:00,2026-08-24T15:30:56+00:00,COMPLETED,0,0,
tfv1:001931,276896,tryg.dk,2026-08-24T15:30:59+00:00,2026-08-24T15:31:01+00:00,COMPLETED,50,0,
tfv1:001932,277836,avnode.net,2026-08-24T15:31:04+00:00,2026-08-24T15:31:06+00:00,COMPLETED,50,0,
tfv1:001933,278180,speedqueen.com,2026-08-24T15:31:09+00:00,2026-08-24T15:31:11+00:00,COMPLETED,50,0,
tfv1:001934,278634,agaclar.net,2026-08-24T15:31:15+00:00,2026-08-24T15:31:16+00:00,COMPLETED,50,0,
tfv1:001935,278733,aidungeon.io,2026-08-24T15:31:20+00:00,2026-08-24T15:31:22+00:00,COMPLETED,0,0,
tfv1:001936,278809,xtradernet.co.uk,2026-08-24T15:31:25+00:00,2026-08-24T15:31:27+00:00,COMPLETED,0,0,
tfv1:001937,279740,cairo.pl,2026-08-24T15:31:30+00:00,2026-08-24T15:31:32+00:00,COMPLETED,50,0,
tfv1:001938,280871,ddos58.com,2026-08-24T15:31:37+00:00,2026-08-24T15:31:44+00:00,COMPLETED,0,0,
tfv1:001939,281146,dein-sportauspuff.de,2026-08-24T15:31:49+00:00,2026-08-24T15:31:51+00:00,COMPLETED,0,0,
tfv1:001940,281815,stockbridgecommunitynews.com,2026-08-24T15:35:36+00:00,2026-08-24T15:35:38+00:00,COMPLETED,50,0,
tfv1:001941,281949,exceedcard.com,2026-08-24T15:35:42+00:00,2026-08-24T15:35:43+00:00,COMPLETED,2,0,
tfv1:001942,282119,nvgazeta.ru,2026-08-24T15:35:47+00:00,2026-08-24T15:35:48+00:00,COMPLETED,0,0,
tfv1:001943,282149,mtg-arenacodes.com,2026-08-24T15:35:52+00:00,2026-08-24T15:35:54+00:00,COMPLETED,0,0,
tfv1:001944,282549,bebangcaromel.com,2026-08-24T15:35:58+00:00,2026-08-24T15:36:02+00:00,COMPLETED,0,0,
tfv1:001945,282813,connectit.gr,2026-08-24T15:36:06+00:00,2026-08-24T15:36:08+00:00,COMPLETED,2,0,
tfv1:001946,282854,mega-riches.se,2026-08-24T15:36:12+00:00,2026-08-24T15:36:14+00:00,COMPLETED,0,0,
tfv1:001947,283091,wineinsiders.com,2026-08-24T15:36:18+00:00,2026-08-24T15:36:22+00:00,COMPLETED,1,0,
tfv1:001948,283643,one.be,2026-08-24T15:36:26+00:00,2026-08-24T15:36:29+00:00,COMPLETED,50,0,
tfv1:001949,283729,idsyncmxedge.com,2026-08-24T15:36:34+00:00,2026-08-24T15:36:36+00:00,COMPLETED,0,0,
tfv1:001950,283826,slitm.net,2026-08-24T15:36:40+00:00,2026-08-24T15:36:41+00:00,COMPLETED,0,0,
tfv1:001951,284019,shifro-team.site,2026-08-24T15:36:45+00:00,2026-08-24T15:36:49+00:00,COMPLETED,0,0,
tfv1:001952,284280,aveanna.net,2026-08-24T15:36:52+00:00,2026-08-24T15:36:55+00:00,COMPLETED,0,0,
tfv1:001953,285111,webcambelle.com,2026-08-24T15:36:58+00:00,2026-08-24T15:37:01+00:00,COMPLETED,0,0,
tfv1:001954,285581,cartolibreriabbecedario.com,2026-08-24T15:37:05+00:00,2026-08-24T15:37:08+00:00,COMPLETED,0,0,
tfv1:001955,285924,anyonegoes-dev.com,2026-08-24T15:39:25+00:00,2026-08-24T15:39:27+00:00,COMPLETED,0,0,
tfv1:001956,285986,regina.ca,2026-08-24T15:39:31+00:00,2026-08-24T15:39:32+00:00,COMPLETED,50,0,
tfv1:001957,286096,red.org,2026-08-24T15:39:36+00:00,2026-08-24T15:39:38+00:00,COMPLETED,50,0,
tfv1:001958,286198,aptx.cm,2026-08-24T15:39:42+00:00,2026-08-24T15:39:45+00:00,COMPLETED,10,0,
tfv1:001959,286406,brothersoutlet.com,2026-08-24T15:39:49+00:00,2026-08-24T15:39:50+00:00,COMPLETED,0,0,
tfv1:001960,286643,utahtravelcenter.com,2026-08-24T15:39:54+00:00,2026-08-24T15:39:56+00:00,COMPLETED,0,0,
tfv1:001961,286931,hotfriblogpromotion.shop,2026-08-24T15:39:59+00:00,2026-08-24T15:40:01+00:00,COMPLETED,50,0,
tfv1:001962,287429,zoovet.ru,2026-08-24T15:40:05+00:00,2026-08-24T15:40:08+00:00,COMPLETED,0,0,
tfv1:001963,287662,archyworldys.com,2026-08-24T15:40:12+00:00,2026-08-24T15:40:14+00:00,COMPLETED,0,0,
tfv1:001964,287819,kobert.dev,2026-08-24T15:40:18+00:00,2026-08-24T15:40:23+00:00,COMPLETED,11,0,
tfv1:001965,288398,newark-sherwooddc.gov.uk,2026-08-24T15:40:27+00:00,2026-08-24T15:40:29+00:00,COMPLETED,50,0,
tfv1:001966,288739,chartedsea.com,2026-08-24T15:40:33+00:00,2026-08-24T15:40:34+00:00,COMPLETED,9,0,
tfv1:001967,289044,agcbio.com,2026-08-24T15:40:38+00:00,2026-08-24T15:40:40+00:00,COMPLETED,50,0,
tfv1:001968,289697,finfur.net,2026-08-24T15:40:44+00:00,2026-08-24T15:40:46+00:00,COMPLETED,50,0,
tfv1:001969,290113,mda.gov.my,2026-08-24T15:40:50+00:00,2026-08-24T15:40:54+00:00,COMPLETED,50,0,
tfv1:001970,290223,bamada.net,2026-08-24T15:40:57+00:00,2026-08-24T15:40:59+00:00,COMPLETED,0,0,
tfv1:001971,290422,drift.cool,2026-08-24T15:41:03+00:00,2026-08-24T15:41:17+00:00,COMPLETED,0,1,
tfv1:001972,291290,fishersci.es,2026-08-24T15:41:21+00:00,2026-08-24T15:41:30+00:00,COMPLETED,50,0,
tfv1:001973,291440,cinemastar.ru,2026-08-24T15:41:35+00:00,2026-08-24T15:41:38+00:00,COMPLETED,6,0,
tfv1:001974,291771,blog44bar.shop,2026-08-24T15:41:42+00:00,2026-08-24T15:41:43+00:00,COMPLETED,0,0,
tfv1:001975,291865,tenga.co.jp,2026-08-24T15:41:47+00:00,2026-08-24T15:41:54+00:00,COMPLETED,50,0,
tfv1:001976,291940,etap.com,2026-08-24T15:41:58+00:00,2026-08-24T15:42:00+00:00,COMPLETED,50,0,
tfv1:001977,292459,core-x.ch,2026-08-24T15:42:05+00:00,2026-08-24T15:42:12+00:00,COMPLETED,0,0,
tfv1:001978,292599,unimus.net,2026-08-24T15:42:16+00:00,2026-08-24T15:42:21+00:00,COMPLETED,50,0,
tfv1:001979,293164,zlutagcontentpromotion.shop,2026-08-24T15:42:25+00:00,2026-08-24T15:42:27+00:00,COMPLETED,50,0,
tfv1:001980,293685,gszy.edu.cn,2026-08-24T15:46:23+00:00,2026-08-24T15:46:25+00:00,COMPLETED,2,0,
tfv1:001981,294207,nr18.space,2026-08-24T15:46:28+00:00,2026-08-24T15:46:29+00:00,COMPLETED,0,0,
tfv1:001982,294699,mantawcontentpromotion.shop,2026-08-24T15:46:33+00:00,2026-08-24T15:46:48+00:00,COMPLETED,50,1,
tfv1:001983,294880,allriodejaneirohotels.com,2026-08-24T15:46:52+00:00,2026-08-24T15:46:54+00:00,COMPLETED,0,0,
tfv1:001984,295261,fnco.it,2026-08-24T15:46:58+00:00,2026-08-24T15:47:01+00:00,COMPLETED,0,0,
tfv1:001985,295399,ce.com.au,2026-08-24T15:47:06+00:00,2026-08-24T15:47:07+00:00,COMPLETED,0,0,
tfv1:001986,295637,avernis.eu,2026-08-24T15:47:11+00:00,2026-08-24T15:47:32+00:00,COMPLETED,0,1,
tfv1:001987,297306,buyfilteronline.com,2026-08-24T15:47:35+00:00,2026-08-24T15:47:58+00:00,FAILED,0,1,HTTP_400
tfv1:001988,297701,echelon.nl,2026-08-24T15:48:02+00:00,2026-08-24T15:48:06+00:00,COMPLETED,0,0,
tfv1:001989,298772,teleprensa.com,2026-08-24T15:48:10+00:00,2026-08-24T15:48:18+00:00,COMPLETED,0,0,
tfv1:001990,299764,eshuizong.com,2026-08-24T15:48:22+00:00,2026-08-24T15:48:25+00:00,COMPLETED,3,0,
tfv1:001991,300013,pmumobile.fr,2026-08-24T15:48:29+00:00,2026-08-24T15:48:31+00:00,COMPLETED,0,0,
tfv1:001992,300401,diario-red.com,2026-08-24T15:48:35+00:00,2026-08-24T15:48:37+00:00,COMPLETED,0,0,
tfv1:001993,301028,cigarasylum.com,2026-08-24T15:48:41+00:00,2026-08-24T15:49:05+00:00,FAILED,0,1,HTTP_504
tfv1:001994,301460,baggallini.com,2026-08-24T15:49:09+00:00,2026-08-24T15:49:11+00:00,COMPLETED,50,0,
tfv1:001995,302182,ngx.bet,2026-08-24T15:49:14+00:00,2026-08-24T15:49:16+00:00,COMPLETED,0,0,
tfv1:001996,302476,blizzardgames.cn,2026-08-24T15:49:20+00:00,2026-08-24T15:49:24+00:00,COMPLETED,0,0,
tfv1:001997,302686,thespraysource.com,2026-08-24T15:49:28+00:00,2026-08-24T15:49:38+00:00,COMPLETED,1,0,
tfv1:001998,302971,linkhk.com,2026-08-24T15:49:42+00:00,2026-08-24T15:49:45+00:00,COMPLETED,0,0,
tfv1:001999,303449,cooltra.com,2026-08-24T15:49:49+00:00,2026-08-24T15:49:51+00:00,COMPLETED,50,0,
tfv1:002000,303484,entiebank.com.tw,2026-08-24T15:49:55+00:00,2026-08-24T15:50:06+00:00,COMPLETED,8,0,
tfv1:002001,304337,doz13.ru,2026-08-24T15:50:10+00:00,2026-08-24T15:50:17+00:00,COMPLETED,0,0,
tfv1:002002,304354,koreainvestment.ac,2026-08-24T15:50:20+00:00,2026-08-24T15:50:30+00:00,COMPLETED,0,0,
tfv1:002003,305263,pobreflixtv.show,2026-08-24T15:50:34+00:00,2026-08-24T15:50:40+00:00,COMPLETED,0,0,
tfv1:002004,306096,japanesegarden.org,2026-08-24T15:50:45+00:00,2026-08-24T15:50:51+00:00,COMPLETED,50,0,
tfv1:002005,306249,stake1069.com,2026-08-24T15:53:18+00:00,2026-08-24T15:53:25+00:00,COMPLETED,0,0,
tfv1:002006,306399,ucm.sk,2026-08-24T15:53:29+00:00,2026-08-24T15:53:32+00:00,COMPLETED,50,0,
tfv1:002007,308784,kcpmc.store,2026-08-24T15:53:36+00:00,2026-08-24T15:53:40+00:00,COMPLETED,1,0,
tfv1:002008,308948,7818.casino,2026-08-24T15:53:44+00:00,2026-08-24T15:53:49+00:00,COMPLETED,0,0,
tfv1:002009,309106,edoncn.com,2026-08-24T15:53:52+00:00,2026-08-24T15:53:55+00:00,COMPLETED,0,0,
tfv1:002010,309159,neurofitcenter.com,2026-08-24T15:53:58+00:00,2026-08-24T15:54:00+00:00,COMPLETED,0,0,
tfv1:002011,309650,figopetinsurance.com,2026-08-24T15:54:03+00:00,2026-08-24T15:54:05+00:00,COMPLETED,50,0,
tfv1:002012,311037,sante.quebec,2026-08-24T15:54:09+00:00,2026-08-24T15:54:12+00:00,COMPLETED,50,0,
tfv1:002013,311865,emojicheap.com,2026-08-24T15:54:16+00:00,2026-08-24T15:54:17+00:00,COMPLETED,0,0,
tfv1:002014,312059,nstock.tw,2026-08-24T15:54:21+00:00,2026-08-24T15:54:26+00:00,COMPLETED,50,0,
tfv1:002015,312727,city-fs.de,2026-08-24T15:54:30+00:00,2026-08-24T15:54:34+00:00,COMPLETED,50,0,
tfv1:002016,313106,shopversona.com,2026-08-24T15:54:39+00:00,2026-08-24T15:54:40+00:00,COMPLETED,50,0,
tfv1:002017,313371,dailyclout.io,2026-08-24T15:54:44+00:00,2026-08-24T15:54:46+00:00,COMPLETED,50,0,
tfv1:002018,313491,wos.nl,2026-08-24T15:54:49+00:00,2026-08-24T15:54:53+00:00,COMPLETED,50,0,
tfv1:002019,313559,fabrefactus.com,2026-08-24T15:54:57+00:00,2026-08-24T15:54:59+00:00,COMPLETED,0,0,
tfv1:002020,314194,ptenergo.ru,2026-08-24T15:55:02+00:00,2026-08-24T15:55:12+00:00,COMPLETED,0,0,
tfv1:002021,314624,aljyyosh.com,2026-08-24T15:55:16+00:00,2026-08-24T15:55:20+00:00,COMPLETED,0,0,
tfv1:002022,314991,wbsceurope.org,2026-08-24T15:55:24+00:00,2026-08-24T15:55:29+00:00,COMPLETED,0,0,
tfv1:002023,315083,studentsforlife.org,2026-08-24T15:55:33+00:00,2026-08-24T15:55:50+00:00,COMPLETED,50,1,
tfv1:002024,315435,kemazot.ru,2026-08-24T15:55:54+00:00,2026-08-24T15:56:06+00:00,COMPLETED,5,1,
tfv1:002025,315695,gourmetcaree.jp,2026-08-24T15:56:10+00:00,2026-08-24T15:56:18+00:00,COMPLETED,0,0,
tfv1:002026,317226,taiwanopendata.com,2026-08-24T15:56:22+00:00,2026-08-24T15:56:27+00:00,COMPLETED,0,0,
tfv1:002027,318234,ok7.casino,2026-08-24T15:56:31+00:00,2026-08-24T15:56:39+00:00,COMPLETED,0,0,
tfv1:002028,318624,duksung.ac.kr,2026-08-24T15:56:43+00:00,2026-08-24T15:56:46+00:00,COMPLETED,50,0,
tfv1:002029,319301,gamblinglinkspro.com,2026-08-24T15:56:50+00:00,2026-08-24T15:56:51+00:00,COMPLETED,0,0,
tfv1:002030,319330,bn765.com,2026-08-24T16:04:38+00:00,2026-08-24T16:04:41+00:00,COMPLETED,0,0,
tfv1:002031,319378,yoszi.com,2026-08-24T16:04:45+00:00,2026-08-24T16:04:51+00:00,COMPLETED,0,0,
tfv1:002032,319608,inkakinada.com,2026-08-24T16:04:55+00:00,2026-08-24T16:05:03+00:00,COMPLETED,27,0,
tfv1:002033,319920,kb-monita.ru,2026-08-24T16:05:07+00:00,2026-08-24T16:05:22+00:00,COMPLETED,0,1,
tfv1:002034,320117,wingnet.com.tw,2026-08-24T16:05:26+00:00,2026-08-24T16:05:47+00:00,FAILED,0,1,HTTP_400
tfv1:002035,321076,jxncsz.cn,2026-08-24T16:05:52+00:00,2026-08-24T16:05:54+00:00,COMPLETED,0,0,
tfv1:002036,321204,ev.io,2026-08-24T16:05:58+00:00,2026-08-24T16:06:00+00:00,COMPLETED,50,0,
tfv1:002037,321686,ferriesdelcaribe.com,2026-08-24T16:06:04+00:00,2026-08-24T16:06:06+00:00,COMPLETED,50,0,
tfv1:002038,321946,sowell.fr,2026-08-24T16:06:10+00:00,2026-08-24T16:06:13+00:00,COMPLETED,50,0,
tfv1:002039,321974,dnsdesk.com,2026-08-24T16:06:17+00:00,2026-08-24T16:06:37+00:00,COMPLETED,0,1,
tfv1:002040,323057,rocketbbs.com,2026-08-24T16:06:41+00:00,2026-08-24T16:07:01+00:00,FAILED,0,1,HTTP_502
tfv1:002041,323140,tonerkebab.fr,2026-08-24T16:07:06+00:00,2026-08-24T16:07:12+00:00,COMPLETED,50,0,
tfv1:002042,323328,infinitecrafts.io,2026-08-24T16:07:17+00:00,2026-08-24T16:07:19+00:00,COMPLETED,0,0,
tfv1:002043,323756,aquaticarts.com,2026-08-24T16:07:23+00:00,2026-08-24T16:07:31+00:00,COMPLETED,0,0,
tfv1:002044,324462,natega-youm7.online,2026-08-24T16:07:35+00:00,2026-08-24T16:07:44+00:00,COMPLETED,50,0,
tfv1:002045,324863,ca61civils.de,2026-08-24T16:07:48+00:00,2026-08-24T16:08:13+00:00,FAILED,0,1,HTTP_504
tfv1:002046,324908,hologydenoughta.info,2026-08-24T16:08:18+00:00,2026-08-24T16:08:38+00:00,FAILED,0,1,HTTP_504
tfv1:002047,325401,sygmanet.be,2026-08-24T16:08:43+00:00,2026-08-24T16:08:53+00:00,COMPLETED,29,0,
tfv1:002048,325443,telmore.dk,2026-08-24T16:08:58+00:00,2026-08-24T16:09:04+00:00,COMPLETED,50,0,
tfv1:002049,325656,doctor-tops.ru,2026-08-24T16:09:09+00:00,2026-08-24T16:09:25+00:00,COMPLETED,50,1,
tfv1:002050,325761,snowrecords.com,2026-08-24T16:09:31+00:00,2026-08-24T16:09:48+00:00,COMPLETED,50,1,
tfv1:002051,325936,ms-vacances.com,2026-08-24T16:09:54+00:00,2026-08-24T16:10:05+00:00,COMPLETED,50,0,
tfv1:002052,326078,woodone.co.jp,2026-08-24T16:10:10+00:00,2026-08-24T16:10:15+00:00,COMPLETED,1,0,
tfv1:002053,326117,new-discount.com,2026-08-24T16:10:20+00:00,2026-08-24T16:10:37+00:00,COMPLETED,0,1,
tfv1:002054,326141,visasignaturehotels.com,2026-08-24T16:10:42+00:00,2026-08-24T16:10:45+00:00,COMPLETED,0,0,
tfv1:002055,327010,aqualand.fr,2026-08-24T16:17:25+00:00,2026-08-24T16:17:27+00:00,COMPLETED,50,0,
tfv1:002056,327501,altoplan.net,2026-08-24T16:17:30+00:00,2026-08-24T16:17:32+00:00,COMPLETED,0,0,
tfv1:002057,327971,luxgroup.net,2026-08-24T16:17:35+00:00,2026-08-24T16:17:36+00:00,COMPLETED,0,0,
tfv1:002058,328018,flcc.edu,2026-08-24T16:17:39+00:00,2026-08-24T16:18:04+00:00,FAILED,0,1,HTTP_504
tfv1:002059,328250,tnova.fr,2026-08-24T16:18:07+00:00,2026-08-24T16:18:11+00:00,COMPLETED,50,0,
tfv1:002060,328443,tvwiki39.net,2026-08-24T16:18:15+00:00,2026-08-24T16:18:22+00:00,COMPLETED,0,0,
tfv1:002061,328589,cn3x.com.cn,2026-08-24T16:18:26+00:00,2026-08-24T16:18:34+00:00,COMPLETED,50,0,
tfv1:002062,328632,cfhpc.cn,2026-08-24T16:18:37+00:00,2026-08-24T16:18:39+00:00,COMPLETED,0,0,
tfv1:002063,329193,myavista.com,2026-08-24T16:18:42+00:00,2026-08-24T16:19:06+00:00,FAILED,0,1,HTTP_502
tfv1:002064,329384,techcentral.ie,2026-08-24T16:19:09+00:00,2026-08-24T16:19:15+00:00,COMPLETED,50,0,
tfv1:002065,329725,tradicia-k.ru,2026-08-24T16:19:19+00:00,2026-08-24T16:19:20+00:00,COMPLETED,50,0,
tfv1:002066,330347,sunsimiao.org,2026-08-24T16:19:24+00:00,2026-08-24T16:19:25+00:00,COMPLETED,0,0,
tfv1:002067,330656,vacationtracker.io,2026-08-24T16:19:28+00:00,2026-08-24T16:19:29+00:00,COMPLETED,50,0,
tfv1:002068,330883,topconone.com,2026-08-24T16:19:32+00:00,2026-08-24T16:19:33+00:00,COMPLETED,0,0,
tfv1:002069,331079,camras.nl,2026-08-24T16:19:37+00:00,2026-08-24T16:19:39+00:00,COMPLETED,50,0,
tfv1:002070,331942,kurasapo.net,2026-08-24T16:19:42+00:00,2026-08-24T16:19:44+00:00,COMPLETED,50,0,
tfv1:002071,331977,vivun.com,2026-08-24T16:19:48+00:00,2026-08-24T16:19:51+00:00,COMPLETED,9,0,
tfv1:002072,332233,rudalgame.website,2026-08-24T16:19:54+00:00,2026-08-24T16:19:56+00:00,COMPLETED,0,0,
tfv1:002073,332249,totalmoney.pl,2026-08-24T16:19:59+00:00,2026-08-24T16:20:03+00:00,COMPLETED,50,0,
tfv1:002074,332415,charvel.com,2026-08-24T16:20:06+00:00,2026-08-24T16:20:08+00:00,COMPLETED,50,0,
tfv1:002075,333107,nartlof.com,2026-08-24T16:20:11+00:00,2026-08-24T16:20:12+00:00,COMPLETED,0,0,
tfv1:002076,333111,alphagroupworld.nl,2026-08-24T16:20:16+00:00,2026-08-24T16:20:18+00:00,COMPLETED,0,0,
tfv1:002077,333501,bayerischerhof.de,2026-08-24T16:20:22+00:00,2026-08-24T16:20:23+00:00,COMPLETED,29,0,
tfv1:002078,333655,colmiane.com,2026-08-24T16:20:27+00:00,2026-08-24T16:20:29+00:00,COMPLETED,50,0,
tfv1:002079,333707,monfri.net,2026-08-24T16:20:32+00:00,2026-08-24T16:20:33+00:00,COMPLETED,0,0,
tfv1:002080,333779,genipspillion.com,2026-08-24T16:22:32+00:00,2026-08-24T16:22:39+00:00,COMPLETED,0,0,
tfv1:002081,334204,loadbt.com,2026-08-24T16:22:42+00:00,2026-08-24T16:22:51+00:00,COMPLETED,0,1,
tfv1:002082,334584,arbpay.cc,2026-08-24T16:22:54+00:00,2026-08-24T16:22:55+00:00,COMPLETED,0,0,
tfv1:002083,335210,mangarawad.vip,2026-08-24T16:22:58+00:00,2026-08-24T16:22:59+00:00,COMPLETED,0,0,
tfv1:002084,335836,prixa.net,2026-08-24T16:23:03+00:00,2026-08-24T16:23:05+00:00,COMPLETED,50,0,
tfv1:002085,335963,computersweden.se,2026-08-24T16:23:09+00:00,2026-08-24T16:23:11+00:00,COMPLETED,50,0,
tfv1:002086,335975,xxxtube-gay.com,2026-08-24T16:23:14+00:00,2026-08-24T16:23:16+00:00,COMPLETED,0,0,
tfv1:002087,336833,alibrary.com,2026-08-24T16:23:19+00:00,2026-08-24T16:23:31+00:00,COMPLETED,0,1,
tfv1:002088,337305,fuddruckers.com,2026-08-24T16:23:35+00:00,2026-08-24T16:23:50+00:00,COMPLETED,50,1,
tfv1:002089,338179,dtyrqg.com,2026-08-24T16:23:53+00:00,2026-08-24T16:23:55+00:00,COMPLETED,0,0,
tfv1:002090,338505,mmwholesale.com,2026-08-24T16:23:58+00:00,2026-08-24T16:24:00+00:00,COMPLETED,29,0,
tfv1:002091,338890,casino0321.online,2026-08-24T16:24:04+00:00,2026-08-24T16:24:05+00:00,COMPLETED,0,0,
tfv1:002092,339180,985wk.com,2026-08-24T16:24:09+00:00,2026-08-24T16:24:13+00:00,COMPLETED,0,0,
tfv1:002093,339739,ceee.com.br,2026-08-24T16:24:16+00:00,2026-08-24T16:24:17+00:00,COMPLETED,0,0,
tfv1:002094,340313,mlobox.io,2026-08-24T16:24:20+00:00,2026-08-24T16:24:30+00:00,COMPLETED,0,0,
tfv1:002095,340475,foxyfolksy.com,2026-08-24T16:24:33+00:00,2026-08-24T16:24:38+00:00,COMPLETED,50,0,
tfv1:002096,340537,radixweb.com,2026-08-24T16:24:41+00:00,2026-08-24T16:25:01+00:00,FAILED,0,1,HTTP_502
tfv1:002097,340708,rcqatol.com,2026-08-24T16:25:05+00:00,2026-08-24T16:25:07+00:00,COMPLETED,0,0,
tfv1:002098,340798,corgi.co.uk,2026-08-24T16:25:10+00:00,2026-08-24T16:25:11+00:00,COMPLETED,0,0,
tfv1:002099,341076,poble-espanyol.com,2026-08-24T16:25:15+00:00,2026-08-24T16:25:17+00:00,COMPLETED,50,0,
tfv1:002100,341437,cdnedge.online,2026-08-24T16:25:20+00:00,2026-08-24T16:25:21+00:00,COMPLETED,0,0,
tfv1:002101,342156,superliga168awan.com,2026-08-24T16:25:25+00:00,2026-08-24T16:25:26+00:00,COMPLETED,16,0,
tfv1:002102,342422,ca61pains.de,2026-08-24T16:25:30+00:00,2026-08-24T16:25:31+00:00,COMPLETED,0,0,
tfv1:002103,342510,seatcoversolutions.com,2026-08-24T16:25:34+00:00,2026-08-24T16:25:46+00:00,COMPLETED,0,1,
tfv1:002104,342875,beararchery.com,2026-08-24T16:25:49+00:00,2026-08-24T16:25:51+00:00,COMPLETED,41,0,
tfv1:002105,344607,ecomitram.org,2026-08-24T16:29:12+00:00,2026-08-24T16:29:14+00:00,COMPLETED,0,0,
tfv1:002106,344764,mamibet44.vip,2026-08-24T16:29:18+00:00,2026-08-24T16:29:20+00:00,COMPLETED,0,0,
tfv1:002107,344936,terongbet-uye.lol,2026-08-24T16:29:24+00:00,2026-08-24T16:29:25+00:00,COMPLETED,0,0,
tfv1:002108,345034,coolstays.com,2026-08-24T16:29:33+00:00,2026-08-24T16:29:36+00:00,COMPLETED,0,0,
tfv1:002109,345240,ship.cars,2026-08-24T16:29:41+00:00,2026-08-24T16:29:46+00:00,COMPLETED,50,0,
tfv1:002110,345842,7sc5.casino,2026-08-24T16:29:52+00:00,2026-08-24T16:29:54+00:00,COMPLETED,0,0,
tfv1:002111,345887,wolfswinkel.at,2026-08-24T16:30:00+00:00,2026-08-24T16:30:02+00:00,COMPLETED,0,0,
tfv1:002112,345929,chantecaille.com,2026-08-24T16:30:08+00:00,2026-08-24T16:30:27+00:00,COMPLETED,44,1,
tfv1:002113,346031,fg80.casino,2026-08-24T16:30:35+00:00,2026-08-24T16:30:36+00:00,COMPLETED,0,0,
tfv1:002114,346194,guidetothephilippines.ph,2026-08-24T16:30:42+00:00,2026-08-24T16:31:04+00:00,COMPLETED,0,1,
tfv1:002115,346298,yucrm.ru,2026-08-24T16:31:10+00:00,2026-08-24T16:31:15+00:00,COMPLETED,8,0,
tfv1:002116,346563,astroslotpro.nl,2026-08-24T16:31:21+00:00,2026-08-24T16:31:34+00:00,COMPLETED,0,0,
tfv1:002117,346708,iinet.net,2026-08-24T16:31:41+00:00,2026-08-24T16:31:43+00:00,COMPLETED,4,0,
tfv1:002118,347135,dachshund-owners.co.uk,2026-08-24T16:31:48+00:00,2026-08-24T16:31:59+00:00,COMPLETED,50,0,
tfv1:002119,347247,skyworld28.com,2026-08-24T16:32:05+00:00,2026-08-24T16:32:07+00:00,COMPLETED,0,0,
tfv1:002120,347522,kilat-sengtoto.site,2026-08-24T16:32:14+00:00,2026-08-24T16:32:21+00:00,COMPLETED,0,0,
tfv1:002121,347832,dailycandy.com,2026-08-24T16:32:27+00:00,2026-08-24T16:32:35+00:00,COMPLETED,0,0,
tfv1:002122,348783,mob4gamers.com,2026-08-24T16:32:39+00:00,2026-08-24T16:32:48+00:00,COMPLETED,50,0,
tfv1:002123,349535,picpick.app,2026-08-24T16:32:51+00:00,2026-08-24T16:33:06+00:00,COMPLETED,21,1,
tfv1:002124,349665,trago.co.uk,2026-08-24T16:33:09+00:00,2026-08-24T16:33:10+00:00,COMPLETED,0,0,
tfv1:002125,350363,allfreeknitting.com,2026-08-24T16:33:14+00:00,2026-08-24T16:33:15+00:00,COMPLETED,50,0,
tfv1:002126,350703,pool360.com,2026-08-24T16:33:19+00:00,2026-08-24T16:33:20+00:00,COMPLETED,50,0,
tfv1:002127,351280,asia-u.ac.jp,2026-08-24T16:33:24+00:00,2026-08-24T16:33:27+00:00,COMPLETED,50,0,
tfv1:002128,351447,cimalina.live,2026-08-24T16:33:30+00:00,2026-08-24T16:33:44+00:00,COMPLETED,0,1,
tfv1:002129,353011,ikiu.ac.ir,2026-08-24T16:33:47+00:00,2026-08-24T16:33:49+00:00,COMPLETED,50,0,
tfv1:002130,353087,dealhack.com,2026-08-24T16:35:04+00:00,2026-08-24T16:35:11+00:00,COMPLETED,50,0,
tfv1:002131,353260,virginia-gl.com,2026-08-24T16:35:15+00:00,2026-08-24T16:35:22+00:00,COMPLETED,0,0,
tfv1:002132,353425,thinksteroids.com,2026-08-24T16:35:26+00:00,2026-08-24T16:35:31+00:00,COMPLETED,50,0,
tfv1:002133,354343,biblioteca.org.ar,2026-08-24T16:35:34+00:00,2026-08-24T16:35:38+00:00,COMPLETED,0,0,
tfv1:002134,354376,miraclelinux.net,2026-08-24T16:35:42+00:00,2026-08-24T16:35:44+00:00,COMPLETED,0,0,
tfv1:002135,354522,onlinehile.com,2026-08-24T16:35:48+00:00,2026-08-24T16:35:49+00:00,COMPLETED,0,0,
tfv1:002136,355011,awe.gov.au,2026-08-24T16:35:53+00:00,2026-08-24T16:35:54+00:00,COMPLETED,12,0,
tfv1:002137,355222,factory1688.com,2026-08-24T16:35:58+00:00,2026-08-24T16:36:14+00:00,COMPLETED,0,1,
tfv1:002138,355711,onderwijskiezer.be,2026-08-24T16:36:17+00:00,2026-08-24T16:36:19+00:00,COMPLETED,50,0,
tfv1:002139,356455,contegix.com,2026-08-24T16:36:23+00:00,2026-08-24T16:36:25+00:00,COMPLETED,50,0,
tfv1:002140,356486,568play.vn,2026-08-24T16:36:29+00:00,2026-08-24T16:36:39+00:00,COMPLETED,50,0,
tfv1:002141,357331,dekra.com.br,2026-08-24T16:36:43+00:00,2026-08-24T16:36:49+00:00,COMPLETED,50,0,
tfv1:002142,357578,freehangmangame.com,2026-08-24T16:36:52+00:00,2026-08-24T16:36:54+00:00,COMPLETED,2,0,
tfv1:002143,357688,wahmbahm.com,2026-08-24T16:36:57+00:00,2026-08-24T16:36:58+00:00,COMPLETED,0,0,
tfv1:002144,358256,japanesechefsknife.com,2026-08-24T16:37:02+00:00,2026-08-24T16:37:03+00:00,COMPLETED,1,0,
tfv1:002145,358953,smiling-proxy.de,2026-08-24T16:37:06+00:00,2026-08-24T16:37:09+00:00,COMPLETED,0,0,
tfv1:002146,359194,ca7finallys.de,2026-08-24T16:37:12+00:00,2026-08-24T16:37:13+00:00,COMPLETED,0,0,
tfv1:002147,359206,hku.edu.tr,2026-08-24T16:37:16+00:00,2026-08-24T16:37:19+00:00,COMPLETED,50,0,
tfv1:002148,359612,lancashirecricket.co.uk,2026-08-24T16:37:23+00:00,2026-08-24T16:37:25+00:00,COMPLETED,50,0,
tfv1:002149,359781,vird.co,2026-08-24T16:37:28+00:00,2026-08-24T16:37:34+00:00,COMPLETED,17,0,
tfv1:002150,361281,zingfront.com,2026-08-24T16:37:38+00:00,2026-08-24T16:37:39+00:00,COMPLETED,6,0,
tfv1:002151,361704,westerndepot.com,2026-08-24T16:37:43+00:00,2026-08-24T16:37:44+00:00,COMPLETED,0,0,
tfv1:002152,362882,ennorton.uk,2026-08-24T16:37:47+00:00,2026-08-24T16:37:48+00:00,COMPLETED,2,0,
tfv1:002153,362966,marymorganbooks.com,2026-08-24T16:37:52+00:00,2026-08-24T16:37:55+00:00,COMPLETED,0,0,
tfv1:002154,363409,arthur-conan-doyle.com,2026-08-24T16:37:58+00:00,2026-08-24T16:38:00+00:00,COMPLETED,0,0,
tfv1:002155,364018,modugame.fr,2026-08-24T16:40:53+00:00,2026-08-24T16:40:57+00:00,COMPLETED,50,0,
tfv1:002156,364865,astroslotdesk.nl,2026-08-24T16:41:00+00:00,2026-08-24T16:41:01+00:00,COMPLETED,0,0,
tfv1:002157,365240,fiv.fr,2026-08-24T16:41:05+00:00,2026-08-24T16:41:07+00:00,COMPLETED,50,0,
tfv1:002158,365616,artgerecht.com,2026-08-24T16:41:11+00:00,2026-08-24T16:41:14+00:00,COMPLETED,50,0,
tfv1:002159,365967,photoshoptutorials.ws,2026-08-24T16:41:17+00:00,2026-08-24T16:41:20+00:00,COMPLETED,45,0,
tfv1:002160,366368,lucky88slot.org,2026-08-24T16:41:23+00:00,2026-08-24T16:41:32+00:00,COMPLETED,10,1,
tfv1:002161,366377,american-apartment-owners-association.org,2026-08-24T16:41:36+00:00,2026-08-24T16:41:39+00:00,COMPLETED,50,0,
tfv1:002162,366684,cpugate.com,2026-08-24T16:41:43+00:00,2026-08-24T16:41:44+00:00,COMPLETED,0,0,
tfv1:002163,366895,stopitnow.org,2026-08-24T16:41:48+00:00,2026-08-24T16:41:49+00:00,COMPLETED,50,0,
tfv1:002164,366988,os2.casino,2026-08-24T16:41:53+00:00,2026-08-24T16:41:54+00:00,COMPLETED,0,0,
tfv1:002165,367213,promorapid.com,2026-08-24T16:41:57+00:00,2026-08-24T16:42:03+00:00,COMPLETED,50,0,
tfv1:002166,367859,drugfuture.com,2026-08-24T16:42:06+00:00,2026-08-24T16:42:11+00:00,COMPLETED,50,0,
tfv1:002167,367945,setab.gob.mx,2026-08-24T16:42:14+00:00,2026-08-24T16:42:15+00:00,COMPLETED,3,0,
tfv1:002168,367959,raceview.net,2026-08-24T16:42:18+00:00,2026-08-24T16:42:20+00:00,COMPLETED,6,0,
tfv1:002169,368058,otinasadventures.com,2026-08-24T16:42:23+00:00,2026-08-24T16:42:28+00:00,COMPLETED,50,0,
tfv1:002170,368501,bystronom.ru,2026-08-24T16:42:31+00:00,2026-08-24T16:42:32+00:00,COMPLETED,50,0,
tfv1:002171,368894,kauffer.hu,2026-08-24T16:42:35+00:00,2026-08-24T16:42:37+00:00,COMPLETED,50,0,
tfv1:002172,369797,goinggoinggone.com,2026-08-24T16:42:40+00:00,2026-08-24T16:42:42+00:00,COMPLETED,50,0,
tfv1:002173,369861,bruneau.be,2026-08-24T16:42:45+00:00,2026-08-24T16:42:54+00:00,COMPLETED,50,0,
tfv1:002174,370499,biozonn.com,2026-08-24T16:42:57+00:00,2026-08-24T16:42:59+00:00,COMPLETED,0,0,
tfv1:002175,371751,yunhua56.com,2026-08-24T16:43:02+00:00,2026-08-24T16:43:03+00:00,COMPLETED,6,0,
tfv1:002176,372116,perfumesloewe.com,2026-08-24T16:43:06+00:00,2026-08-24T16:43:15+00:00,COMPLETED,50,0,
tfv1:002177,372283,apolloduck.ie,2026-08-24T16:43:18+00:00,2026-08-24T16:43:20+00:00,COMPLETED,50,0,
tfv1:002178,372373,moon7hes.shop,2026-08-24T16:43:23+00:00,2026-08-24T16:43:25+00:00,COMPLETED,0,0,
tfv1:002179,372528,interdance.ru,2026-08-24T16:43:28+00:00,2026-08-24T16:43:31+00:00,COMPLETED,50,0,
tfv1:002180,373362,bestcrazygames.com,2026-08-24T16:45:11+00:00,2026-08-24T16:45:14+00:00,COMPLETED,50,0,
tfv1:002181,373629,bahlilmemeq.com,2026-08-24T16:45:18+00:00,2026-08-24T16:45:19+00:00,COMPLETED,0,0,
tfv1:002182,374190,pianorewards.com,2026-08-24T16:45:23+00:00,2026-08-24T16:45:26+00:00,COMPLETED,0,0,
tfv1:002183,374411,8934.casino,2026-08-24T16:45:29+00:00,2026-08-24T16:45:33+00:00,COMPLETED,0,0,
tfv1:002184,374491,manlaxy.com,2026-08-24T16:45:36+00:00,2026-08-24T16:45:38+00:00,COMPLETED,0,0,
tfv1:002185,375403,resinartstudio.in,2026-08-24T16:45:42+00:00,2026-08-24T16:45:43+00:00,COMPLETED,8,0,
tfv1:002186,375480,shefaram.muni.il,2026-08-24T16:45:47+00:00,2026-08-24T16:45:49+00:00,COMPLETED,50,0,
tfv1:002187,375588,fitbr.org.br,2026-08-24T16:45:53+00:00,2026-08-24T16:45:55+00:00,COMPLETED,0,0,
tfv1:002188,375778,holacracy.org,2026-08-24T16:45:58+00:00,2026-08-24T16:46:01+00:00,COMPLETED,50,0,
tfv1:002189,375947,mensitaly.com,2026-08-24T16:46:05+00:00,2026-08-24T16:46:06+00:00,COMPLETED,44,0,
tfv1:002190,376602,rc4wd.com,2026-08-24T16:46:09+00:00,2026-08-24T16:46:13+00:00,COMPLETED,50,0,
tfv1:002191,376925,iforgeiron.com,2026-08-24T16:46:16+00:00,2026-08-24T16:46:17+00:00,COMPLETED,0,0,
tfv1:002192,376944,allaboutfeed.net,2026-08-24T16:46:20+00:00,2026-08-24T16:46:25+00:00,COMPLETED,1,0,
tfv1:002193,378190,lgm.group,2026-08-24T16:46:28+00:00,2026-08-24T16:46:30+00:00,COMPLETED,50,0,
tfv1:002194,378411,beelinguapp.com,2026-08-24T16:46:33+00:00,2026-08-24T16:46:35+00:00,COMPLETED,50,0,
tfv1:002195,378766,m5zn.com,2026-08-24T16:46:38+00:00,2026-08-24T16:46:41+00:00,COMPLETED,0,0,
tfv1:002196,379505,riccabona.net,2026-08-24T16:46:44+00:00,2026-08-24T16:46:45+00:00,COMPLETED,0,0,
tfv1:002197,379734,ceomedical.com,2026-08-24T16:46:49+00:00,2026-08-24T16:46:50+00:00,COMPLETED,15,0,
tfv1:002198,380383,ecigclick.co.uk,2026-08-24T16:46:53+00:00,2026-08-24T16:46:55+00:00,COMPLETED,50,0,
tfv1:002199,380558,zamitv.cc,2026-08-24T16:46:58+00:00,2026-08-24T16:46:59+00:00,COMPLETED,0,0,
tfv1:002200,380618,42matters.com,2026-08-24T16:47:03+00:00,2026-08-24T16:47:05+00:00,COMPLETED,50,0,
tfv1:002201,380747,fsdsapps.com,2026-08-24T16:47:09+00:00,2026-08-24T16:47:18+00:00,COMPLETED,0,1,
tfv1:002202,380822,gongju.go.kr,2026-08-24T16:47:22+00:00,2026-08-24T16:47:23+00:00,COMPLETED,50,0,
tfv1:002203,381093,2341.casino,2026-08-24T16:47:27+00:00,2026-08-24T16:47:28+00:00,COMPLETED,0,0,
tfv1:002204,381549,burkeandherbertbank.com,2026-08-24T16:47:31+00:00,2026-08-24T16:47:46+00:00,COMPLETED,50,1,
tfv1:002205,381747,comercialtpv.com,2026-08-24T16:49:02+00:00,2026-08-24T16:49:05+00:00,COMPLETED,0,0,
tfv1:002206,381823,floridawebmasters.com,2026-08-24T16:49:08+00:00,2026-08-24T16:49:10+00:00,COMPLETED,0,0,
tfv1:002207,382188,poweroffice.net,2026-08-24T16:49:13+00:00,2026-08-24T16:49:17+00:00,COMPLETED,11,0,
tfv1:002208,382500,imjmwjegz6.cfd,2026-08-24T16:49:20+00:00,2026-08-24T16:49:21+00:00,COMPLETED,0,0,
tfv1:002209,382990,zee61pages.top,2026-08-24T16:49:25+00:00,2026-08-24T16:49:26+00:00,COMPLETED,0,0,
tfv1:002210,383368,townofcarrizozo.com,2026-08-24T16:49:29+00:00,2026-08-24T16:49:30+00:00,COMPLETED,0,0,
tfv1:002211,383464,ajelix.com,2026-08-24T16:49:33+00:00,2026-08-24T16:49:36+00:00,COMPLETED,50,0,
tfv1:002212,383619,shmf.de,2026-08-24T16:49:40+00:00,2026-08-24T16:49:41+00:00,COMPLETED,50,0,
tfv1:002213,384503,hangar-7.com,2026-08-24T16:49:45+00:00,2026-08-24T16:49:47+00:00,COMPLETED,50,0,
tfv1:002214,384933,mobilpay.ro,2026-08-24T16:49:51+00:00,2026-08-24T16:49:52+00:00,COMPLETED,26,0,
tfv1:002215,384999,yur-gazeta.com,2026-08-24T16:49:56+00:00,2026-08-24T16:49:59+00:00,COMPLETED,50,0,
tfv1:002216,385137,usa61sizes.shop,2026-08-24T16:50:02+00:00,2026-08-24T16:50:04+00:00,COMPLETED,0,0,
tfv1:002217,385623,studioplace.uk,2026-08-24T16:50:07+00:00,2026-08-24T16:50:09+00:00,COMPLETED,0,0,
tfv1:002218,385724,168sd.com,2026-08-24T16:50:12+00:00,2026-08-24T16:50:14+00:00,COMPLETED,1,0,
tfv1:002219,385818,staleks.com,2026-08-24T16:50:17+00:00,2026-08-24T16:50:20+00:00,COMPLETED,50,0,
tfv1:002220,385970,noandishaan.com,2026-08-24T16:50:24+00:00,2026-08-24T16:50:26+00:00,COMPLETED,50,0,
tfv1:002221,386026,holidayhouses.co.nz,2026-08-24T16:50:29+00:00,2026-08-24T16:50:32+00:00,COMPLETED,50,0,
tfv1:002222,386126,gameroom.lt,2026-08-24T16:50:35+00:00,2026-08-24T16:50:39+00:00,COMPLETED,0,0,
tfv1:002223,386140,maisvoip.com.br,2026-08-24T16:50:42+00:00,2026-08-24T16:50:45+00:00,COMPLETED,21,0,
tfv1:002224,387425,moon7untils.xyz,2026-08-24T16:50:48+00:00,2026-08-24T16:50:50+00:00,COMPLETED,0,0,
tfv1:002225,387751,888starz-bet3.com,2026-08-24T16:50:53+00:00,2026-08-24T16:50:55+00:00,COMPLETED,0,0,
tfv1:002226,387808,utz.ru,2026-08-24T16:50:59+00:00,2026-08-24T16:51:00+00:00,COMPLETED,0,0,
tfv1:002227,388795,yourreality.online,2026-08-24T16:51:03+00:00,2026-08-24T16:51:05+00:00,COMPLETED,0,0,
tfv1:002228,389210,arrive.com,2026-08-24T16:51:08+00:00,2026-08-24T16:51:10+00:00,COMPLETED,50,0,
tfv1:002229,389550,uitgekookt.nl,2026-08-24T16:51:13+00:00,2026-08-24T16:51:20+00:00,COMPLETED,50,0,
tfv1:002230,389757,clinicaboli.ru,2026-08-24T16:58:52+00:00,2026-08-24T16:58:55+00:00,COMPLETED,50,0,
tfv1:002231,389849,mirrorcreator.net,2026-08-24T16:58:58+00:00,2026-08-24T16:59:00+00:00,COMPLETED,0,0,
tfv1:002232,390691,yhzn0f.ru,2026-08-24T16:59:03+00:00,2026-08-24T16:59:04+00:00,COMPLETED,0,0,
tfv1:002233,391185,taxfyle.com,2026-08-24T16:59:08+00:00,2026-08-24T16:59:10+00:00,COMPLETED,50,0,
tfv1:002234,392127,automatica-munich.com,2026-08-24T16:59:13+00:00,2026-08-24T16:59:15+00:00,COMPLETED,19,0,
tfv1:002235,392395,cstonghui.com,2026-08-24T16:59:19+00:00,2026-08-24T16:59:20+00:00,COMPLETED,0,0,
tfv1:002236,392993,fvd.net,2026-08-24T16:59:24+00:00,2026-08-24T16:59:27+00:00,COMPLETED,0,0,
tfv1:002237,393020,gameprime.nl,2026-08-24T16:59:30+00:00,2026-08-24T16:59:32+00:00,COMPLETED,0,0,
tfv1:002238,393203,zee7adds.shop,2026-08-24T16:59:35+00:00,2026-08-24T16:59:38+00:00,COMPLETED,0,0,
tfv1:002239,394142,verwoehnwochenende.de,2026-08-24T16:59:42+00:00,2026-08-24T16:59:47+00:00,COMPLETED,50,0,
tfv1:002240,394179,pulseplus.nl,2026-08-24T16:59:50+00:00,2026-08-24T16:59:53+00:00,COMPLETED,0,0,
tfv1:002241,394400,thinkware.com,2026-08-24T16:59:57+00:00,2026-08-24T17:00:00+00:00,COMPLETED,5,0,
tfv1:002242,394521,edudip.market,2026-08-24T17:00:03+00:00,2026-08-24T17:00:22+00:00,COMPLETED,50,1,
tfv1:002243,394611,api.bg,2026-08-24T17:00:25+00:00,2026-08-24T17:00:33+00:00,COMPLETED,36,0,
tfv1:002244,395025,srherald.com,2026-08-24T17:00:37+00:00,2026-08-24T17:00:42+00:00,COMPLETED,0,0,
tfv1:002245,395234,linwood.wine,2026-08-24T17:00:45+00:00,2026-08-24T17:00:49+00:00,COMPLETED,50,0,
tfv1:002246,396233,studyladder.com,2026-08-24T17:00:53+00:00,2026-08-24T17:00:54+00:00,COMPLETED,50,0,
tfv1:002247,396300,flens.de,2026-08-24T17:00:58+00:00,2026-08-24T17:01:00+00:00,COMPLETED,50,0,
tfv1:002248,396929,archery.store,2026-08-24T17:01:03+00:00,2026-08-24T17:01:07+00:00,COMPLETED,0,0,
tfv1:002249,397034,solsea.io,2026-08-24T17:01:11+00:00,2026-08-24T17:01:13+00:00,COMPLETED,50,0,
tfv1:002250,397234,cutlerandgross.com,2026-08-24T17:01:17+00:00,2026-08-24T17:01:24+00:00,COMPLETED,1,0,
tfv1:002251,397240,abplasticsurgery.org,2026-08-24T17:01:28+00:00,2026-08-24T17:01:33+00:00,COMPLETED,14,0,
tfv1:002252,397277,currentserial.net,2026-08-24T17:01:35+00:00,2026-08-24T17:01:37+00:00,COMPLETED,0,0,
tfv1:002253,397330,simpsonsmovie.com,2026-08-24T17:01:40+00:00,2026-08-24T17:01:43+00:00,COMPLETED,0,0,
tfv1:002254,397568,oftwominds.com,2026-08-24T17:01:46+00:00,2026-08-24T17:01:53+00:00,COMPLETED,50,0,
tfv1:002255,397750,zee7childss.shop,2026-08-24T17:03:36+00:00,2026-08-24T17:03:37+00:00,COMPLETED,0,0,
tfv1:002256,398700,wiktionary.com,2026-08-24T17:03:40+00:00,2026-08-24T17:03:41+00:00,COMPLETED,0,0,
tfv1:002257,399496,fusionbrain.ai,2026-08-24T17:03:45+00:00,2026-08-24T17:03:46+00:00,COMPLETED,0,0,
tfv1:002258,399983,liga88888.com,2026-08-24T17:03:50+00:00,2026-08-24T17:03:52+00:00,COMPLETED,0,0,
tfv1:002259,400020,esimg.jp,2026-08-24T17:03:55+00:00,2026-08-24T17:03:57+00:00,COMPLETED,0,0,
tfv1:002260,400096,idc-otsuka.jp,2026-08-24T17:04:00+00:00,2026-08-24T17:04:02+00:00,COMPLETED,50,0,
tfv1:002261,400334,vinhosevinhos.com,2026-08-24T17:04:05+00:00,2026-08-24T17:04:07+00:00,COMPLETED,50,0,
tfv1:002262,400451,aieic.com,2026-08-24T17:04:10+00:00,2026-08-24T17:04:11+00:00,COMPLETED,0,0,
tfv1:002263,400707,zee7explains.de,2026-08-24T17:04:15+00:00,2026-08-24T17:04:17+00:00,COMPLETED,0,0,
tfv1:002264,401198,tnn.tw,2026-08-24T17:04:20+00:00,2026-08-24T17:04:21+00:00,COMPLETED,50,0,
tfv1:002265,401424,iskra.gr,2026-08-24T17:04:25+00:00,2026-08-24T17:04:27+00:00,COMPLETED,0,0,
tfv1:002266,401438,bcpp.cc,2026-08-24T17:04:31+00:00,2026-08-24T17:04:32+00:00,COMPLETED,0,0,
tfv1:002267,401644,qualityinn.com,2026-08-24T17:04:35+00:00,2026-08-24T17:04:37+00:00,COMPLETED,0,0,
tfv1:002268,402213,qoo10.sg,2026-08-24T17:04:40+00:00,2026-08-24T17:04:41+00:00,COMPLETED,0,0,
tfv1:002269,402921,fpmm.fr,2026-08-24T17:04:45+00:00,2026-08-24T17:04:46+00:00,COMPLETED,0,0,
tfv1:002270,402968,sitrus-it.ru,2026-08-24T17:04:50+00:00,2026-08-24T17:04:51+00:00,COMPLETED,2,0,
tfv1:002271,403015,obindex.ru,2026-08-24T17:04:54+00:00,2026-08-24T17:04:56+00:00,COMPLETED,0,0,
tfv1:002272,403835,ystek.com,2026-08-24T17:04:59+00:00,2026-08-24T17:05:00+00:00,COMPLETED,0,0,
tfv1:002273,404085,devinit.org,2026-08-24T17:05:04+00:00,2026-08-24T17:05:05+00:00,COMPLETED,0,0,
tfv1:002274,405140,videakid.hu,2026-08-24T17:05:08+00:00,2026-08-24T17:05:10+00:00,COMPLETED,50,0,
tfv1:002275,405642,iav.immo,2026-08-24T17:05:13+00:00,2026-08-24T17:05:15+00:00,COMPLETED,0,0,
tfv1:002276,406477,phorious.art,2026-08-24T17:05:18+00:00,2026-08-24T17:05:23+00:00,COMPLETED,0,0,
tfv1:002277,406636,biomar.com,2026-08-24T17:05:26+00:00,2026-08-24T17:05:35+00:00,COMPLETED,50,0,
tfv1:002278,407930,topmegavictoryzone.nl,2026-08-24T17:05:38+00:00,2026-08-24T17:05:40+00:00,COMPLETED,0,0,
tfv1:002279,407933,veloplus.ch,2026-08-24T17:05:43+00:00,2026-08-24T17:05:47+00:00,COMPLETED,50,0,
tfv1:002280,407974,lnist.edu.cn,2026-08-24T17:08:12+00:00,2026-08-24T17:08:14+00:00,COMPLETED,50,0,
tfv1:002281,408622,777score.kz,2026-08-24T17:08:17+00:00,2026-08-24T17:08:19+00:00,COMPLETED,0,0,
tfv1:002282,408634,jazzagecomics.com,2026-08-24T17:08:22+00:00,2026-08-24T17:08:23+00:00,COMPLETED,1,0,
tfv1:002283,408928,aramex.net,2026-08-24T17:08:27+00:00,2026-08-24T17:08:28+00:00,COMPLETED,0,0,
tfv1:002284,409033,braspag.com.br,2026-08-24T17:08:31+00:00,2026-08-24T17:08:33+00:00,COMPLETED,1,0,
tfv1:002285,409272,anhaengershop.de,2026-08-24T17:08:36+00:00,2026-08-24T17:08:37+00:00,COMPLETED,50,0,
tfv1:002286,409928,softex.uz,2026-08-24T17:08:41+00:00,2026-08-24T17:08:42+00:00,COMPLETED,1,0,
tfv1:002287,410182,eldoradogold.com,2026-08-24T17:08:46+00:00,2026-08-24T17:08:47+00:00,COMPLETED,50,0,
tfv1:002288,410296,arad.muni.il,2026-08-24T17:08:51+00:00,2026-08-24T17:08:53+00:00,COMPLETED,0,0,
tfv1:002289,410400,gastrolivercarepune.com,2026-08-24T17:08:57+00:00,2026-08-24T17:08:59+00:00,COMPLETED,50,0,
tfv1:002290,410419,solarnavigator.net,2026-08-24T17:09:02+00:00,2026-08-24T17:09:06+00:00,COMPLETED,50,0,
tfv1:002291,410713,viphostingservers.biz,2026-08-24T17:09:10+00:00,2026-08-24T17:09:11+00:00,COMPLETED,1,0,
tfv1:002292,411069,outsoc.com,2026-08-24T17:09:15+00:00,2026-08-24T17:09:16+00:00,COMPLETED,3,0,
tfv1:002293,411180,digitalbook.io,2026-08-24T17:09:19+00:00,2026-08-24T17:09:23+00:00,COMPLETED,50,0,
tfv1:002294,411318,immregistries.org,2026-08-24T17:09:26+00:00,2026-08-24T17:09:28+00:00,COMPLETED,50,0,
tfv1:002295,411397,trassa.win,2026-08-24T17:09:32+00:00,2026-08-24T17:09:33+00:00,COMPLETED,0,0,
tfv1:002296,411612,yunextraffic.com,2026-08-24T17:09:37+00:00,2026-08-24T17:09:38+00:00,COMPLETED,50,0,
tfv1:002297,412034,mailorderbridesasian.com,2026-08-24T17:09:42+00:00,2026-08-24T17:09:43+00:00,COMPLETED,13,0,
tfv1:002298,412461,funandfunction.com,2026-08-24T17:09:47+00:00,2026-08-24T17:09:49+00:00,COMPLETED,50,0,
tfv1:002299,413380,cityofallen.org,2026-08-24T17:09:53+00:00,2026-08-24T17:09:54+00:00,COMPLETED,2,0,
tfv1:002300,413704,bet-shean.org.il,2026-08-24T17:09:58+00:00,2026-08-24T17:10:00+00:00,COMPLETED,0,0,
tfv1:002301,413846,stellarbonushub.nl,2026-08-24T17:10:04+00:00,2026-08-24T17:10:06+00:00,COMPLETED,0,0,
tfv1:002302,414408,your-poetry.com,2026-08-24T17:10:09+00:00,2026-08-24T17:10:11+00:00,COMPLETED,0,0,
tfv1:002303,414896,groupechopard.com,2026-08-24T17:10:14+00:00,2026-08-24T17:10:18+00:00,COMPLETED,50,0,
tfv1:002304,414957,squareone.ca,2026-08-24T17:10:21+00:00,2026-08-24T17:10:23+00:00,COMPLETED,50,0,
tfv1:002305,416477,travelnow.com,2026-08-24T17:10:33+00:00,2026-08-24T17:10:34+00:00,COMPLETED,0,0,
tfv1:002306,417121,talentrecap.com,2026-08-24T17:10:38+00:00,2026-08-24T17:10:43+00:00,COMPLETED,50,0,
tfv1:002307,417170,ctba.org.cn,2026-08-24T17:10:47+00:00,2026-08-24T17:10:48+00:00,COMPLETED,50,0,
tfv1:002308,417234,nextadv.it,2026-08-24T17:10:52+00:00,2026-08-24T17:10:54+00:00,COMPLETED,50,0,
tfv1:002309,417508,gmpartsoutlet.net,2026-08-24T17:10:58+00:00,2026-08-24T17:10:59+00:00,COMPLETED,0,0,
tfv1:002310,417634,ikora.tv,2026-08-24T17:11:02+00:00,2026-08-24T17:11:04+00:00,COMPLETED,0,0,
tfv1:002311,417719,danmonshop.no,2026-08-24T17:11:07+00:00,2026-08-24T17:11:09+00:00,COMPLETED,50,0,
tfv1:002312,418032,myrent.co.nz,2026-08-24T17:11:12+00:00,2026-08-24T17:11:15+00:00,COMPLETED,0,0,
tfv1:002313,418154,regionews.ua,2026-08-24T17:11:19+00:00,2026-08-24T17:11:20+00:00,COMPLETED,50,0,
tfv1:002314,418273,futuretrendmarket.nl,2026-08-24T17:11:24+00:00,2026-08-24T17:11:26+00:00,COMPLETED,0,0,
tfv1:002315,418386,mudu.tv,2026-08-24T17:11:30+00:00,2026-08-24T17:11:31+00:00,COMPLETED,50,0,
tfv1:002316,418640,sunny.org,2026-08-24T17:11:35+00:00,2026-08-24T17:11:36+00:00,COMPLETED,0,0,
tfv1:002317,419126,onlinesport.ro,2026-08-24T17:11:40+00:00,2026-08-24T17:11:41+00:00,COMPLETED,0,0,
tfv1:002318,420279,bestfemaledomination.com,2026-08-24T17:11:45+00:00,2026-08-24T17:11:47+00:00,COMPLETED,50,0,
tfv1:002319,420690,nbc.ua,2026-08-24T17:11:51+00:00,2026-08-24T17:11:52+00:00,COMPLETED,50,0,
tfv1:002320,421511,balena-devices.com,2026-08-24T17:11:56+00:00,2026-08-24T17:11:57+00:00,COMPLETED,0,0,
tfv1:002321,421860,minihim.ru,2026-08-24T17:12:01+00:00,2026-08-24T17:12:02+00:00,COMPLETED,3,0,
tfv1:002322,421960,reorganize.com.br,2026-08-24T17:12:07+00:00,2026-08-24T17:12:09+00:00,COMPLETED,50,0,
tfv1:002323,422683,wzbc.edu.cn,2026-08-24T17:12:13+00:00,2026-08-24T17:12:14+00:00,COMPLETED,50,0,
tfv1:002324,423257,heyrestaurants.co.za,2026-08-24T17:12:18+00:00,2026-08-24T17:12:19+00:00,COMPLETED,0,0,
tfv1:002325,423599,bitstorm.org,2026-08-24T17:12:23+00:00,2026-08-24T17:12:24+00:00,COMPLETED,31,0,
tfv1:002326,425071,nextzenos.com,2026-08-24T17:12:28+00:00,2026-08-24T17:12:29+00:00,COMPLETED,46,0,
tfv1:002327,425593,useityellowpages.com,2026-08-24T17:12:33+00:00,2026-08-24T17:12:34+00:00,COMPLETED,0,0,
tfv1:002328,425947,xuzd6p1a4u8.com,2026-08-24T17:12:37+00:00,2026-08-24T17:12:40+00:00,COMPLETED,0,0,
tfv1:002329,426298,filesforprogress.org,2026-08-24T17:12:44+00:00,2026-08-24T17:12:45+00:00,COMPLETED,0,0,
tfv1:002330,426635,wowanka.com,2026-08-24T17:12:54+00:00,2026-08-24T17:12:55+00:00,COMPLETED,50,0,
tfv1:002331,427175,boschtoolservice.com,2026-08-24T17:12:59+00:00,2026-08-24T17:13:00+00:00,COMPLETED,50,0,
tfv1:002332,427373,lunarjackpot.nl,2026-08-24T17:13:04+00:00,2026-08-24T17:13:05+00:00,COMPLETED,0,0,
tfv1:002333,427757,tutorialrepublic.com,2026-08-24T17:13:09+00:00,2026-08-24T17:13:11+00:00,COMPLETED,50,0,
tfv1:002334,428013,fugucasino8.online,2026-08-24T17:13:14+00:00,2026-08-24T17:13:18+00:00,COMPLETED,0,0,
tfv1:002335,428104,giggetter.com,2026-08-24T17:13:21+00:00,2026-08-24T17:13:25+00:00,COMPLETED,0,0,
tfv1:002336,428287,do.tel,2026-08-24T17:13:29+00:00,2026-08-24T17:13:30+00:00,COMPLETED,5,0,
tfv1:002337,428363,stanley-electric.com,2026-08-24T17:13:33+00:00,2026-08-24T17:13:36+00:00,COMPLETED,50,0,
tfv1:002338,428449,szachownica.com.pl,2026-08-24T17:13:39+00:00,2026-08-24T17:13:41+00:00,COMPLETED,50,0,
tfv1:002339,428454,bonnyasianxxx.com,2026-08-24T17:13:44+00:00,2026-08-24T17:13:45+00:00,COMPLETED,0,0,
tfv1:002340,428764,londonluckguide.uk,2026-08-24T17:13:49+00:00,2026-08-24T17:13:50+00:00,COMPLETED,0,0,
tfv1:002341,429567,stepstojustice.ca,2026-08-24T17:13:54+00:00,2026-08-24T17:13:56+00:00,COMPLETED,50,0,
tfv1:002342,430367,okadabooks.com,2026-08-24T17:13:59+00:00,2026-08-24T17:14:01+00:00,COMPLETED,0,0,
tfv1:002343,430516,rutaliaweb.com,2026-08-24T17:14:04+00:00,2026-08-24T17:14:05+00:00,COMPLETED,0,0,
tfv1:002344,430818,createprintables.com,2026-08-24T17:14:08+00:00,2026-08-24T17:14:10+00:00,COMPLETED,50,0,
tfv1:002345,430943,kingessays.com,2026-08-24T17:14:13+00:00,2026-08-24T17:14:16+00:00,COMPLETED,50,0,
tfv1:002346,431011,kosmetikinstitut-milla.de,2026-08-24T17:14:19+00:00,2026-08-24T17:14:20+00:00,COMPLETED,5,0,
tfv1:002347,431748,faperj.br,2026-08-24T17:14:23+00:00,2026-08-24T17:14:26+00:00,COMPLETED,50,0,
tfv1:002348,431923,awsdns-us-gov-02.us,2026-08-24T17:14:29+00:00,2026-08-24T17:14:31+00:00,COMPLETED,0,0,
tfv1:002349,432498,mtdparts.com,2026-08-24T17:14:35+00:00,2026-08-24T17:14:36+00:00,COMPLETED,18,0,
tfv1:002350,433559,urlku.info,2026-08-24T17:14:39+00:00,2026-08-24T17:14:40+00:00,COMPLETED,2,0,
tfv1:002351,433638,giftcardorder.net,2026-08-24T17:14:44+00:00,2026-08-24T17:14:47+00:00,COMPLETED,6,0,
tfv1:002352,434560,musconeexormia.cyou,2026-08-24T17:14:50+00:00,2026-08-24T17:14:51+00:00,COMPLETED,0,0,
tfv1:002353,434786,silberkraft.com,2026-08-24T17:14:54+00:00,2026-08-24T17:14:57+00:00,COMPLETED,14,0,
tfv1:002354,434809,paphosting.net,2026-08-24T17:15:00+00:00,2026-08-24T17:15:01+00:00,COMPLETED,2,0,
tfv1:002355,435015,primeres.com,2026-08-24T17:15:11+00:00,2026-08-24T17:15:12+00:00,COMPLETED,24,0,
tfv1:002356,435792,prvlb.net,2026-08-24T17:15:16+00:00,2026-08-24T17:15:17+00:00,COMPLETED,0,0,
tfv1:002357,435948,alphacenterfocus.nl,2026-08-24T17:15:21+00:00,2026-08-24T17:15:22+00:00,COMPLETED,0,0,
tfv1:002358,436002,supply.parts,2026-08-24T17:15:26+00:00,2026-08-24T17:15:27+00:00,COMPLETED,0,0,
tfv1:002359,436008,pornhd.sex,2026-08-24T17:15:30+00:00,2026-08-24T17:15:31+00:00,COMPLETED,0,0,
tfv1:002360,436597,hqgjfd.cn,2026-08-24T17:15:35+00:00,2026-08-24T17:15:38+00:00,COMPLETED,0,0,
tfv1:002361,437006,vets.ne.jp,2026-08-24T17:15:42+00:00,2026-08-24T17:15:43+00:00,COMPLETED,50,0,
tfv1:002362,437064,modengine.net,2026-08-24T17:15:47+00:00,2026-08-24T17:15:50+00:00,COMPLETED,50,0,
tfv1:002363,437208,severalmovies.com,2026-08-24T17:15:53+00:00,2026-08-24T17:15:55+00:00,COMPLETED,0,0,
tfv1:002364,437940,lunar.icu,2026-08-24T17:15:58+00:00,2026-08-24T17:16:07+00:00,COMPLETED,0,0,
tfv1:002365,438132,ecweb.jp,2026-08-24T17:16:11+00:00,2026-08-24T17:16:13+00:00,COMPLETED,50,0,
tfv1:002366,438315,fmic.eu,2026-08-24T17:16:17+00:00,2026-08-24T17:16:19+00:00,COMPLETED,50,0,
tfv1:002367,438448,jurivis.com,2026-08-24T17:16:23+00:00,2026-08-24T17:16:24+00:00,COMPLETED,22,0,
tfv1:002368,438910,brasilbd.com,2026-08-24T17:16:28+00:00,2026-08-24T17:16:30+00:00,COMPLETED,0,0,
tfv1:002369,438987,gardaoto.com,2026-08-24T17:16:34+00:00,2026-08-24T17:16:36+00:00,COMPLETED,50,0,
tfv1:002370,439040,2209.casino,2026-08-24T17:16:39+00:00,2026-08-24T17:16:40+00:00,COMPLETED,0,0,
tfv1:002371,439054,stormwindstudios.com,2026-08-24T17:16:44+00:00,2026-08-24T17:16:46+00:00,COMPLETED,50,0,
tfv1:002372,439111,allithypermarket.com.my,2026-08-24T17:16:50+00:00,2026-08-24T17:16:51+00:00,COMPLETED,0,0,
tfv1:002373,439180,financialsoccer.com,2026-08-24T17:16:55+00:00,2026-08-24T17:16:57+00:00,COMPLETED,41,0,
tfv1:002374,440140,tanishq.com,2026-08-24T17:17:00+00:00,2026-08-24T17:17:01+00:00,COMPLETED,0,0,
tfv1:002375,440531,myimaginestore.com,2026-08-24T17:17:05+00:00,2026-08-24T17:17:06+00:00,COMPLETED,30,0,
tfv1:002376,440601,fatamorgana.fr,2026-08-24T17:17:10+00:00,2026-08-24T17:17:13+00:00,COMPLETED,50,0,
tfv1:002377,440685,megannielsen.com,2026-08-24T17:17:16+00:00,2026-08-24T17:17:17+00:00,COMPLETED,2,0,
tfv1:002378,440712,webcravings.com,2026-08-24T17:17:21+00:00,2026-08-24T17:17:23+00:00,COMPLETED,0,0,
tfv1:002379,442467,consultingroom.com,2026-08-24T17:17:26+00:00,2026-08-24T17:17:27+00:00,COMPLETED,50,0,
tfv1:002380,442853,thedailyhorn.com,2026-08-24T17:17:37+00:00,2026-08-24T17:17:39+00:00,COMPLETED,50,0,
tfv1:002381,442896,poehali.dev,2026-08-24T17:17:42+00:00,2026-08-24T17:17:44+00:00,COMPLETED,19,0,
tfv1:002382,443809,sparkydates.com,2026-08-24T17:17:47+00:00,2026-08-24T17:17:49+00:00,COMPLETED,0,0,
tfv1:002383,444221,shqkxh.org,2026-08-24T17:17:52+00:00,2026-08-24T17:17:54+00:00,COMPLETED,50,0,
tfv1:002384,445911,zenvectordirect.nl,2026-08-24T17:17:57+00:00,2026-08-24T17:17:58+00:00,COMPLETED,0,0,
tfv1:002385,446582,edinavigator.com,2026-08-24T17:18:02+00:00,2026-08-24T17:18:03+00:00,COMPLETED,0,0,
tfv1:002386,447910,bleap.finance,2026-08-24T17:18:07+00:00,2026-08-24T17:18:10+00:00,COMPLETED,50,0,
tfv1:002387,449404,dsvavto.ua,2026-08-24T17:18:14+00:00,2026-08-24T17:18:25+00:00,COMPLETED,0,1,
tfv1:002388,450039,dyestatcamps.com,2026-08-24T17:18:28+00:00,2026-08-24T17:18:29+00:00,COMPLETED,2,0,
tfv1:002389,450048,daddysdeals.co.za,2026-08-24T17:18:33+00:00,2026-08-24T17:18:48+00:00,COMPLETED,50,1,
tfv1:002390,450241,rtp.ru,2026-08-24T17:18:52+00:00,2026-08-24T17:18:54+00:00,COMPLETED,50,0,
tfv1:002391,450384,youraccessone.com,2026-08-24T17:18:58+00:00,2026-08-24T17:18:59+00:00,COMPLETED,13,0,
tfv1:002392,451054,insideweather.com,2026-08-24T17:19:02+00:00,2026-08-24T17:19:05+00:00,COMPLETED,23,0,
tfv1:002393,451270,bindt.org,2026-08-24T17:19:08+00:00,2026-08-24T17:19:11+00:00,COMPLETED,50,0,
tfv1:002394,451632,companieshistory.com,2026-08-24T17:19:14+00:00,2026-08-24T17:19:15+00:00,COMPLETED,0,0,
tfv1:002395,452119,rail-club.ru,2026-08-24T17:19:19+00:00,2026-08-24T17:19:20+00:00,COMPLETED,50,0,
tfv1:002396,452159,aetnainternational.com,2026-08-24T17:19:24+00:00,2026-08-24T17:19:25+00:00,COMPLETED,50,0,
tfv1:002397,452373,dx-world.net,2026-08-24T17:19:29+00:00,2026-08-24T17:19:31+00:00,COMPLETED,0,0,
tfv1:002398,452655,scicomm.xyz,2026-08-24T17:19:34+00:00,2026-08-24T17:19:37+00:00,COMPLETED,50,0,
tfv1:002399,453059,clientbook.com,2026-08-24T17:19:41+00:00,2026-08-24T17:19:42+00:00,COMPLETED,50,0,
tfv1:002400,453153,cliqafriq.com,2026-08-24T17:19:46+00:00,2026-08-24T17:19:47+00:00,COMPLETED,0,0,
tfv1:002401,453155,drivechipandputt.com,2026-08-24T17:19:50+00:00,2026-08-24T17:19:55+00:00,COMPLETED,50,0,
tfv1:002402,453467,jet.lv,2026-08-24T17:19:58+00:00,2026-08-24T17:20:00+00:00,COMPLETED,50,0,
tfv1:002403,454084,footbikn.live,2026-08-24T17:20:03+00:00,2026-08-24T17:20:04+00:00,COMPLETED,0,0,
tfv1:002404,454542,huddlecommunity.com,2026-08-24T17:20:08+00:00,2026-08-24T17:20:09+00:00,COMPLETED,0,0,
tfv1:002405,454817,byd-seal-forum.de,2026-08-24T17:20:19+00:00,2026-08-24T17:20:21+00:00,COMPLETED,50,0,
tfv1:002406,455234,edgeku.com,2026-08-24T17:20:24+00:00,2026-08-24T17:20:25+00:00,COMPLETED,0,0,
tfv1:002407,457192,cobleskill.edu,2026-08-24T17:20:29+00:00,2026-08-24T17:20:32+00:00,COMPLETED,50,0,
tfv1:002408,457482,9655.casino,2026-08-24T17:20:36+00:00,2026-08-24T17:20:37+00:00,COMPLETED,0,0,
tfv1:002409,457636,blognlmedia.nl,2026-08-24T17:20:41+00:00,2026-08-24T17:20:42+00:00,COMPLETED,0,0,
tfv1:002410,458063,hzbank.com.cn,2026-08-24T17:20:46+00:00,2026-08-24T17:20:47+00:00,COMPLETED,0,0,
tfv1:002411,458378,palmone.com,2026-08-24T17:20:50+00:00,2026-08-24T17:20:52+00:00,COMPLETED,0,0,
tfv1:002412,458511,callcreditsecure.co.uk,2026-08-24T17:20:55+00:00,2026-08-24T17:20:57+00:00,COMPLETED,0,0,
tfv1:002413,458865,mistral.com.br,2026-08-24T17:21:00+00:00,2026-08-24T17:21:02+00:00,COMPLETED,50,0,
tfv1:002414,459006,delonghi.ru,2026-08-24T17:21:05+00:00,2026-08-24T17:21:08+00:00,COMPLETED,50,0,
tfv1:002415,460003,invisalign.com.vn,2026-08-24T17:21:12+00:00,2026-08-24T17:21:13+00:00,COMPLETED,50,0,
tfv1:002416,460017,jago777mantul.xyz,2026-08-24T17:21:17+00:00,2026-08-24T17:21:19+00:00,COMPLETED,0,0,
tfv1:002417,460673,psosahulat.com.pk,2026-08-24T17:21:22+00:00,2026-08-24T17:21:25+00:00,COMPLETED,0,0,
tfv1:002418,460676,puntoscencosud.cl,2026-08-24T17:21:29+00:00,2026-08-24T17:21:30+00:00,COMPLETED,1,0,
tfv1:002419,460755,ridesplus.co.za,2026-08-24T17:21:33+00:00,2026-08-24T17:21:34+00:00,COMPLETED,1,0,
tfv1:002420,460926,socialshyri.in,2026-08-24T17:21:38+00:00,2026-08-24T17:21:39+00:00,COMPLETED,7,0,
tfv1:002421,460945,sportsflair.in,2026-08-24T17:21:43+00:00,2026-08-24T17:21:44+00:00,COMPLETED,50,0,
tfv1:002422,461642,lancom.gr,2026-08-24T17:21:48+00:00,2026-08-24T17:21:49+00:00,COMPLETED,32,0,
tfv1:002423,462472,centraldevacaciones.com,2026-08-24T17:21:53+00:00,2026-08-24T17:21:55+00:00,COMPLETED,50,0,
tfv1:002424,463249,pays-saint-flour.fr,2026-08-24T17:21:58+00:00,2026-08-24T17:22:00+00:00,COMPLETED,0,0,
tfv1:002425,463844,einhell-live.de,2026-08-24T17:22:04+00:00,2026-08-24T17:22:05+00:00,COMPLETED,7,0,
tfv1:002426,464533,claytonutz.com,2026-08-24T17:22:08+00:00,2026-08-24T17:22:09+00:00,COMPLETED,0,0,
tfv1:002427,465394,999eagle.moe,2026-08-24T17:22:13+00:00,2026-08-24T17:22:16+00:00,COMPLETED,50,0,
tfv1:002428,465572,home-home.org,2026-08-24T17:22:20+00:00,2026-08-24T17:22:29+00:00,COMPLETED,25,1,
tfv1:002429,465834,bodyrubsmap.com,2026-08-24T17:22:32+00:00,2026-08-24T17:22:33+00:00,COMPLETED,0,0,
tfv1:002430,466331,bosley.com,2026-08-24T17:22:43+00:00,2026-08-24T17:22:44+00:00,COMPLETED,50,0,
tfv1:002431,466351,diningroomsoutlet.com,2026-08-24T17:22:48+00:00,2026-08-24T17:22:50+00:00,COMPLETED,0,0,
tfv1:002432,467043,covercaratulas.com,2026-08-24T17:22:54+00:00,2026-08-24T17:22:55+00:00,COMPLETED,0,0,
tfv1:002433,467132,technocorebd.com,2026-08-24T17:22:59+00:00,2026-08-24T17:23:00+00:00,COMPLETED,3,0,
tfv1:002434,467332,lordfilmik.lol,2026-08-24T17:23:04+00:00,2026-08-24T17:23:05+00:00,COMPLETED,0,0,
tfv1:002435,467945,epasskorea.com,2026-08-24T17:23:09+00:00,2026-08-24T17:23:11+00:00,COMPLETED,50,0,
tfv1:002436,470507,estibot.com,2026-08-24T17:23:14+00:00,2026-08-24T17:23:15+00:00,COMPLETED,0,0,
tfv1:002437,470865,ninjaorigin.com,2026-08-24T17:23:19+00:00,2026-08-24T17:23:20+00:00,COMPLETED,0,0,
tfv1:002438,470884,thefinanser.com,2026-08-24T17:23:24+00:00,2026-08-24T17:23:26+00:00,COMPLETED,50,0,
tfv1:002439,470948,rddm.team,2026-08-24T17:23:30+00:00,2026-08-24T17:23:32+00:00,COMPLETED,0,0,
tfv1:002440,471649,spanset.com,2026-08-24T17:23:36+00:00,2026-08-24T17:23:37+00:00,COMPLETED,0,0,
tfv1:002441,471757,seiburealsol.jp,2026-08-24T17:23:41+00:00,2026-08-24T17:23:42+00:00,COMPLETED,0,0,
tfv1:002442,472082,com-s02.net,2026-08-24T17:23:45+00:00,2026-08-24T17:23:46+00:00,COMPLETED,0,0,
tfv1:002443,472397,maplepalaceexpress.nl,2026-08-24T17:23:50+00:00,2026-08-24T17:23:52+00:00,COMPLETED,0,0,
tfv1:002444,472474,neuve-a.net,2026-08-24T17:23:55+00:00,2026-08-24T17:23:57+00:00,COMPLETED,50,0,
tfv1:002445,473180,tex-lock.com,2026-08-24T17:24:00+00:00,2026-08-24T17:24:02+00:00,COMPLETED,50,0,
tfv1:002446,473564,size-factory.com,2026-08-24T17:24:06+00:00,2026-08-24T17:24:07+00:00,COMPLETED,0,0,
tfv1:002447,475648,financemycare.com,2026-08-24T17:24:11+00:00,2026-08-24T17:24:12+00:00,COMPLETED,0,0,
tfv1:002448,475834,mouthsofmums.com.au,2026-08-24T17:24:15+00:00,2026-08-24T17:24:17+00:00,COMPLETED,50,0,
tfv1:002449,476436,supersklep.cz,2026-08-24T17:24:20+00:00,2026-08-24T17:24:22+00:00,COMPLETED,50,0,
tfv1:002450,476536,lewismasonic.co.uk,2026-08-24T17:24:25+00:00,2026-08-24T17:24:27+00:00,COMPLETED,50,0,
tfv1:002451,476836,visio.org,2026-08-24T17:24:31+00:00,2026-08-24T17:24:32+00:00,COMPLETED,50,0,
tfv1:002452,477451,advocate-art.com,2026-08-24T17:24:36+00:00,2026-08-24T17:24:37+00:00,COMPLETED,0,0,
tfv1:002453,477597,teamskeettube.com,2026-08-24T17:24:40+00:00,2026-08-24T17:24:41+00:00,COMPLETED,0,0,
tfv1:002454,478076,tonestarhit.co.uk,2026-08-24T17:24:45+00:00,2026-08-24T17:24:46+00:00,COMPLETED,0,0,
tfv1:002455,478616,lunarway.com,2026-08-24T17:24:56+00:00,2026-08-24T17:24:58+00:00,COMPLETED,11,0,
tfv1:002456,478804,szikla.hu,2026-08-24T17:25:01+00:00,2026-08-24T17:25:05+00:00,COMPLETED,50,0,
tfv1:002457,480152,v4musclebike.com,2026-08-24T17:25:09+00:00,2026-08-24T17:25:10+00:00,COMPLETED,0,0,
tfv1:002458,480445,jellonacasinos.fi,2026-08-24T17:25:14+00:00,2026-08-24T17:25:15+00:00,COMPLETED,0,0,
tfv1:002459,481300,premiumservicesleiden.nl,2026-08-24T17:25:19+00:00,2026-08-24T17:25:20+00:00,COMPLETED,0,0,
tfv1:002460,481331,hyderabadwater.gov.in,2026-08-24T17:25:23+00:00,2026-08-24T17:25:24+00:00,COMPLETED,9,0,
tfv1:002461,481800,soccervictor.com,2026-08-24T17:25:28+00:00,2026-08-24T17:25:29+00:00,COMPLETED,0,0,
tfv1:002462,483046,buale.cl,2026-08-24T17:25:33+00:00,2026-08-24T17:25:35+00:00,COMPLETED,50,0,
tfv1:002463,483658,myjunban.com,2026-08-24T17:25:39+00:00,2026-08-24T17:25:41+00:00,COMPLETED,0,0,
tfv1:002464,484130,vocationaltraininghub.com,2026-08-24T17:25:45+00:00,2026-08-24T17:25:46+00:00,COMPLETED,9,0,
tfv1:002465,484600,inquirernetwork.net,2026-08-24T17:25:49+00:00,2026-08-24T17:25:55+00:00,COMPLETED,0,0,
tfv1:002466,484819,sofija.ru,2026-08-24T17:25:59+00:00,2026-08-24T17:26:01+00:00,COMPLETED,50,0,
tfv1:002467,485584,aerospace-technology.com,2026-08-24T17:26:04+00:00,2026-08-24T17:26:08+00:00,COMPLETED,0,0,
tfv1:002468,485607,christtheking-bellevue.org,2026-08-24T17:26:11+00:00,2026-08-24T17:26:15+00:00,COMPLETED,0,0,
tfv1:002469,486455,tryhalogrow.com,2026-08-24T17:26:19+00:00,2026-08-24T17:26:22+00:00,COMPLETED,26,0,
tfv1:002470,486536,porti.ru,2026-08-24T17:26:26+00:00,2026-08-24T17:26:28+00:00,COMPLETED,50,0,
tfv1:002471,487289,expensepoint.com,2026-08-24T17:26:32+00:00,2026-08-24T17:26:34+00:00,COMPLETED,50,0,
tfv1:002472,488738,bambinou.com,2026-08-24T17:26:38+00:00,2026-08-24T17:26:39+00:00,COMPLETED,50,0,
tfv1:002473,488973,ballottrax.net,2026-08-24T17:26:43+00:00,2026-08-24T17:26:45+00:00,COMPLETED,17,0,
tfv1:002474,489108,sti-edu.net,2026-08-24T17:26:48+00:00,2026-08-24T17:26:50+00:00,COMPLETED,0,0,
tfv1:002475,489480,faurealcarhire.co.za,2026-08-24T17:26:53+00:00,2026-08-24T17:26:57+00:00,COMPLETED,0,0,
tfv1:002476,490250,mossadams.ma,2026-08-24T17:27:01+00:00,2026-08-24T17:27:02+00:00,COMPLETED,0,0,
tfv1:002477,491310,zupmvenw.cn,2026-08-24T17:27:06+00:00,2026-08-24T17:27:25+00:00,FAILED,0,1,HTTP_504
tfv1:002478,492203,albapc.co.kr,2026-08-24T17:27:28+00:00,2026-08-24T17:27:30+00:00,COMPLETED,0,0,
tfv1:002479,492224,updatenlmedia.nl,2026-08-24T17:27:34+00:00,2026-08-24T17:27:35+00:00,COMPLETED,0,0,
tfv1:002480,492303,spingalaxy.com,2026-08-24T17:27:45+00:00,2026-08-24T17:27:46+00:00,COMPLETED,0,0,
tfv1:002481,493093,wtmtv.com,2026-08-24T17:27:50+00:00,2026-08-24T17:27:51+00:00,COMPLETED,0,0,
tfv1:002482,494153,wwjohnston.net,2026-08-24T17:27:55+00:00,2026-08-24T17:27:56+00:00,COMPLETED,0,0,
tfv1:002483,494587,canada247.info,2026-08-24T17:27:59+00:00,2026-08-24T17:28:01+00:00,COMPLETED,50,0,
tfv1:002484,494764,gyo.ne.jp,2026-08-24T17:28:04+00:00,2026-08-24T17:28:06+00:00,COMPLETED,0,0,
tfv1:002485,494778,lapiadineria.com,2026-08-24T17:28:09+00:00,2026-08-24T17:28:12+00:00,COMPLETED,0,0,
tfv1:002486,494970,herzacloud.com,2026-08-24T17:28:15+00:00,2026-08-24T17:28:16+00:00,COMPLETED,1,0,
tfv1:002487,495036,safari.com,2026-08-24T17:28:20+00:00,2026-08-24T17:28:23+00:00,COMPLETED,50,0,
tfv1:002488,496140,mercury.com.au,2026-08-24T17:28:26+00:00,2026-08-24T17:28:28+00:00,COMPLETED,0,0,
tfv1:002489,496653,q-tickets.com,2026-08-24T17:28:32+00:00,2026-08-24T17:28:33+00:00,COMPLETED,50,0,
tfv1:002490,496805,kitplanes.com,2026-08-24T17:28:37+00:00,2026-08-24T17:28:39+00:00,COMPLETED,50,0,
tfv1:002491,496837,fitnessfood.com,2026-08-24T17:28:43+00:00,2026-08-24T17:28:45+00:00,COMPLETED,50,0,
tfv1:002492,497788,service-partners.com,2026-08-24T17:28:48+00:00,2026-08-24T17:28:49+00:00,COMPLETED,0,0,
tfv1:002493,497827,ansertracker.com,2026-08-24T17:28:53+00:00,2026-08-24T17:28:54+00:00,COMPLETED,0,0,
tfv1:002494,498378,wexthuset.com,2026-08-24T17:28:58+00:00,2026-08-24T17:29:00+00:00,COMPLETED,50,0,
tfv1:002495,498488,sehgalmotors.pk,2026-08-24T17:29:03+00:00,2026-08-24T17:29:04+00:00,COMPLETED,2,0,
tfv1:002496,498567,bibi-car.ru,2026-08-24T17:29:08+00:00,2026-08-24T17:29:09+00:00,COMPLETED,7,0,
tfv1:002497,498656,registrasimandalawaluya.ac.id,2026-08-24T17:29:13+00:00,2026-08-24T17:29:15+00:00,COMPLETED,0,0,
tfv1:002498,498729,memonotepad.com,2026-08-24T17:29:19+00:00,2026-08-24T17:29:20+00:00,COMPLETED,0,0,
tfv1:002499,498898,ugo.ru,2026-08-24T17:29:24+00:00,2026-08-24T17:29:25+00:00,COMPLETED,0,0,
tfv1:002500,499769,politix.co.nz,2026-08-24T17:29:29+00:00,2026-08-24T17:29:31+00:00,COMPLETED,50,0,
